2026-10-04T21:22:01.7547319Z Current runner version: '2.337.0'
2026-10-04T21:22:01.7568443Z ##[group]Runner Image Provisioner
2026-10-04T21:22:01.7569230Z Hosted Compute Agent
2026-10-04T21:22:01.7569800Z Version: 20260901.588
2026-10-04T21:22:01.7570508Z Commit: f88ec8081b781fac6c440065ac7ff9e710ce3d0b
2026-10-04T21:22:01.7571206Z Build Date: 2026-09-01T19:56:44Z
2026-10-04T21:22:01.7571788Z Worker ID: {63d391ba-fa6f-4f54-8008-cf50541b39b6}
2026-10-04T21:22:01.7572407Z Azure Region: centralus
2026-10-04T21:22:01.7572938Z ##[endgroup]
2026-10-04T21:22:01.7574155Z ##[group]Operating System
2026-10-04T21:22:01.7574684Z Ubuntu
2026-10-04T21:22:01.7575144Z 24.04.5
2026-10-04T21:22:01.7575609Z LTS
2026-10-04T21:22:01.7576370Z ##[endgroup]
2026-10-04T21:22:01.7576851Z ##[group]Runner Image
2026-10-04T21:22:01.7577400Z Image: ubuntu-24.04
2026-10-04T21:22:01.7577889Z Version: 20260927.320.1
2026-10-04T21:22:01.7578978Z Included Software: https://github.com/actions/runner-images/blob/ubuntu24/20260927.320/images/ubuntu/Ubuntu2404-Readme.md
2026-10-04T21:22:01.7580526Z Image Release: https://github.com/actions/runner-images/releases/tag/ubuntu24%2F20260927.320
2026-10-04T21:22:01.7581378Z ##[endgroup]
2026-10-04T21:22:01.7582327Z ##[group]GITHUB_TOKEN Permissions
2026-10-04T21:22:01.7584357Z Contents: read
2026-10-04T21:22:01.7584876Z Metadata: read
2026-10-04T21:22:01.7585355Z ##[endgroup]
2026-10-04T21:22:01.7587168Z Secret source: Actions
2026-10-04T21:22:01.7588000Z Cache mode: write
2026-10-04T21:22:01.7588657Z Prepare workflow directory
2026-10-04T21:22:01.8383416Z Prepare all required actions
2026-10-04T21:22:01.8424922Z Getting action download info
2026-10-04T21:22:02.0740442Z Download action repository 'actions/checkout@v4' (SHA:11d5960a326750d5838078e36cf38b85af677262)
2026-10-04T21:22:02.1789613Z Download action repository 'actions/setup-node@v4' (SHA:49933ea5288caeca8642d1e84afbd3f7d6820020)
2026-10-04T21:22:02.2943301Z Download action repository 'actions/upload-artifact@v4' (SHA:ea165f8d65b6e75b540449e92b4886f43607fa02)
2026-10-04T21:22:02.4947146Z Complete job name: adapters (chromium)
2026-10-04T21:22:02.5524780Z ##[group]Run actions/checkout@v4
2026-10-04T21:22:02.5525483Z with:
2026-10-04T21:22:02.5525905Z   fetch-depth: 0
2026-10-04T21:22:02.5526413Z   repository: nhiennhientran/hsk-hub
2026-10-04T21:22:02.5529926Z   token: ***
2026-10-04T21:22:02.5530604Z   ssh-strict: true
2026-10-04T21:22:02.5531054Z   ssh-user: git
2026-10-04T21:22:02.5531490Z   persist-credentials: true
2026-10-04T21:22:02.5532000Z   clean: true
2026-10-04T21:22:02.5532469Z   sparse-checkout-cone-mode: true
2026-10-04T21:22:02.5532977Z   fetch-tags: false
2026-10-04T21:22:02.5533426Z   show-progress: true
2026-10-04T21:22:02.5533870Z   lfs: false
2026-10-04T21:22:02.5534300Z   submodules: false
2026-10-04T21:22:02.5534745Z   set-safe-directory: true
2026-10-04T21:22:02.5535292Z   allow-unsafe-pr-checkout: false
2026-10-04T21:22:02.5535940Z env:
2026-10-04T21:22:02.5536364Z   HSK_ADAPTER_CI_BROWSER: chromium
2026-10-04T21:22:02.5536878Z ##[endgroup]
2026-10-04T21:22:02.6404959Z Syncing repository: nhiennhientran/hsk-hub
2026-10-04T21:22:02.6407504Z ##[group]Getting Git version info
2026-10-04T21:22:02.6408333Z Working directory is '/home/runner/work/hsk-hub/hsk-hub'
2026-10-04T21:22:02.6409364Z [command]/usr/bin/git version
2026-10-04T21:22:02.6483321Z git version 2.55.0
2026-10-04T21:22:02.6500511Z ##[endgroup]
2026-10-04T21:22:02.6522463Z Temporarily overriding HOME='/home/runner/work/_temp/806d15e4-20bc-4684-9fd6-830f4fcb7873' before making global git config changes
2026-10-04T21:22:02.6524459Z Adding repository directory to the temporary git global config as a safe directory
2026-10-04T21:22:02.6526964Z [command]/usr/bin/git config --global --add safe.directory /home/runner/work/hsk-hub/hsk-hub
2026-10-04T21:22:02.6571399Z Deleting the contents of '/home/runner/work/hsk-hub/hsk-hub'
2026-10-04T21:22:02.6575439Z ##[group]Initializing the repository
2026-10-04T21:22:02.6579731Z [command]/usr/bin/git init /home/runner/work/hsk-hub/hsk-hub
2026-10-04T21:22:02.6688687Z hint: Using 'master' as the name for the initial branch. This default branch name
2026-10-04T21:22:02.6690700Z hint: will change to "main" in Git 3.0. To configure the initial branch name
2026-10-04T21:22:02.6691767Z hint: to use in all of your new repositories, which will suppress this warning,
2026-10-04T21:22:02.6692806Z hint: call:
2026-10-04T21:22:02.6693430Z hint:
2026-10-04T21:22:02.6694157Z hint: 	git config --global init.defaultBranch <name>
2026-10-04T21:22:02.6694901Z hint:
2026-10-04T21:22:02.6695585Z hint: Names commonly chosen instead of 'master' are 'main', 'trunk' and
2026-10-04T21:22:02.6696446Z hint: 'development'. The just-created branch can be renamed via this command:
2026-10-04T21:22:02.6697130Z hint:
2026-10-04T21:22:02.6697589Z hint: 	git branch -m <name>
2026-10-04T21:22:02.6698066Z hint:
2026-10-04T21:22:02.6698786Z hint: Disable this message with "git config set advice.defaultBranchName false"
2026-10-04T21:22:02.6699968Z Initialized empty Git repository in /home/runner/work/hsk-hub/hsk-hub/.git/
2026-10-04T21:22:02.6702301Z [command]/usr/bin/git remote add origin https://github.com/nhiennhientran/hsk-hub
2026-10-04T21:22:02.6741659Z ##[endgroup]
2026-10-04T21:22:02.6742427Z ##[group]Disabling automatic garbage collection
2026-10-04T21:22:02.6745599Z [command]/usr/bin/git config --local gc.auto 0
2026-10-04T21:22:02.6770619Z ##[endgroup]
2026-10-04T21:22:02.6771440Z ##[group]Setting up auth
2026-10-04T21:22:02.6776971Z [command]/usr/bin/git config --local --name-only --get-regexp core\.sshCommand
2026-10-04T21:22:02.6802801Z [command]/usr/bin/git submodule foreach --recursive sh -c "git config --local --name-only --get-regexp 'core\.sshCommand' && git config --local --unset-all 'core.sshCommand' || :"
2026-10-04T21:22:02.7117090Z [command]/usr/bin/git config --local --name-only --get-regexp http\.https\:\/\/github\.com\/\.extraheader
2026-10-04T21:22:02.7143444Z [command]/usr/bin/git submodule foreach --recursive sh -c "git config --local --name-only --get-regexp 'http\.https\:\/\/github\.com\/\.extraheader' && git config --local --unset-all 'http.https://github.com/.extraheader' || :"
2026-10-04T21:22:02.7328317Z [command]/usr/bin/git config --local --name-only --get-regexp ^includeIf\.gitdir:
2026-10-04T21:22:02.7359265Z [command]/usr/bin/git submodule foreach --recursive git config --local --show-origin --name-only --get-regexp remote.origin.url
2026-10-04T21:22:02.7517918Z [command]/usr/bin/git config --local http.https://github.com/.extraheader AUTHORIZATION: basic ***
2026-10-04T21:22:02.7547470Z ##[endgroup]
2026-10-04T21:22:02.7548546Z ##[group]Fetching the repository
2026-10-04T21:22:02.7555633Z [command]/usr/bin/git -c protocol.version=2 fetch --prune --no-recurse-submodules origin +refs/heads/*:refs/remotes/origin/* +refs/tags/*:refs/tags/*
2026-10-04T21:22:20.9256948Z From https://github.com/nhiennhientran/hsk-hub
2026-10-04T21:22:20.9259697Z  * [new branch]      agent/fix-hsk12-audit-newhsk-false-positive -> origin/agent/fix-hsk12-audit-newhsk-false-positive
2026-10-04T21:22:20.9264076Z  * [new branch]      agent/hsk-hub-structural-audit -> origin/agent/hsk-hub-structural-audit
2026-10-04T21:22:20.9267894Z  * [new branch]      agent/hsk1-audio-architecture-cache-bust -> origin/agent/hsk1-audio-architecture-cache-bust
2026-10-04T21:22:20.9271560Z  * [new branch]      agent/hsk1-audio-architecture-cleanup -> origin/agent/hsk1-audio-architecture-cleanup
2026-10-04T21:22:20.9274277Z  * [new branch]      agent/hsk1-audio-code  -> origin/agent/hsk1-audio-code
2026-10-04T21:22:20.9276401Z  * [new branch]      agent/hsk1-audio-integrated -> origin/agent/hsk1-audio-integrated
2026-10-04T21:22:20.9278441Z  * [new branch]      agent/hsk1-audio-one   -> origin/agent/hsk1-audio-one
2026-10-04T21:22:20.9280683Z  * [new branch]      agent/hsk1-audio-ready -> origin/agent/hsk1-audio-ready
2026-10-04T21:22:20.9282968Z  * [new branch]      agent/hsk1-audio-stage -> origin/agent/hsk1-audio-stage
2026-10-04T21:22:20.9284942Z  * [new branch]      agent/hsk1-audio-step8 -> origin/agent/hsk1-audio-step8
2026-10-04T21:22:20.9287772Z  * [new branch]      agent/hsk1-official-audio-release -> origin/agent/hsk1-official-audio-release
2026-10-04T21:22:20.9290890Z  * [new branch]      agent/hsk1-official-audio-segments -> origin/agent/hsk1-official-audio-segments
2026-10-04T21:22:20.9294191Z  * [new branch]      agent/hsk1-official-audio-segments-step2 -> origin/agent/hsk1-official-audio-segments-step2
2026-10-04T21:22:20.9298428Z  * [new branch]      agent/hsk1-official-audio-segments-step2-backup -> origin/agent/hsk1-official-audio-segments-step2-backup
2026-10-04T21:22:20.9302846Z  * [new branch]      agent/hsk1-official-audio-segments-step2-commit -> origin/agent/hsk1-official-audio-segments-step2-commit
2026-10-04T21:22:20.9306971Z  * [new branch]      agent/hsk1-official-audio-segments-step2-data -> origin/agent/hsk1-official-audio-segments-step2-data
2026-10-04T21:22:20.9311541Z  * [new branch]      agent/hsk1-official-audio-segments-step2-final -> origin/agent/hsk1-official-audio-segments-step2-final
2026-10-04T21:22:20.9315406Z  * [new branch]      agent/hsk1-official-audio-segments-step2-save -> origin/agent/hsk1-official-audio-segments-step2-save
2026-10-04T21:22:20.9319267Z  * [new branch]      agent/hsk1-parity-official-vocab -> origin/agent/hsk1-parity-official-vocab
2026-10-04T21:22:20.9321855Z  * [new branch]      agent/hsk1-segment-audio -> origin/agent/hsk1-segment-audio
2026-10-04T21:22:20.9324280Z  * [new branch]      agent/hsk1-textbook-audio -> origin/agent/hsk1-textbook-audio
2026-10-04T21:22:20.9326657Z  * [new branch]      agent/hsk1-textbook-audio-check -> origin/agent/hsk1-textbook-audio-check
2026-10-04T21:22:20.9329259Z  * [new branch]      agent/hsk1-textbook-audio-final -> origin/agent/hsk1-textbook-audio-final
2026-10-04T21:22:20.9331856Z  * [new branch]      agent/hsk1-textbook-audio-v2 -> origin/agent/hsk1-textbook-audio-v2
2026-10-04T21:22:20.9334749Z  * [new branch]      backup/hsk1-pre-legacy-restoration-20261002 -> origin/backup/hsk1-pre-legacy-restoration-20261002
2026-10-04T21:22:20.9338952Z  * [new branch]      backup/hsk1-pre-mixed-cards-20261002 -> origin/backup/hsk1-pre-mixed-cards-20261002
2026-10-04T21:22:20.9343300Z  * [new branch]      backup/hsk1-pre-modular-step9-20261002 -> origin/backup/hsk1-pre-modular-step9-20261002
2026-10-04T21:22:20.9347019Z  * [new branch]      backup/hsk1-pre-simplification-20261002 -> origin/backup/hsk1-pre-simplification-20261002
2026-10-04T21:22:20.9350494Z  * [new branch]      backup/hsk23-pre-upgrade-20261002 -> origin/backup/hsk23-pre-upgrade-20261002
2026-10-04T21:22:20.9353441Z  * [new branch]      backup/pre-grammar-audit-20260815 -> origin/backup/pre-grammar-audit-20260815
2026-10-04T21:22:20.9356368Z  * [new branch]      feature/hsk123-unified-learning-20261003 -> origin/feature/hsk123-unified-learning-20261003
2026-10-04T21:22:20.9359129Z  * [new branch]      feature/hsk23-course-upgrade -> origin/feature/hsk23-course-upgrade
2026-10-04T21:22:20.9362038Z  * [new branch]      fix/236-grammar-audit-20260815 -> origin/fix/236-grammar-audit-20260815
2026-10-04T21:22:20.9365310Z  * [new branch]      fix/hsk4-lower-duplicate-auth -> origin/fix/hsk4-lower-duplicate-auth
2026-10-04T21:22:20.9368609Z  * [new branch]      fix/hsk4-smoke-auth-harness-20261003 -> origin/fix/hsk4-smoke-auth-harness-20261003
2026-10-04T21:22:20.9371140Z  * [new branch]      gh-pages               -> origin/gh-pages
2026-10-04T21:22:20.9372739Z  * [new branch]      main                   -> origin/main
2026-10-04T21:22:20.9374810Z  * [new branch]      preview/restore-legacy-experience -> origin/preview/restore-legacy-experience
2026-10-04T21:22:20.9377643Z  * [new branch]      review/hsk1-integration-step1-20261001 -> origin/review/hsk1-integration-step1-20261001
2026-10-04T21:22:20.9380668Z  * [new branch]      verify/hsk1-frozen-dist-20261002 -> origin/verify/hsk1-frozen-dist-20261002
2026-10-04T21:22:20.9383379Z  * [new branch]      verify/hsk1-modular-live-20261002 -> origin/verify/hsk1-modular-live-20261002
2026-10-04T21:22:20.9386096Z  * [new branch]      verify/hsk1-native-seek-20261001 -> origin/verify/hsk1-native-seek-20261001
2026-10-04T21:22:20.9388822Z  * [new branch]      verify/hsk1-release-20261001 -> origin/verify/hsk1-release-20261001
2026-10-04T21:22:20.9392101Z  * [new branch]      verify/hsk1-restoration-live-20261002 -> origin/verify/hsk1-restoration-live-20261002
2026-10-04T21:22:20.9394954Z  * [new branch]      verify/hsk23-live-20261002 -> origin/verify/hsk23-live-20261002
2026-10-04T21:22:20.9397277Z  * [new branch]      work/codex-hsk-resume-20261004 -> origin/work/codex-hsk-resume-20261004
2026-10-04T21:22:20.9400158Z  * [new branch]      work/codex-hsk-stage1-20261004 -> origin/work/codex-hsk-stage1-20261004
2026-10-04T21:22:20.9402911Z  * [new branch]      work/hsk-a5-source-checkpoint-20261004 -> origin/work/hsk-a5-source-checkpoint-20261004
2026-10-04T21:22:20.9406407Z  * [new branch]      work/hsk-a7-evidence-checkpoint-20261004 -> origin/work/hsk-a7-evidence-checkpoint-20261004
2026-10-04T21:22:20.9409531Z  * [new branch]      work/hsk-a9-engineering-freeze-20261004 -> origin/work/hsk-a9-engineering-freeze-20261004
2026-10-04T21:22:20.9412800Z  * [new branch]      work/hsk-a9-guarded-checkpoint-20261004 -> origin/work/hsk-a9-guarded-checkpoint-20261004
2026-10-04T21:22:20.9415951Z  * [new branch]      work/hsk-a9-inputs-checkpoint-20261004 -> origin/work/hsk-a9-inputs-checkpoint-20261004
2026-10-04T21:22:20.9418706Z  * [new branch]      work/hsk-audio-asr-pilot-20261004 -> origin/work/hsk-audio-asr-pilot-20261004
2026-10-04T21:22:20.9421696Z  * [new branch]      work/hsk-autonomous-execution-20261004 -> origin/work/hsk-autonomous-execution-20261004
2026-10-04T21:22:20.9424612Z  * [new branch]      work/hsk-autonomous-plan-20261004 -> origin/work/hsk-autonomous-plan-20261004
2026-10-04T21:22:20.9427131Z  * [new branch]      work/hsk-b10-adapter-ci-20261004 -> origin/work/hsk-b10-adapter-ci-20261004
2026-10-04T21:22:20.9429747Z  * [new branch]      work/hsk-b10-source-checkpoint-20261004 -> origin/work/hsk-b10-source-checkpoint-20261004
2026-10-04T21:22:20.9432751Z  * [new branch]      work/hsk-flow-package-ci-20261004 -> origin/work/hsk-flow-package-ci-20261004
2026-10-04T21:22:20.9435721Z  * [new branch]      work/hsk1-free-card-navigation-preview-20261002 -> origin/work/hsk1-free-card-navigation-preview-20261002
2026-10-04T21:22:20.9439370Z  * [new branch]      work/hsk1-integration-step2-20261001 -> origin/work/hsk1-integration-step2-20261001
2026-10-04T21:22:20.9442540Z  * [new branch]      work/hsk1-modular-step1-20261001 -> origin/work/hsk1-modular-step1-20261001
2026-10-04T21:22:20.9445494Z  * [new branch]      work/hsk1-modular-step2-20261001 -> origin/work/hsk1-modular-step2-20261001
2026-10-04T21:22:20.9448406Z  * [new branch]      work/hsk1-modular-step3-20261001 -> origin/work/hsk1-modular-step3-20261001
2026-10-04T21:22:20.9451442Z  * [new branch]      work/hsk1-modular-step4-20261001 -> origin/work/hsk1-modular-step4-20261001
2026-10-04T21:22:20.9454532Z  * [new branch]      work/hsk1-modular-step5-20261002 -> origin/work/hsk1-modular-step5-20261002
2026-10-04T21:22:20.9457533Z  * [new branch]      work/hsk1-modular-step6-20261002 -> origin/work/hsk1-modular-step6-20261002
2026-10-04T21:22:20.9460420Z  * [new branch]      work/hsk1-modular-step7-20261002 -> origin/work/hsk1-modular-step7-20261002
2026-10-04T21:22:20.9463281Z  * [new branch]      work/hsk1-modular-step8-20261002 -> origin/work/hsk1-modular-step8-20261002
2026-10-04T21:22:20.9466176Z  * [new branch]      work/hsk1-modular-step9-20261002 -> origin/work/hsk1-modular-step9-20261002
2026-10-04T21:22:20.9468654Z  * [new branch]      work/hsk1-stage1-20261001 -> origin/work/hsk1-stage1-20261001
2026-10-04T21:22:20.9471209Z  * [new branch]      work/hsk1-stage2-20261001 -> origin/work/hsk1-stage2-20261001
2026-10-04T21:22:20.9473547Z  * [new branch]      work/hsk1-stage3-20261001 -> origin/work/hsk1-stage3-20261001
2026-10-04T21:22:20.9475926Z  * [new branch]      work/hsk1-stage4-1-20261001 -> origin/work/hsk1-stage4-1-20261001
2026-10-04T21:22:20.9478482Z  * [new branch]      work/hsk1-stage4-1-runtime-20261001 -> origin/work/hsk1-stage4-1-runtime-20261001
2026-10-04T21:22:20.9482683Z [command]/usr/bin/git branch --list --remote origin/work/hsk-b10-adapter-ci-20261004
2026-10-04T21:22:20.9484404Z   origin/work/hsk-b10-adapter-ci-20261004
2026-10-04T21:22:20.9487391Z [command]/usr/bin/git rev-parse refs/remotes/origin/work/hsk-b10-adapter-ci-20261004
2026-10-04T21:22:20.9489098Z e0f811e47ca148ad257f19cb2867f56c71a427e4
2026-10-04T21:22:20.9492816Z ##[endgroup]
2026-10-04T21:22:20.9494344Z ##[group]Determining the checkout info
2026-10-04T21:22:20.9495942Z ##[endgroup]
2026-10-04T21:22:20.9496897Z [command]/usr/bin/git sparse-checkout disable
2026-10-04T21:22:20.9499667Z [command]/usr/bin/git config --local --unset-all extensions.worktreeConfig
2026-10-04T21:22:20.9502919Z ##[group]Checking out the ref
2026-10-04T21:22:20.9505299Z [command]/usr/bin/git checkout --progress --force -B work/hsk-b10-adapter-ci-20261004 refs/remotes/origin/work/hsk-b10-adapter-ci-20261004
2026-10-04T21:22:21.9759873Z Updating files:  54% (2287/4179)
2026-10-04T21:22:22.0802033Z Updating files:  55% (2299/4179)
2026-10-04T21:22:22.1708315Z Updating files:  56% (2341/4179)
2026-10-04T21:22:22.2155761Z Updating files:  57% (2383/4179)
2026-10-04T21:22:22.2163829Z Updating files:  58% (2424/4179)
2026-10-04T21:22:22.2174296Z Updating files:  59% (2466/4179)
2026-10-04T21:22:22.2187989Z Updating files:  60% (2508/4179)
2026-10-04T21:22:22.2200909Z Updating files:  61% (2550/4179)
2026-10-04T21:22:22.2211565Z Updating files:  62% (2591/4179)
2026-10-04T21:22:22.2224314Z Updating files:  63% (2633/4179)
2026-10-04T21:22:22.2237194Z Updating files:  64% (2675/4179)
2026-10-04T21:22:22.2250880Z Updating files:  65% (2717/4179)
2026-10-04T21:22:22.2263137Z Updating files:  66% (2759/4179)
2026-10-04T21:22:22.2275483Z Updating files:  67% (2800/4179)
2026-10-04T21:22:22.2298231Z Updating files:  68% (2842/4179)
2026-10-04T21:22:22.2318697Z Updating files:  69% (2884/4179)
2026-10-04T21:22:22.2362735Z Updating files:  70% (2926/4179)
2026-10-04T21:22:22.2513426Z Updating files:  71% (2968/4179)
2026-10-04T21:22:22.2552037Z Updating files:  72% (3009/4179)
2026-10-04T21:22:22.2577570Z Updating files:  73% (3051/4179)
2026-10-04T21:22:22.2651892Z Updating files:  74% (3093/4179)
2026-10-04T21:22:22.2713709Z Updating files:  75% (3135/4179)
2026-10-04T21:22:22.2774184Z Updating files:  76% (3177/4179)
2026-10-04T21:22:22.2857141Z Updating files:  77% (3218/4179)
2026-10-04T21:22:22.2881500Z Updating files:  78% (3260/4179)
2026-10-04T21:22:22.2901225Z Updating files:  79% (3302/4179)
2026-10-04T21:22:22.2922598Z Updating files:  80% (3344/4179)
2026-10-04T21:22:22.2949707Z Updating files:  81% (3385/4179)
2026-10-04T21:22:22.2974354Z Updating files:  82% (3427/4179)
2026-10-04T21:22:22.3003549Z Updating files:  83% (3469/4179)
2026-10-04T21:22:22.3026581Z Updating files:  84% (3511/4179)
2026-10-04T21:22:22.3044180Z Updating files:  85% (3553/4179)
2026-10-04T21:22:22.3055553Z Updating files:  86% (3594/4179)
2026-10-04T21:22:22.3066076Z Updating files:  87% (3636/4179)
2026-10-04T21:22:22.3078492Z Updating files:  88% (3678/4179)
2026-10-04T21:22:22.3091171Z Updating files:  89% (3720/4179)
2026-10-04T21:22:22.3104517Z Updating files:  90% (3762/4179)
2026-10-04T21:22:22.3120690Z Updating files:  91% (3803/4179)
2026-10-04T21:22:22.3139354Z Updating files:  92% (3845/4179)
2026-10-04T21:22:22.3344684Z Updating files:  93% (3887/4179)
2026-10-04T21:22:22.3876875Z Updating files:  94% (3929/4179)
2026-10-04T21:22:22.4316472Z Updating files:  95% (3971/4179)
2026-10-04T21:22:22.4588450Z Updating files:  96% (4012/4179)
2026-10-04T21:22:22.4863537Z Updating files:  97% (4054/4179)
2026-10-04T21:22:22.4883685Z Updating files:  98% (4096/4179)
2026-10-04T21:22:22.4905613Z Updating files:  99% (4138/4179)
2026-10-04T21:22:22.4906343Z Updating files: 100% (4179/4179)
2026-10-04T21:22:22.4907245Z Updating files: 100% (4179/4179), done.
2026-10-04T21:22:22.4957882Z Switched to a new branch 'work/hsk-b10-adapter-ci-20261004'
2026-10-04T21:22:22.4962437Z branch 'work/hsk-b10-adapter-ci-20261004' set up to track 'origin/work/hsk-b10-adapter-ci-20261004'.
2026-10-04T21:22:22.5042228Z ##[endgroup]
2026-10-04T21:22:22.5045837Z [command]/usr/bin/git log -1 --format=%H
2026-10-04T21:22:22.5071192Z e0f811e47ca148ad257f19cb2867f56c71a427e4
2026-10-04T21:22:22.5285840Z ##[group]Run actions/setup-node@v4
2026-10-04T21:22:22.5286144Z with:
2026-10-04T21:22:22.5286487Z   node-version: 24.19.0
2026-10-04T21:22:22.5286772Z   always-auth: false
2026-10-04T21:22:22.5287046Z   check-latest: false
2026-10-04T21:22:22.5289386Z   token: ***
2026-10-04T21:22:22.5289627Z env:
2026-10-04T21:22:22.5289912Z   HSK_ADAPTER_CI_BROWSER: chromium
2026-10-04T21:22:22.5290501Z ##[endgroup]
2026-10-04T21:22:22.6462863Z Attempting to download 24.19.0...
2026-10-04T21:22:22.6554616Z (node:2096) [DEP0040] DeprecationWarning: The `punycode` module is deprecated. Please use a userland alternative instead.
2026-10-04T21:22:22.6555262Z (Use `node --trace-deprecation ...` to show where the warning was created)
2026-10-04T21:22:23.3677083Z Acquiring 24.19.0 - x64 from https://github.com/actions/node-versions/releases/download/24.19.0-30872449280/node-24.19.0-linux-x64.tar.gz
2026-10-04T21:22:24.0139799Z Extracting ...
2026-10-04T21:22:24.0240713Z [command]/usr/bin/tar xz --strip 1 --warning=no-unknown-keyword --overwrite -C /home/runner/work/_temp/e4e94976-866e-428a-9a68-113e2dd77ce3 -f /home/runner/work/_temp/c02b8343-e9e6-4367-a279-f1989e34770b
2026-10-04T21:22:25.2053902Z Adding to the cache ...
2026-10-04T21:22:30.1175281Z ##[group]Environment details
2026-10-04T21:22:30.3265975Z node: v24.19.0
2026-10-04T21:22:30.3266471Z npm: 11.17.0
2026-10-04T21:22:30.3266896Z yarn: 1.22.22
2026-10-04T21:22:30.3267570Z ##[endgroup]
2026-10-04T21:22:30.3398489Z ##[group]Run node course-app/docs/resume-20261004/b10-adapter-ci/checkpoint-records.mjs before
2026-10-04T21:22:30.3399276Z [36;1mnode course-app/docs/resume-20261004/b10-adapter-ci/checkpoint-records.mjs before[0m
2026-10-04T21:22:30.3589297Z shell: /usr/bin/bash -e {0}
2026-10-04T21:22:30.3589689Z env:
2026-10-04T21:22:30.3590042Z   HSK_ADAPTER_CI_BROWSER: chromium
2026-10-04T21:22:30.3590674Z ##[endgroup]
2026-10-04T21:22:31.7982881Z ##[group]Run node course-app/docs/resume-20261004/b10-adapter-ci/run-command.mjs course-install . npm ci --prefix course-app
2026-10-04T21:22:31.7983713Z [36;1mnode course-app/docs/resume-20261004/b10-adapter-ci/run-command.mjs course-install . npm ci --prefix course-app[0m
2026-10-04T21:22:31.7984446Z [36;1mnode course-app/docs/resume-20261004/b10-adapter-ci/run-command.mjs hsk1-install . npm ci --prefix hsk1-app[0m
2026-10-04T21:22:31.8023134Z shell: /usr/bin/bash -e {0}
2026-10-04T21:22:31.8023525Z env:
2026-10-04T21:22:31.8023802Z   HSK_ADAPTER_CI_BROWSER: chromium
2026-10-04T21:22:31.8024120Z ##[endgroup]
2026-10-04T21:22:34.7343025Z 
2026-10-04T21:22:34.7352427Z added 25 packages, and audited 26 packages in 3s
2026-10-04T21:22:34.7352932Z 
2026-10-04T21:22:34.7353226Z 9 packages are looking for funding
2026-10-04T21:22:34.7353916Z   run `npm fund` for details
2026-10-04T21:22:34.7354182Z 
2026-10-04T21:22:34.7354378Z found 0 vulnerabilities
2026-10-04T21:22:35.7229660Z 
2026-10-04T21:22:35.7230901Z added 24 packages, and audited 25 packages in 888ms
2026-10-04T21:22:35.7235444Z 
2026-10-04T21:22:35.7235976Z 9 packages are looking for funding
2026-10-04T21:22:35.7236723Z   run `npm fund` for details
2026-10-04T21:22:35.7236974Z 
2026-10-04T21:22:35.7237181Z found 0 vulnerabilities
2026-10-04T21:22:35.7395454Z ##[group]Run node course-app/docs/resume-20261004/b10-adapter-ci/run-command.mjs course-units . npm test --prefix course-app
2026-10-04T21:22:35.7396277Z [36;1mnode course-app/docs/resume-20261004/b10-adapter-ci/run-command.mjs course-units . npm test --prefix course-app[0m
2026-10-04T21:22:35.7397000Z [36;1mnode course-app/docs/resume-20261004/b10-adapter-ci/run-command.mjs hsk1-units . npm test --prefix hsk1-app[0m
2026-10-04T21:22:35.7397719Z [36;1mnode course-app/docs/resume-20261004/b10-adapter-ci/run-command.mjs course-source . npm run content:check --prefix course-app[0m
2026-10-04T21:22:35.7398616Z [36;1mnode course-app/docs/resume-20261004/b10-adapter-ci/run-command.mjs hsk1-source . npm run catalog:check --prefix hsk1-app[0m
2026-10-04T21:22:35.7399436Z [36;1mnode course-app/docs/resume-20261004/b10-adapter-ci/run-command.mjs hsk1-migration-fixtures . npm run fixtures:check --prefix hsk1-app[0m
2026-10-04T21:22:35.7400478Z [36;1mnode course-app/docs/resume-20261004/b10-adapter-ci/run-command.mjs course-types . npm run check --prefix course-app[0m
2026-10-04T21:22:35.7401206Z [36;1mnode course-app/docs/resume-20261004/b10-adapter-ci/run-command.mjs hsk1-types . npm run check --prefix hsk1-app[0m
2026-10-04T21:22:35.7402083Z [36;1mnode course-app/docs/resume-20261004/b10-adapter-ci/run-command.mjs native-fixture-types . course-app/node_modules/.bin/tsc -p course-app/docs/resume-20261004/b10-adapter-ci/tsconfig.json[0m
2026-10-04T21:22:35.7403166Z [36;1mnode course-app/docs/resume-20261004/b10-adapter-ci/run-command.mjs native-report-guards . node --test course-app/docs/resume-20261004/b10-adapter-ci/verify-native-results.test.mjs[0m
2026-10-04T21:22:35.7441209Z shell: /usr/bin/bash -e {0}
2026-10-04T21:22:35.7441608Z env:
2026-10-04T21:22:35.7442332Z   HSK_ADAPTER_CI_BROWSER: chromium
2026-10-04T21:22:35.7442690Z ##[endgroup]
2026-10-04T21:22:35.8565647Z 
2026-10-04T21:22:35.8566564Z > hsk-shared-course-app@1.0.0 test
2026-10-04T21:22:35.8567429Z > node --experimental-strip-types --test tests/*.test.mjs
2026-10-04T21:22:35.8567969Z 
2026-10-04T21:22:36.1884443Z ✔ existing pilot activities and a separately bound self-assessment matrix are structurally sound (7.425861ms)
2026-10-04T21:22:36.1917953Z ✔ matrix cannot drop, repeat, misorder dimensions or bind non-checkbox answers (9.566971ms)
2026-10-04T21:22:36.2031745Z ✔ editorial references never acquire automatic grading answers or unrelated picture IDs (3.255159ms)
2026-10-04T21:22:36.2065145Z ✔ source surveys retain text/select/checkbox matrix bindings and reject mismatched context columns (5.548594ms)
2026-10-04T21:22:36.2112992Z ✔ cross-page activities reject unrelated or inconsistent per-field source pages (3.422943ms)
2026-10-04T21:22:36.2127774Z ✔ every approved instructional illustration exists with its reviewed bytes and no external source (84.60783ms)
2026-10-04T21:22:36.2153233Z ✔ source survey headers bind editable names independently from all body responses (2.85586ms)
2026-10-04T21:22:36.2181145Z ✔ editable survey headers cannot hide, duplicate, omit, mismatch or auto-grade a name (26.70399ms)
2026-10-04T21:22:36.2203383Z ✔ field-level question provenance cannot point outside actual source questions (13.96063ms)
2026-10-04T21:22:36.2211751Z ✔ frequency matrix permits only an explicit bilingual blank corner and retains caption context (4.934939ms)
2026-10-04T21:22:36.2241931Z ✔ matrix corner rejects one-sided empty, missing language, non-string and whitespace-only headings (16.456815ms)
2026-10-04T21:22:36.2256307Z ✔ explicit optional fields are boolean ungraded text only and do not infer from prompt language (30.777058ms)
2026-10-04T21:22:36.2271708Z ✔ optional illustration label requires nonempty bilingual text and absent legacy label remains valid (21.684402ms)
2026-10-04T21:22:36.2273591Z ✔ HSK2 failed candidate never enters draft and later ordinary save cannot invent submission (17.515679ms)
2026-10-04T21:22:36.2275302Z ✔ HSK2 waiting candidate stays unsubmitted and confirmed reload preserves old record (1.16369ms)
2026-10-04T21:22:36.2276737Z ✔ HSK2 lock-wait edit invalidates candidate without losing newer draft (0.590683ms)
2026-10-04T21:22:36.2278156Z ✔ HSK2 composition and cancelled pending view never commit a marker (0.548256ms)
2026-10-04T21:22:36.2279530Z ✔ HSK3 failed candidate never enters draft and later ordinary save cannot invent submission (0.640768ms)
2026-10-04T21:22:36.2281238Z ✔ HSK3 waiting candidate stays unsubmitted and confirmed reload preserves old record (0.492666ms)
2026-10-04T21:22:36.2283028Z ✔ HSK3 lock-wait edit invalidates candidate without losing newer draft (0.394462ms)
2026-10-04T21:22:36.2284788Z ✔ HSK3 composition and cancelled pending view never commit a marker (0.393928ms)
2026-10-04T21:22:36.2286116Z ✔ stale values and unsafe unavailable lock fail closed without adopting submissions (2.32408ms)
2026-10-04T21:22:36.2288611Z ✔ prior fallback records remain separate immutable history with human-readable source context (14.823203ms)
2026-10-04T21:22:36.2290965Z ✔ active controls, another lesson and another edition never enter this lesson archive (5.43455ms)
2026-10-04T21:22:36.2292733Z ✔ nonempty old records survive actual storage save reload export restore without creating new activity submissions (3.773607ms)
2026-10-04T21:22:36.2294262Z ✔ one source page keeps the group citation without duplicate field notes (1.346425ms)
2026-10-04T21:22:36.2295623Z ✔ cross-page fields and differing group page always retain field-level citations (0.240874ms)
2026-10-04T21:22:36.2297079Z ✔ row citation combines only matching effective provenance and never changes source objects (0.369148ms)
2026-10-04T21:22:36.9502623Z ✔ assembly preserves1140 baseline files and rejects changed baseline/frozen bytes (712.784449ms)
2026-10-04T21:22:36.9649314Z ✔ HSK2 homework quota rejection leaves receipts out of the live draft and later ordinary saves (9.286322ms)
2026-10-04T21:22:36.9712080Z ✔ HSK2 homework waits without an adopted receipt and confirms exactly one immutable attempt (1.638311ms)
2026-10-04T21:22:36.9741435Z ✔ HSK2 homework cancelled lock wait cannot reappear in a later draft save (1.354923ms)
2026-10-04T21:22:36.9771445Z ✔ HSK2 homework newer answer during a lock wait wins without a submission (4.261303ms)
2026-10-04T21:22:36.9773300Z ✔ HSK2 individual listening quota rejection leaves receipts out of the live draft and later ordinary saves (2.742401ms)
2026-10-04T21:22:36.9802221Z ✔ HSK2 individual listening waits without an adopted receipt and confirms exactly one immutable attempt (2.228159ms)
2026-10-04T21:22:36.9847833Z ✔ HSK2 individual listening cancelled lock wait cannot reappear in a later draft save (2.487159ms)
2026-10-04T21:22:36.9871833Z ✔ HSK2 individual listening newer answer during a lock wait wins without a submission (1.755855ms)
2026-10-04T21:22:36.9873234Z ✔ HSK3 homework quota rejection leaves receipts out of the live draft and later ordinary saves (1.543629ms)
2026-10-04T21:22:36.9874785Z ✔ HSK3 homework waits without an adopted receipt and confirms exactly one immutable attempt (1.368103ms)
2026-10-04T21:22:36.9876088Z ✔ HSK3 homework cancelled lock wait cannot reappear in a later draft save (1.022228ms)
2026-10-04T21:22:36.9877344Z ✔ HSK3 homework newer answer during a lock wait wins without a submission (1.125621ms)
2026-10-04T21:22:36.9878957Z ✔ HSK3 individual listening quota rejection leaves receipts out of the live draft and later ordinary saves (1.373029ms)
2026-10-04T21:22:36.9880827Z ✔ HSK3 individual listening waits without an adopted receipt and confirms exactly one immutable attempt (1.878525ms)
2026-10-04T21:22:36.9882686Z ✔ HSK3 individual listening cancelled lock wait cannot reappear in a later draft save (2.003867ms)
2026-10-04T21:22:36.9884172Z ✔ HSK3 individual listening newer answer during a lock wait wins without a submission (0.980023ms)
2026-10-04T21:22:36.9885697Z ✔ individual listening rejects stale rounds, answers and already submitted questions (1.853684ms)
2026-10-04T21:22:36.9887449Z ✔ an unavailable write lock never adopts a homework receipt (1.595577ms)
2026-10-04T21:22:36.9889224Z ✔ frozen independent review authorizes exactly two source-frame sentences and retains low probability observations (6.386821ms)
2026-10-04T21:22:36.9891329Z ✔ subset source pinyin, actual lesson bytes, parent and ordinal match unchanged Chinese metadata (3.620922ms)
2026-10-04T21:22:36.9892974Z ✔ wrong ranges, missing gates, source substitutions and invented precision are rejected (13.628975ms)
2026-10-04T21:22:36.9894531Z ✔ joint overlay and authority tampering cannot create a new independent-review acceptance (5.650605ms)
2026-10-04T21:22:36.9896322Z ✔ legacy manifest bytes and all 61 words, 13 holds, 78 lines and 33 children remain unchanged (13.5118ms)
2026-10-04T21:22:36.9898047Z ✔ partial child keeps original ordinal 2 without a precise parent, sibling or color word; legacy children retain sequence (4.977979ms)
2026-10-04T21:22:36.9899858Z (node:2280) ExperimentalWarning: stripTypeScriptTypes is an experimental feature and might change at any time
2026-10-04T21:22:36.9901379Z (Use `node --trace-warnings ...` to show where the warning was created)
2026-10-04T21:22:36.9902777Z Reviewed sentence overlay rejected; previously reviewed segments and original tracks remain available.
2026-10-04T21:22:36.9904106Z Reviewed sentence overlay rejected; previously reviewed segments and original tracks remain available.
2026-10-04T21:22:36.9905698Z ✔ concurrent callers await the same delayed actual crypto gate before overlay-ready (25.399005ms)
2026-10-04T21:22:36.9907151Z ✔ concurrent rejection retains baseline and resolves only after rejection, with no phantom subset (5.537834ms)
2026-10-04T21:22:36.9931696Z ✔ invalid legacy input rejects every concurrent caller and cannot cache false readiness (2.433531ms)
2026-10-04T21:22:36.9941702Z ✔ optional new overlay chunk load failure preserves completed legacy registry (6.187599ms)
2026-10-04T21:22:36.9943194Z ✔ verified pilot clip ranges carry exact original identities and source text (4.048971ms)
2026-10-04T21:22:36.9944747Z ✔ unverified, foreign, out-of-track and source-hash substitutions are rejected (4.154237ms)
2026-10-04T21:22:36.9946098Z ✔ multi-sentence source fragments cannot be swapped or replaced (3.023342ms)
2026-10-04T21:22:36.9947331Z ✔ source text, pinyin, per-entry hash, scope and reviewed timing cannot be forged (7.860169ms)
2026-10-04T21:22:36.9948841Z ✔ word partitions and actual sentence coverage reject losses, orphans and relabeled whole paragraphs (2.845531ms)
2026-10-04T21:22:36.9950415Z ✔ no source authority or duplicate merged IDs can silently expose segments (0.810144ms)
2026-10-04T21:22:36.9952159Z ✔ pending bounds, inflated decoded duration, claimed certification and forged transcript are rejected (3.949232ms)
2026-10-04T21:22:36.9953758Z ✔ reviewed HSK2 lessons 2–3 retain exact 25 verified and seven pending words after runtime merge (7.270982ms)
2026-10-04T21:22:36.9954757Z ✔ grammar group metadata cannot omit duplicate reorder or replace baseline examples or lose bilingual sources (36.59681ms)
2026-10-04T21:22:36.9955778Z ✔ actual grouped grammar retains full baseline summary and interleaves every original bilingual pinyin example once (8.525972ms)
2026-10-04T21:22:36.9956723Z ✔ both supplemental picture-description labels retain full bilingual text after the source activity (13.992109ms)
2026-10-04T21:22:36.9957670Z ✔ cross-page grammar examples retain their own visible source beside the unchanged explanation page (8.227688ms)
2026-10-04T21:22:36.9958555Z ✔ source grammar explanations are additive, bilingual and tied to one real source grammar (34.24602ms)
2026-10-04T21:22:36.9959441Z ✔ unmapped supplemental picture paragraphs collapse without hiding textbook text tasks or safety notes (14.757907ms)
2026-10-04T21:22:36.9960553Z ✔ HSK3 glossary has all22 starred heads and23 stable word-sense records (39.915446ms)
2026-10-04T21:22:36.9961466Z ✔ HSK3 star patch does not alter any existing lesson values (88.939666ms)
2026-10-04T21:22:36.9962972Z ✔ all18 additional official-source registries and523 word anchors retain every complete old word and source (42.592744ms)
2026-10-04T21:22:36.9964046Z ✔ HSK3 L10 reviewed source fields keys and figures stay complete (5.119791ms)
2026-10-04T21:22:36.9964678Z ✔ HSK3 L11 reviewed source fields keys and figures stay complete (2.843202ms)
2026-10-04T21:22:36.9965568Z ✔ HSK3 L10 education source task retains optional read-aloud marker, source retelling and ungraded personal comparison (3.218602ms)
2026-10-04T21:22:36.9966495Z ✔ HSK3 L11 split listening answer pages and no invented culture/review survive integration (1.755976ms)
2026-10-04T21:22:36.9967492Z ✔ all25 independently reviewed Vietnamese corrections remain in their exact new-layer locations (41.430492ms)
2026-10-04T21:22:36.9968225Z ✔ source explanation groups preserve every original example once (4.62ms)
2026-10-04T21:22:36.9969001Z ✔ HSK3 L12 reviewed source activities preserve field counts official keys and source-specific shapes (11.537918ms)
2026-10-04T21:22:36.9969938Z ✔ HSK3 L13 reviewed source activities preserve field counts official keys and source-specific shapes (2.050617ms)
2026-10-04T21:22:36.9971035Z ✔ HSK3 L12 and13 source and answer page continuations stay attached to individual fields (4.129867ms)
2026-10-04T21:22:36.9971895Z ✔ HSK3 L12 review binds eleven rows to twenty-two distinct checks across both source pages (2.350041ms)
2026-10-04T21:22:36.9972693Z ✔ HSK3 L13 first grammar source frames preserve 1+2+2 independent non-unique blanks (2.639122ms)
2026-10-04T21:22:36.9973649Z ✔ optional empty omitted and nonempty records preserve values and submission through real save reload export restore (5.5091ms)
2026-10-04T21:22:36.9974675Z ✔ L12 least-liked season and L13 prepared refreshments translations retain the source meanings (2.955564ms)
2026-10-04T21:22:37.0326521Z ✔ HSK3 L14 reviewed source counts and exact official keys remain complete (5.775452ms)
2026-10-04T21:22:37.0329542Z ✔ HSK3 L15 reviewed source counts and exact official keys remain complete (3.184905ms)
2026-10-04T21:22:37.0336139Z ✔ HSK3 L15 ambiguous Nanjing age choice cannot become a unique automatic answer (1.646528ms)
2026-10-04T21:22:37.0341892Z ✔ every L14 and15 manifest identity has a real renderer binding including all four L15 cities (4.598347ms)
2026-10-04T21:22:37.0345072Z ✔ HSK3 L14 repaired borrowing option and four blank story rows preserve source roles (2.124483ms)
2026-10-04T21:22:37.0346287Z ✔ HSK3 L15 source review keeps ten pairs and four full unsplit explanations (1.252291ms)
2026-10-04T21:22:37.0676618Z ✔ HSK3 L16 final-unit source counts keys blanks and figure bindings survive integration (8.93747ms)
2026-10-04T21:22:37.0701514Z ✔ HSK3 L17 final-unit source counts keys blanks and figure bindings survive integration (2.761054ms)
2026-10-04T21:22:37.0703225Z ✔ HSK3 L18 final-unit source counts keys blanks and figure bindings survive integration (2.144259ms)
2026-10-04T21:22:37.0704854Z ✔ L16 animal discussion retains three original required IDs and a separate optional fourth extension (1.527845ms)
2026-10-04T21:22:37.0706555Z ✔ L17 repaired reference agrees with preserved teacher wording and emotions panel has an explicit activity binding (1.479917ms)
2026-10-04T21:22:37.0708244Z ✔ L18 approximation tasks and 刚才/刚刚 exercises are editorial and preserve both real source groups (1.830323ms)
2026-10-04T21:22:37.0714141Z ✔ feedback note is a separate bilingual display-only copy with invalid shapes rejected (14.480746ms)
2026-10-04T21:22:37.0776703Z ✔ HSK3 L8 original source interaction inventory and immutable learning corpus (6.38519ms)
2026-10-04T21:22:37.0780818Z ✔ HSK3 L8 official word-bank order and cross-page citations (3.118896ms)
2026-10-04T21:22:37.0782120Z ✔ HSK3 L9 original source interaction inventory and immutable learning corpus (2.799105ms)
2026-10-04T21:22:37.0783644Z ✔ HSK3 L9 official word-bank order and cross-page citations (2.193337ms)
2026-10-04T21:22:37.0785011Z ✔ HSK3 L9 review is open self-tracking, not a correctness score (2.390048ms)
2026-10-04T21:22:37.0786894Z ✔ HSK3 L9 exact source corrections and L8 scene provenance remain in primary data (6.188018ms)
2026-10-04T21:22:37.2866388Z ✔ every printed POS/sense maps once with exact pages, audio and translation (12.034374ms)
2026-10-04T21:22:37.2896207Z ✔ same-spelling different meanings and POS remain separate canonical cards (4.365661ms)
2026-10-04T21:22:37.2914198Z ✔ the complete catalogue count is actual POS/sense records, not syllabus targets (13.651857ms)
2026-10-04T21:22:37.2915856Z ✔ release validation rejects pending review, stale translations and missing homograph evidence (5.445174ms)
2026-10-04T21:22:37.2918395Z ✔ wrong course, duplicate mapping, missing source and unreviewed merge fail closed (11.552679ms)
2026-10-04T21:22:37.2920405Z ✔ an explicitly reviewed repeated sense uses selected-lesson provenance, never an unselected audio group (0.550541ms)
2026-10-04T21:22:37.2921666Z ✔ reviewed HSK2 appendix binds every stable sense with source POS distinct from editorial labels (2.376892ms)
2026-10-04T21:22:37.3184424Z ✔ editable source-table names stay in headers and remain independent through save/remount/reset (32.003736ms)
2026-10-04T21:22:37.3201737Z ✔ cross-page review cites each identical row once while mixed provenance stays beside separate cells (9.095262ms)
2026-10-04T21:22:37.3585105Z ✔ shared proposal canonicalization removes exact review keys and preserves array order (3.187373ms)
2026-10-04T21:22:37.3632638Z ✔ inactive lesson, canonical lexicon and course-index are private clones with identical content (16.819674ms)
2026-10-04T21:22:37.3635741Z ✔ a trusted accepted batch patches only VI; source, IDs, ZH, pinyin, answer and order remain exact (62.343555ms)
2026-10-04T21:22:37.3942768Z ✔ canonical sense and summary pointers bind their real IDs, original source indices and full raw SHA (42.609324ms)
2026-10-04T21:22:37.4447445Z ✔ an accepted terminology-derived or editorial change keeps its distinct source branch (50.465648ms)
2026-10-04T21:22:37.4722508Z ✔ edited activity option translations cannot become ambiguous while index answers stay sealed (31.661894ms)
2026-10-04T21:22:37.4998775Z ✔ derived/editorial anchors cannot counterfeit an official quotation or evade their source conditions (29.399763ms)
2026-10-04T21:22:37.5321578Z ✔ editorial anchors cannot attach an alleged printed book page or Chinese book quotation (28.340003ms)
2026-10-04T21:22:37.5491413Z ✔ atomic guard rejects stale effective value (18.672887ms)
2026-10-04T21:22:37.5628849Z ✔ atomic guard rejects wrong engine (12.734958ms)
2026-10-04T21:22:37.5716617Z ✔ atomic guard rejects wrong course (10.591397ms)
2026-10-04T21:22:37.5845856Z ✔ atomic guard rejects wrong parent (11.340809ms)
2026-10-04T21:22:37.6030041Z ✔ atomic guard rejects wrong baseline SHA (18.362758ms)
2026-10-04T21:22:37.6228883Z ✔ atomic guard rejects foreign source file (18.14282ms)
2026-10-04T21:22:37.6387353Z ✔ atomic guard rejects foreign owner (19.698426ms)
2026-10-04T21:22:37.6516282Z ✔ atomic guard rejects wrong original pointer index (12.888773ms)
2026-10-04T21:22:37.6629896Z ✔ atomic guard rejects sealed answer (12.571916ms)
2026-10-04T21:22:37.6750050Z ✔ atomic guard rejects sealed ZH (11.222536ms)
2026-10-04T21:22:37.6934319Z ✔ atomic guard rejects sealed options/order (14.974172ms)
2026-10-04T21:22:37.7157362Z ✔ atomic guard rejects unsafe pointer (19.66717ms)
2026-10-04T21:22:37.7346981Z ✔ atomic guard rejects wrong lesson (21.553685ms)
2026-10-04T21:22:37.7535244Z ✔ atomic guard rejects wrong actual Chinese anchor (18.936279ms)
2026-10-04T21:22:37.7704268Z ✔ atomic guard rejects wrong book SHA (19.097574ms)
2026-10-04T21:22:37.7871196Z ✔ atomic guard rejects out of bounds official page (13.616199ms)
2026-10-04T21:22:37.8038829Z ✔ atomic guard rejects official text mismatch (17.882308ms)
2026-10-04T21:22:37.8161836Z ✔ atomic guard rejects unresolved not active (14.346432ms)
2026-10-04T21:22:37.8283173Z ✔ atomic guard rejects match not active (12.759366ms)
2026-10-04T21:22:37.8408668Z ✔ atomic guard rejects pending author (12.271336ms)
2026-10-04T21:22:37.8484998Z ✔ atomic guard rejects self-only independent acceptance (8.369574ms)
2026-10-04T21:22:37.8567608Z ✔ atomic guard rejects missing accepted change (7.501153ms)
2026-10-04T21:22:37.8758939Z ✔ atomic guard rejects foreign accepted consumer (15.770387ms)
2026-10-04T21:22:37.8937187Z ✔ atomic guard rejects missing declared consumer (18.333021ms)
2026-10-04T21:22:37.9117807Z ✔ atomic guard rejects unknown source evidence (18.14818ms)
2026-10-04T21:22:37.9325401Z ✔ atomic guard rejects pending owner cannot be accepted (19.874707ms)
2026-10-04T21:22:37.9518647Z ✔ atomic guard rejects duplicate target (18.429363ms)
2026-10-04T21:22:37.9746115Z ✔ registered manifest/review exact bytes and independent accepted proposal are all required (21.176241ms)
2026-10-04T21:22:37.9925168Z ✔ a known consumer cannot be declared accepted without its own accepted VI projection (21.087766ms)
2026-10-04T21:22:38.0145241Z ✔ changed raw whitespace is still a different pinned source; empty acceptance cannot activate (21.874924ms)
2026-10-04T21:22:38.0296797Z ✔ new graded copy changes contentRevision while actual old first/questions/answers/score remain frozen (22.498606ms)
2026-10-04T21:22:38.0301295Z ✔ saved listening question is never reprojected; missing legacy snapshot cannot fall back to current q (0.724981ms)
2026-10-04T21:22:38.0467110Z ✔ online verification binds full release identity and checks new/protected bytes (21.031419ms)
2026-10-04T21:22:38.0490583Z ✔ online verifier rejects a stale manifest and never accepts changed protected bytes (9.346718ms)
2026-10-04T21:22:38.0500865Z ✔ online verifier refuses another origin, pilot release and unscoped paths (10.904671ms)
2026-10-04T21:22:38.3973427Z ✔ all seven routeable entries resolve activity crops and shared textbook/audio against real packaged paths (182.955127ms)
2026-10-04T21:22:38.4062561Z ✔ unknown source images, PDF, changed accepted crops/audio/strokes and symlinks fail before freezing (207.512318ms)
2026-10-04T21:22:38.4069291Z ✔ source or frozen-input drift fails before output; dirty or prebuilt data cannot be labeled release (68.796188ms)
2026-10-04T21:22:38.4082570Z ✔ legacy all-sixteen-passed gates cannot label a package as ready for publication (13.782945ms)
2026-10-04T21:22:38.4084133Z ✔ release freeze matches every native-tested build input byte and path while publication stays pending (265.481564ms)
2026-10-04T21:22:38.4085629Z ✔ actual current crop registry uses lesson 4 current version and rejects path traversal/private sources (89.691056ms)
2026-10-04T21:22:38.4087215Z ✔ production assembly anchors the actual 1446-file 2da tree and explicitly separates developer-only files (16.01774ms)
2026-10-04T21:22:38.4088437Z ✔ entry, build configuration and retained source assets are included in the clean build snapshot (173.972592ms)
2026-10-04T21:22:38.4199012Z ✔ two locked course entries share identical frozen assets with nested relative media paths (1.707088ms)
2026-10-04T21:22:38.4231416Z ✔ portal updates only2/3 course cards and retains exact HSK1 and both HSK4 cards (2.635525ms)
2026-10-04T21:22:38.4255636Z ✔ package manifest binds every scoped output byte to the frozen source input without copying raw sources (100.100893ms)
2026-10-04T21:22:38.4281491Z ✔ missing audio, unknown raw PDF, symlinks and wrong identity fail before release creation (99.357105ms)
2026-10-04T21:22:38.4291372Z ✔ output and public-input allowlists reject legacy overwrites and source package paths (0.29448ms)
2026-10-04T21:22:38.4293015Z ✔ small frozen-code transfer restores all exact tested bytes from264 hash-bound originals without rebuilding (180.795104ms)
2026-10-04T21:22:38.4294597Z ✔ frozen transfer fails before output on changed audio, code, extra raw source or wrong source commit (316.649276ms)
2026-10-04T21:22:38.4296206Z ✔ question editorial note survives fallback rendering without leaking before submit (16.596578ms)
2026-10-04T21:22:38.4297648Z ✔ question editorial note survives mapped rendering without leaking before submit (7.569673ms)
2026-10-04T21:22:41.0065561Z ✔ a docs-only committed gate advances HEAD while the actual tested runtime remains accepted (226.613326ms)
2026-10-04T21:22:41.0069459Z ✔ clean committed runtime/tool/raw input drift fails even when both gate snapshot fields are forged to agree (332.23703ms)
2026-10-04T21:22:41.0071177Z ✔ actual tested commit existence, complete paths, modes and clean worktree are verified (282.784745ms)
2026-10-04T21:22:41.0072616Z ✔ stage identity and pre-publication status do not permit duplicate IDs or fabricated publication completion (89.769447ms)
2026-10-04T21:22:41.0073971Z ✔ official source bytes and every exact page identity/review must be present (413.498599ms)
2026-10-04T21:22:41.0075628Z ✔ 48 semantic lessons require exact identities and all actual scoped consumer IDs (261.170184ms)
2026-10-04T21:22:41.0076921Z ✔ cross-site scopes and final native certificates cannot be replaced by course counts or browser booleans (728.998283ms)
2026-10-04T21:22:41.0078238Z ✔ native-tested build vectors reject unsafe, duplicate, empty and stale identities (323.240899ms)
2026-10-04T21:22:41.0080065Z ✔ asset metadata accepts its complete actual identity ledger independently of the 412 SVG desc count (91.177175ms)
2026-10-04T21:22:41.0194298Z ✔ reviewed-source guards reject a subject/negation substitution, relocated blank and wrong page (1.840916ms)
2026-10-04T21:22:41.0195644Z ✔ source menu accepts exact exclusive slots and rejects dropped duplicated foreign or malformed fields (49.185754ms)
2026-10-04T21:22:41.0197283Z ✔ actual menu renderer retains source quadrants bilingual fixed foods and every saved answer without early feedback (14.442172ms)
2026-10-04T21:22:41.0199011Z ✔ activity support gallery excludes field-bound pictures and places each original image once (3.921276ms)
2026-10-04T21:22:41.0200878Z ✔ production-store delayed submit cannot restore feedback after edit newer submit dispose or failed write (42.315518ms)
2026-10-04T21:22:41.0202261Z ✔ edition and level identities reject cross-course data (5.793599ms)
2026-10-04T21:22:41.0203419Z ✔ new stores do not read or mutate nonempty legacy and HSK1 records (2.29622ms)
2026-10-04T21:22:41.0204667Z ✔ first submission is immutable, latest updates without overwriting draft answer text (5.34247ms)
2026-10-04T21:22:41.0205840Z ✔ manual writing never receives automatic points (0.218594ms)
2026-10-04T21:22:41.0206834Z ✔ automatic choices and ordering grade exact IDs (0.309335ms)
2026-10-04T21:22:41.0207920Z ✔ save failure preserves draft and does not create success (0.633451ms)
2026-10-04T21:22:41.0208997Z ✔ competing tabs produce conflict instead of lost updates (0.747519ms)
2026-10-04T21:22:41.0210340Z ✔ backup preview, import and reset recovery are edition-isolated (2.131001ms)
2026-10-04T21:22:41.0211478Z ✔ stale import preview cannot replace later edits (0.840666ms)
2026-10-04T21:22:41.0212486Z ✔ corrupt original storage is protected and exportable (1.464949ms)
2026-10-04T21:22:41.0213609Z ✔ invalid imported scores, duplicate queues and legacy lesson numbers fail (0.554733ms)
2026-10-04T21:22:41.0214703Z ✔ routing normalizes invalid courses while retaining valid lesson 18 (0.904791ms)
2026-10-04T21:22:41.0216031Z ✔ historical question snapshots survive source edits and reorder without rescoring (4.593637ms)
2026-10-04T21:22:41.0217314Z ✔ legacy nonempty stores receive optional learning fields without overwriting submissions (0.258338ms)
2026-10-04T21:22:41.0218564Z ✔ routes preserve per-level lesson bounds and native HSK1 historical contracts (1.080846ms)
2026-10-04T21:22:41.0219842Z ✔ textbook activity and reading records reject foreign identities (0.447725ms)
2026-10-04T21:22:41.0221475Z ✔ independent listening round retains immutable per-question submissions and validates queue (0.458302ms)
2026-10-04T21:22:41.0223065Z ✔ backup snapshots validate their own historical answers without current-bank reinterpretation (0.664563ms)
2026-10-04T21:22:41.0224050Z ℹ tests 207
2026-10-04T21:22:41.0224663Z ℹ suites 0
2026-10-04T21:22:41.0225351Z ℹ pass 207
2026-10-04T21:22:41.0226001Z ℹ fail 0
2026-10-04T21:22:41.0226648Z ℹ cancelled 0
2026-10-04T21:22:41.0227287Z ℹ skipped 0
2026-10-04T21:22:41.0228253Z ℹ todo 0
2026-10-04T21:22:41.0228986Z ℹ duration_ms 5134.065634
2026-10-04T21:22:41.1435696Z 
2026-10-04T21:22:41.1436558Z > hsk1-modular-app@0.1.0 test
2026-10-04T21:22:41.1437195Z > node tools/run-checkpoint.mjs unit
2026-10-04T21:22:41.1437723Z 
2026-10-04T21:22:41.3476053Z ✔ next-round disclosures initialize once from saved rounds and keep content first (2.001129ms)
2026-10-04T21:22:41.3541705Z ✔ mixed cards use independent reversible native buttons and free group navigation (1.955928ms)
2026-10-04T21:22:41.3544043Z ✔ practice enters mixed cards directly while listening remains independently available from courses (0.43874ms)
2026-10-04T21:22:41.3572094Z ✔ Hanzi canvas precedes the complete bank and dialogue selectors are responsive alternatives (0.449293ms)
2026-10-04T21:22:41.3591853Z ✔ new GUI copy remains bilingual and long contiguous active scopes stay compact (0.906207ms)
2026-10-04T21:22:41.3697867Z ✔ assignment interface static copy has explicit Chinese and Vietnamese text (1.858503ms)
2026-10-04T21:22:41.3714955Z ✔ save presentation separates queued autosave from confirmed failure without changing storage (0.330232ms)
2026-10-04T21:22:41.3716847Z ✔ listening first/latest counts and session scope are separate bilingual facts (0.539622ms)
2026-10-04T21:22:41.3717763Z ✔ known controller and audio failures are translated semantically while unknown details survive (0.319694ms)
2026-10-04T21:22:41.3718662Z ✔ manual receipt copy states no automatic score and interpolated content remains literal (0.25548ms)
2026-10-04T21:22:41.3750745Z ✔ bounded audio waits for usable duration and then validates the complete requested range (9.81578ms)
2026-10-04T21:22:41.3757407Z ✔ bounded startup cannot unmute when usable duration disappears during its initial seek (0.463251ms)
2026-10-04T21:22:41.3760942Z ✔ initial unmute revalidates a silently refined duration at the settled seek (0.62606ms)
2026-10-04T21:22:41.3762071Z ✔ observed WebKit seeked rollback cannot unmute or certify the file head (0.998639ms)
2026-10-04T21:22:41.3763301Z ✔ a still-wrong clock is re-seeked silently rather than waiting for a 250ms update (0.420251ms)
2026-10-04T21:22:41.3764749Z ✔ a delayed recovery probe rewinds instead of silently dropping the first 250ms (0.286207ms)
2026-10-04T21:22:41.3770524Z ✔ stop and request replacement retire the pending position probe (0.664731ms)
2026-10-04T21:22:41.3771661Z ✔ a paused startup cannot be revived by its queued position probe (0.978906ms)
2026-10-04T21:22:41.3772759Z ✔ an out-of-range high clock stays silent and does not finish a never-started clip (0.586212ms)
2026-10-04T21:22:41.3773996Z ✔ a corrective seek exception is a retryable failure, never unmuted playback (0.733986ms)
2026-10-04T21:22:41.3775097Z ✔ persistent bad seek acknowledgments stop safely instead of a zero-delay spin (0.733383ms)
2026-10-04T21:22:41.3776347Z ✔ the first seeked clock directly 250ms too high also remains silent and rewinds (1.039583ms)
2026-10-04T21:22:41.3777776Z ✔ five playback rates retain a genuinely started pause/resume clock without rewinding (1.065608ms)
2026-10-04T21:22:41.3779232Z ✔ a retired probe cannot reposition the next track in the same playlist (0.729123ms)
2026-10-04T21:22:41.3781110Z ✔ corrective seek with no subsequent native events ends at the existing startup timeout (0.466225ms)
2026-10-04T21:22:41.3782683Z ✔ explicit start 0 without end preserves whole-original zero-duration recovery (0.257819ms)
2026-10-04T21:22:41.3783979Z ✔ start 0 with a finite end is still bounded and cannot bypass usable metadata (0.39507ms)
2026-10-04T21:22:41.3785258Z ✔ explicit start 0 whole original keeps an already advancing clock when positive duration arrives (0.255182ms)
2026-10-04T21:22:41.5583772Z ✔ a resolved play promise alone never claims actual playback; metadata sets the real range (5.690719ms)
2026-10-04T21:22:41.5644047Z ✔ generation cancellation ignores a late rejection and an old view abort cannot stop the new request (1.052646ms)
2026-10-04T21:22:41.5674309Z ✔ segment boundaries stop before the next recording; changing speed reschedules the actual media boundary (0.886046ms)
2026-10-04T21:22:41.5722428Z ✔ playlist advances once per range and stops on a real error instead of skipping or claiming success (0.757717ms)
2026-10-04T21:22:41.5791755Z ✔ a late play rejection from a preceding playlist item or paused play cannot poison its successor (1.28179ms)
2026-10-04T21:22:41.5821417Z ✔ pause during a delayed start remains paused; resume waits for playing and replay resets the range (0.639134ms)
2026-10-04T21:22:41.5840786Z ✔ an already started clock at HAVE_CURRENT_DATA can recover after waiting; zero/metadata readiness and seek jumps cannot (0.543742ms)
2026-10-04T21:22:41.5897741Z ✔ clock and readiness cannot invent a first playing event; genuinely stalled resumed media times out (0.467461ms)
2026-10-04T21:22:41.5921362Z ✔ loading an original track already at zero avoids a redundant initial seek (0.360994ms)
2026-10-04T21:22:41.5951316Z ✔ autoplay denial stays an error until an explicit retry really starts playback (0.62369ms)
2026-10-04T21:22:41.5969399Z ✔ a stalled media start and a silent synthesis start terminate with a retryable error (0.791802ms)
2026-10-04T21:22:41.6001488Z ✔ bad ranges are rejected and range beyond media duration never plays (0.312897ms)
2026-10-04T21:22:41.6029164Z ✔ metadata rejects a truncated segment and later duration corrections cannot silently shorten it (0.406878ms)
2026-10-04T21:22:41.6030906Z ✔ ended before a playing or speech start event reports error and never advances a playlist (0.343524ms)
2026-10-04T21:22:41.6063536Z ✔ speech waits for a Chinese voice and for a start event, with clear TTS source and selected replay speed (0.403806ms)
2026-10-04T21:22:41.6095236Z ✔ a device with only foreign voices reports unsupported, then can retry after Chinese voices arrive (0.326952ms)
2026-10-04T21:22:41.6110667Z ✔ switching media cancels speech, and a cancelled waiting voice request cannot start after leaving its view (0.39868ms)
2026-10-04T21:22:41.6151613Z ✔ disposal cancels pending work, clears timers and listeners, and isolates observers and snapshots (0.321896ms)
2026-10-04T21:22:41.6153338Z ✔ a view stopping synchronously on a loading notification cannot resurrect media or leave voice timers (0.311759ms)
2026-10-04T21:22:41.6181563Z ✔ a late native resume rejection after the intentional segment boundary cannot replace ended with error (0.321466ms)
2026-10-04T21:22:41.6213144Z ✔ a retired native play rejection at a sequence boundary cannot fail the next segment (0.346885ms)
2026-10-04T21:22:41.6241590Z ✔ native play plus real advancing ready clock confirms resume when WebKit omits another playing event (0.300312ms)
2026-10-04T21:22:41.6243104Z ✔ native play alone cannot invent a first playing event, a stalled resume or a seek jump (0.251677ms)
2026-10-04T21:22:41.6271558Z ✔ transient WebKit zero-duration metadata does not reject an original recording or claim playback early (0.260042ms)
2026-10-04T21:22:41.6301398Z ✔ zero-duration placeholder never bypasses a later real truncated-segment check (0.188943ms)
2026-10-04T21:22:41.6318801Z ✔ playing before positive metadata waits; positive duration then confirms the actual native start (0.54325ms)
2026-10-04T21:22:41.6351402Z ✔ canplay or permanent zero duration never substitutes for confirmed usable playback (0.314622ms)
2026-10-04T21:22:41.6381347Z ✔ empty/corrupt media ending at zero and metadata seek exceptions remain hard failures (0.443214ms)
2026-10-04T21:22:41.6441405Z ✔ persistent zero metadata on a whole recording requires two real native clock advances (0.357187ms)
2026-10-04T21:22:41.6453443Z ✔ zero-metadata clock recovery cannot certify bounded clips, paused clocks or seek jumps (0.487481ms)
2026-10-04T21:22:41.6454766Z ✔ WebKit silent positive duration on timeupdate confirms playback without restarting the original (0.227889ms)
2026-10-04T21:22:41.6461300Z ✔ silent positive duration still rejects truncated segments and does not certify a paused or seeking clock (0.339573ms)
2026-10-04T21:22:41.6463234Z ✔ bounded original clips stay silent through WebKit zero duration and until the initial seek settles (0.292933ms)
2026-10-04T21:22:41.6464654Z ✔ an original whole track is not accidentally left muted after a cancelled bounded clip (0.332244ms)
2026-10-04T21:22:41.6465885Z ✔ wrong and empty passwords cannot grant access or write any session key (12.414849ms)
2026-10-04T21:22:41.6467004Z ✔ a v2 session is reused by a new service instance without extra writes (1.055999ms)
2026-10-04T21:22:41.6468156Z ✔ every legacy alias and obsolete local key fails to bypass v2 authorization (0.576431ms)
2026-10-04T21:22:41.6469329Z ✔ a development hostname does not bypass the session gate (0.275266ms)
2026-10-04T21:22:41.6470615Z ✔ storage exceptions do not imply authorization and wrong passwords remain rejected (2.616202ms)
2026-10-04T21:22:41.6471814Z ✔ correct password writes the original v2 key and complete session aliases (0.851094ms)
2026-10-04T21:22:41.6472920Z ✔ correct password allows only this instance when storage is denied (1.009029ms)
2026-10-04T21:22:41.6474145Z ✔ correct password reports a failed persistence read without losing memory access (0.776602ms)
2026-10-04T21:22:41.6475257Z ✔ password verification fails closed when WebCrypto is unavailable (1.36094ms)
2026-10-04T21:22:41.6476384Z ✔ password verification fails closed when SubtleCrypto is unavailable (0.293752ms)
2026-10-04T21:22:41.6477447Z ✔ password verification fails closed when WebCrypto digest throws (0.265233ms)
2026-10-04T21:22:41.6478586Z ✔ password verification fails closed when WebCrypto digest rejects (0.287748ms)
2026-10-04T21:22:41.7192032Z ✔ student backup summary retains every count and empty-record warning without implementation jargon (17.120525ms)
2026-10-04T21:22:41.7207754Z ✔ backup explanations retain uncertainty and preserve-only semantics in Chinese and Vietnamese (0.907105ms)
2026-10-04T21:22:41.7515566Z ✔ vocabulary UI dictionaries pair explicit Chinese and Vietnamese without changing curriculum content (2.682106ms)
2026-10-04T21:22:41.7517949Z ✔ paired DOM helper preserves language semantics, safe text, and updates rather than duplicating labels (0.664587ms)
2026-10-04T21:22:43.2131905Z ✔ the frozen corpus is reproducible, has all required counts and no copied audio payload (43.308784ms)
2026-10-04T21:22:43.2162164Z ✔ HTML order includes every mandatory layer and rejects unknown or missing scripts (2.653699ms)
2026-10-04T21:22:43.2167239Z ✔ all final textbook corrections survive extraction, including speaker and timing repairs (0.680462ms)
2026-10-04T21:22:43.2224436Z ✔ sense mapping preserves polysemy and detects semantic or same-lesson mapping drift (7.230196ms)
2026-10-04T21:22:43.2241364Z ✔ media references reject missing originals, orphan clips and unsupported invented word audio (23.692954ms)
2026-10-04T21:22:43.2242673Z ✔ clip integrity requires actual bytes, expected SHA256 and strict base64 (0.761589ms)
2026-10-04T21:22:43.2271852Z ✔ record and artifact fingerprints bind IDs, sources and exported contents (38.844544ms)
2026-10-04T21:22:43.2314719Z ✔ static content extraction handles brackets inside strings and fails on unsupported input (1.673511ms)
2026-10-04T21:22:43.2323321Z ✔ check mode fails on stale or absent output and never repairs it implicitly (1.623116ms)
2026-10-04T21:22:43.2616848Z ✔ domain rules match pinned bodies except approved navigation, search and listening-size changes (5.05359ms)
2026-10-04T21:22:43.2618661Z ✔ real nonempty old records retain reading, first/latest, submitted translations, redo drafts and recovery raw (54.005625ms)
2026-10-04T21:22:43.2619627Z ✔ shared records of other HSK levels stay byte-for-byte in raw and never become HSK1 progress (36.530103ms)
2026-10-04T21:22:43.2620834Z ✔ stage2 takes precedence; corrupt main does not silently activate stage1, learning or recovery (59.877995ms)
2026-10-04T21:22:43.2622005Z ✔ stage1 app missing or explicit migrates only lesson3 and avoids a new nested archive copy (18.288229ms)
2026-10-04T21:22:43.2623306Z ✔ legacy compatibility verifies actual original identities rather than trusting same-ID flags (21.313615ms)
2026-10-04T21:22:43.2624447Z ✔ a full old L3 group with one changed identity keeps only verified partial drafts and no grade (19.043775ms)
2026-10-04T21:22:43.2625624Z ✔ listening and vocabulary state restore real sessions, unsubmitted choices, rating queues and distinct senses (14.065701ms)
2026-10-04T21:22:43.2626808Z ✔ new backup import refuses changed grades, boolean results and manual scores instead of trusting them (128.178422ms)
2026-10-04T21:22:43.2627893Z ✔ valid old backups recompute modified grades and report the policy explicitly (24.773207ms)
2026-10-04T21:22:43.2629136Z ✔ wrong app/schema, unknown IDs, altered fingerprints, incomplete answers and invalid timestamps are rejected (66.599301ms)
2026-10-04T21:22:43.2631421Z ✔ importing one legacy domain preserves every unrelated domain and original source string (72.648358ms)
2026-10-04T21:22:43.2632604Z ✔ repeated new-format validation and migration round trips add no archive layers or identity changes (63.125228ms)
2026-10-04T21:22:43.2633641Z ✔ access gates are excluded from migration and forbidden in new learning backups (28.899275ms)
2026-10-04T21:22:43.2634726Z ✔ malformed reading or previous sources produce visible warnings while retaining source bytes (24.542473ms)
2026-10-04T21:22:43.2635861Z ✔ clock rollback does not redefine semantic first/latest or reject an otherwise valid old record (27.495449ms)
2026-10-04T21:22:43.2637003Z ✔ old self-ratings map to active cards only with an exact unique Hanzi, pinyin and meaning identity (43.198381ms)
2026-10-04T21:22:43.2638119Z ✔ known old again rating becomes a validated active again schedule without fabricating test scores (17.619803ms)
2026-10-04T21:22:43.2639284Z ✔ pilot source discovery and uploaded backup retain exact bytes and expose unsupported answers without invented grades (7.719685ms)
2026-10-04T21:22:43.2640693Z ✔ on-device discovery adds missing old lessons while preserving every existing current answer, draft and active queue (47.992917ms)
2026-10-04T21:22:43.2642418Z ✔ full original answer corpus maps 299 original-domain submissions and excludes the corrected task without scoring rewritten homework (38.999187ms)
2026-10-04T21:22:43.2644272Z ✔ score-only original history stays in raw and is counted unsupported, never converted into a submission (6.078776ms)
2026-10-04T21:22:43.2645470Z ✔ data safety copy covers every state, summary metric and reset module in both languages (5.302752ms)
2026-10-04T21:22:43.2646535Z ✔ dynamic copy retains exact source counts, reset scope and comparison evidence (0.374561ms)
2026-10-04T21:22:43.2647709Z ✔ controlled diagnostics are paired without translating or discarding unfamiliar raw detail (0.464118ms)
2026-10-04T21:22:43.2648601Z ✔ compatibility warnings become bilingual while exact source bytes and source count evidence survive (26.365842ms)
2026-10-04T21:22:43.2649492Z ✔ reset title and validation errors preserve Vietnamese contracts and add Chinese scope (12.162442ms)
2026-10-04T21:22:43.2650597Z ✔ a retired URL cannot enumerate an untouched bank, even with a remembered position (3.211972ms)
2026-10-04T21:22:43.2651853Z ✔ projection is restricted to the exact set, lesson and group and preserves entry/authority identity (1.380177ms)
2026-10-04T21:22:43.2653006Z ✔ explicit zero, empty token and empty writing drafts remain drafts without synthetic scores or dates (3.112782ms)
2026-10-04T21:22:43.2654148Z ✔ first/latest/all submissions preserve saved order, timestamps, grades, fingerprints and retry drafts (0.926541ms)
2026-10-04T21:22:43.2655223Z ✔ archiving never grades against an answer key or changes a stored result (0.568399ms)
2026-10-04T21:22:43.2656263Z ✔ manual saved text, empty lines and Unicode remain exact and never acquire an automatic grade (0.591167ms)
2026-10-04T21:22:43.2657246Z ✔ shared authority data appears only under an entry in the selected scope (0.511025ms)
2026-10-04T21:22:43.2658522Z ✔ original homework receipts are separate from review attempts and never expose untouched aliases (2.999979ms)
2026-10-04T21:22:43.2659850Z ✔ capped original homework histories keep first and latest separate without fabricating lost attempts (6.39253ms)
2026-10-04T21:22:43.2661199Z ✔ a confirmed reset empties the projected scope while preserving the source and other lessons (0.783946ms)
2026-10-04T21:22:43.2662422Z ✔ archive view has no write, retry, grading, audio, or draft-exit owner and leaves maintenance module intact (0.568288ms)
2026-10-04T21:22:43.2663313Z ✔ all exercise interface labels have explicit Chinese and Vietnamese copies (2.621774ms)
2026-10-04T21:22:43.2664342Z ✔ dynamic labels preserve all counts, source references and typed profile text without translating curriculum (0.627244ms)
2026-10-04T21:22:43.2665218Z ✔ pending-save copy never claims a failed write and known failure guidance remains specific (0.301601ms)
2026-10-04T21:22:43.2666092Z ✔ submissions retain first/latest order across clock rollback, reject double submit, schedule from answers (2.940647ms)
2026-10-04T21:22:43.2667019Z ✔ manual tasks never gain grades, invisible-only strings are incomplete, mistakes/due exclude them (0.964056ms)
2026-10-04T21:22:43.2667890Z ✔ wrong/due questions preserve shared authorities, lesson scope and current homework first scores (1.317034ms)
2026-10-04T21:22:43.2668715Z ✔ drafts, token domains, retry flags, positions, reset and unsupported data are validated (1.408848ms)
2026-10-04T21:22:43.2669549Z ✔ v2 migration uses pinned identity witness, recomputes first/attempt, never score-only history (20.212091ms)
2026-10-04T21:22:43.2670672Z ✔ current-homework review uses attempt sequence instead of wall clock and old records remain readable (0.706106ms)
2026-10-04T21:22:43.2671666Z ✔ v2 restarted groups keep every previously submitted question open even when new drafts are empty or partial (0.827882ms)
2026-10-04T21:22:43.2672623Z ✔ all committed fixtures reproduce byte-for-byte with fixed timestamps and no private or media payload (4.049105ms)
2026-10-04T21:22:43.2673459Z ✔ reading, shared and navigation fixtures preserve distinct raw strings and non-HSK1 rows (0.38541ms)
2026-10-04T21:22:43.2674489Z ✔ learning_v2 contains real old objective and translation submissions but no invented complete current group (10.362952ms)
2026-10-04T21:22:43.2675400Z ✔ stage1 missing and explicit app fixtures migrate L3 and separate submitted translation A from redo B (8.533251ms)
2026-10-04T21:22:43.2676375Z ✔ stage2 fixtures are valid nonempty states with both histories, long raw text, distinct drafts and recovery (10.904742ms)
2026-10-04T21:22:43.2677310Z ✔ stage3 fixtures retain first/latest, unsubmitted listening selection/count, three schedules and partial review (9.600155ms)
2026-10-04T21:22:43.2678280Z ✔ nonempty fixtures support meaningful bad identity, fingerprint and answer mutations without rewriting source (14.717149ms)
2026-10-04T21:22:49.8279080Z ✔ view reads and rejected actions do not create or dirty empty lesson groups (62.767579ms)
2026-10-04T21:22:49.8291152Z ✔ all 75 choice questions accept only the calibrated option among four choices (589.591136ms)
2026-10-04T21:22:49.8310928Z ✔ all 95 frozen accepted sorting variants score correctly and each of 75 wrong orders is rejected (1.283385ms)
2026-10-04T21:22:49.8341726Z ✔ 15 complete lessons retain first zero scores, latest full scores and 75 ungraded manual submissions (5458.744632ms)
2026-10-04T21:22:49.8371497Z ✔ manual original text and new draft stay separate through redo, save and backup import (68.196976ms)
2026-10-04T21:22:49.8401582Z ✔ blank invisible translations fail completion, long limits do not truncate drafts and profile remains bounded (37.63549ms)
2026-10-04T21:22:49.8403266Z ✔ sorting orders survive remount, duplicates and partial drafts cannot submit, submitted order remains immutable (52.630996ms)
2026-10-04T21:22:49.8431662Z ✔ retained history stays bounded while first attempt and unrelated learning domains remain intact (423.527877ms)
2026-10-04T21:22:49.8451924Z ✔ view limits and navigation availability reuse the canonical homework rules (26.426974ms)
2026-10-04T21:22:49.8465675Z ✔ collecting untouched empty translations is a no-op while deleting entered text remains a dirty edit (38.760932ms)
2026-10-04T21:22:49.8726867Z ✔ unreleased v1 candidate identity is rejected without silently regrading earlier submitted answers (14.547541ms)
2026-10-04T21:22:49.8756709Z ✔ a stale unreleased candidate primary remains byte-exact exportable and cannot be overwritten by save (3.780011ms)
2026-10-04T21:22:49.8781553Z ✔ all 225 pre-v1 legacy homework submissions remain accepted with their original fingerprints and scores (50.781235ms)
2026-10-04T21:22:49.8806102Z ✔ homework v1 has exactly 15 × 30 questions with the approved five-part ratios (6.628934ms)
2026-10-04T21:22:49.8808824Z ✔ all identities are version-scoped, globally unique, and have canonical content fingerprints (34.41461ms)
2026-10-04T21:22:49.8810293Z ✔ all 300 MC questions have four different options and exactly one keyed correct option (5.654479ms)
2026-10-04T21:22:49.8811773Z ✔ manual translation content is prompt-only and cannot leak answers or automatic scoring fields (5.506124ms)
2026-10-04T21:22:49.8813293Z ✔ the authoritative mapping exhaustively resolves every question to immutable authority and entry content (22.912082ms)
2026-10-04T21:22:49.8814735Z ✔ lesson metadata and source labels preserve known origins without inventing legacy textbook pages (7.117019ms)
2026-10-04T21:22:49.8816259Z ✔ all listening audio intervals, transcripts and pinyin are preserved, including the corrected lesson-10 clip (7.557056ms)
2026-10-04T21:22:49.8817782Z ✔ lesson-3 authored scenarios have distinct propositions and individual Chinese/Vietnamese distractor checks (3.519325ms)
2026-10-04T21:22:49.8819377Z ✔ 450-item inventory and exhaustive evidence track revisions and only three explicit reinforcement exceptions (1067.401864ms)
2026-10-04T21:22:49.8871607Z ✔ all 191 reviewed overlays have resolved current-or-earlier scope and exact public content change records (14.326141ms)
2026-10-04T21:22:49.8901494Z ✔ new sorting expressions are exact permutations of their own tokens, including all accepted variants (1.689933ms)
2026-10-04T21:22:49.8903075Z ✔ duplicate/leak regression checks catch reordered MC options, completed clozes and wrong-option/manual exposure (2619.968007ms)
2026-10-04T21:22:49.8931585Z ✔ mapping accounts for every unselected comprehensive and pilot entry and standalone authority (2.939003ms)
2026-10-04T21:22:49.8951736Z ✔ comprehensive shared-reference resolver preserves overrides, option order and correct-answer identity (2.398832ms)
2026-10-04T21:22:49.8981652Z ✔ all three source banks remain byte-identical and generated artifacts are reproducible (925.257425ms)
2026-10-04T21:22:49.9001210Z ✔ check mode rejects drift without repairing it and generation refuses changed source bytes (1177.37601ms)
2026-10-04T21:22:49.9021402Z ✔ all 450 distinct questions submit with 375 automatic results and 75 genuinely ungraded writing answers (39.160742ms)
2026-10-04T21:22:49.9051373Z ✔ read, invalid answers, locked groups and incomplete submissions never dirty or create groups (16.513577ms)
2026-10-04T21:22:49.9091498Z ✔ zero-score completed section unlocks next; restart retains immutable first/latest/history and does not relock (54.70678ms)
2026-10-04T21:22:49.9092991Z ✔ new homework saves reloads exports imports and resets without relabeling any old submission (65.841667ms)
2026-10-04T21:22:49.9094178Z ✔ old modular backup extends with an empty new version and unchanged legacy route/history (2.487251ms)
2026-10-04T21:22:49.9095364Z ✔ legacy source imports supplement only old domains and cannot overwrite versioned progress (9.481947ms)
2026-10-04T21:22:49.9096709Z ✔ new-state tampering and cross-version answers are rejected rather than accepted as grades (7.970301ms)
2026-10-04T21:22:49.9097909Z ✔ twenty retained attempts preserve the real first attempt after the history window moves (1.857132ms)
2026-10-04T21:22:49.9099359Z ✔ manual IME-sized drafts preserve exact text and rejected overflow never truncates accepted text (4.189319ms)
2026-10-04T21:22:49.9100920Z ✔ new and legacy route identity and totals remain separate; original audio is used unchanged (7.420585ms)
2026-10-04T21:22:49.9102244Z ✔ the single exit guard collects a DOM-only tail before checking dirty state and coalesces repeated exit attempts (18.051958ms)
2026-10-04T21:22:49.9103628Z ✔ an invalid DOM-only draft warns even when the store is clean without inventing a persisted draft (0.678156ms)
2026-10-04T21:22:49.9104986Z ✔ only the current exit collector runs; stale unsubscribe and disposal cannot revive or clear another registration (0.49589ms)
2026-10-04T21:22:49.9106455Z ✔ an exit collector failure cannot silently permit abandoning visible input (4.805635ms)
2026-10-04T21:22:49.9107761Z ✔ beforeunload protects an unsaved draft while its normal locked flush is pending, and saved state does not prompt (8.537313ms)
2026-10-04T21:22:49.9108982Z ✔ failed saves keep exit protection active and an explicit discard reload clears it (8.763971ms)
2026-10-04T21:22:49.9110896Z ✔ opening or flushing a clean app does not create a learning record (0.41048ms)
2026-10-04T21:22:49.9111979Z ✔ rapid edits keep the latest multiline Chinese in memory and debounce to one confirmed write (8.131996ms)
2026-10-04T21:22:49.9113518Z ✔ concurrent flush callers share a pending write and edits while waiting for the lock enter that write (5.769371ms)
2026-10-04T21:22:49.9114803Z ✔ an edit published immediately after a commit receives a second write without losing the newer draft (7.736571ms)
2026-10-04T21:22:49.9116104Z ✔ quota failure stops automatic retries, preserves exportable memory work, and allows explicit retry (8.52244ms)
2026-10-04T21:22:49.9117509Z ✔ dispose cancels its debounce timer and waits for the final lock before closing the shared store (4.544399ms)
2026-10-04T21:22:49.9118701Z ✔ external conflict preserves memory and final flushing never overwrites another tab (8.016132ms)
2026-10-04T21:22:49.9120057Z ✔ leaving a data view cancels its queued import or restore while the application session remains writable (21.992794ms)
2026-10-04T21:22:49.9152067Z ✔ exactly300 original and30pilot entry paths resolve,12current original refs plus3pilot shared cores (1.333647ms)
2026-10-04T21:22:49.9153560Z ✔ all300original prompts,contexts,choice domains,token domains and correct targets match source except documented transcript correction (16.726286ms)
2026-10-04T21:22:49.9155049Z ✔ pilot contexts/domains remain exact while5writing tasks contain prompt/source only (18.33632ms)
2026-10-04T21:22:49.9156327Z ✔ every authored fingerprint is content-exact and every original audio range fits the existing track (8.829312ms)
2026-10-04T21:22:49.9157623Z ✔ manual answer leakage,missingpassage,aliasdomains andduplicatedentries are rejected (53.432034ms)
2026-10-04T21:22:49.9158779Z ✔ loading gates module fieldsets until ready and preserves individual button rules (9.527018ms)
2026-10-04T21:22:49.9159782Z ✔ a new route synchronously aborts and unmounts the old module (0.791292ms)
2026-10-04T21:22:49.9160927Z ✔ a late importer cannot mount or replace the current surface (2.338923ms)
2026-10-04T21:22:49.9161841Z ✔ a late ready and old surface writes cannot affect the new module (1.714241ms)
2026-10-04T21:22:49.9162830Z ✔ late rejected import and ready promises stay observed after cancellation (1.905046ms)
2026-10-04T21:22:49.9163801Z ✔ import and ready failures clean up and retry the latest route (0.889564ms)
2026-10-04T21:22:49.9164744Z ✔ a throwing unmount blocks the next mount and remains available for retry (0.511827ms)
2026-10-04T21:22:49.9165800Z ✔ navigation during a throwing unmount cannot hide the cleanup failure (0.49617ms)
2026-10-04T21:22:49.9166744Z ✔ navigation during error cleanup also preserves a throwing unmount (1.279165ms)
2026-10-04T21:22:49.9167692Z ✔ dispose aborts pending work, unmounts once, and stays idempotent (2.24553ms)
2026-10-04T21:22:49.9168516Z ✔ dispose during import prevents a late mount (1.44119ms)
2026-10-04T21:22:49.9169576Z ✔ dispose inside a throwing unmount still reports the cleanup failure (0.54809ms)
2026-10-04T21:22:49.9170878Z ✔ ready in-place route updates keep their view, skip remount focus, and retry the latest route (0.442814ms)
2026-10-04T21:22:49.9171931Z ✔ in-place updates are never attempted on loading or disposed views (1.908008ms)
2026-10-04T21:22:49.9173068Z ✔ listening content preserves the sole catalog, exactly 75 unique original questions and 15 × 5 quotas (62.251884ms)
2026-10-04T21:22:49.9174364Z ✔ all 75 audio requests use exact declared original tracks and ranges, never clip duration or base64 media packs (30.829258ms)
2026-10-04T21:22:49.9202340Z ✔ missing, duplicated or misplaced questions and malformed choices, feedback or transcript fail the whole load (153.15147ms)
2026-10-04T21:22:49.9203782Z ✔ lesson and source provenance rejects duplicate lessons, page offset drift, absent sections and mixed baselines (64.450648ms)
2026-10-04T21:22:49.9205030Z ✔ missing, duplicate, orphan or different media identities cannot silently choose substitute audio (78.8294ms)
2026-10-04T21:22:49.9206265Z ✔ range validation rejects negative, equal, nonfinite and beyond-track boundaries without clamping (49.126252ms)
2026-10-04T21:22:49.9207435Z ✔ actual SHA256 verification detects valid-shaped question, clip and original metadata drift (162.638751ms)
2026-10-04T21:22:49.9208615Z ✔ loaded content is deeply readonly, isolates caller mutations and never alters inputs (52.084077ms)
2026-10-04T21:22:49.9209766Z ✔ loader fetches only the two established content files with the view signal and reports HTTP failure (20.904684ms)
2026-10-04T21:22:49.9211099Z ✔ pre-aborted, late JSON and in-flight fingerprint work never return content for a departed module (13.673372ms)
2026-10-04T21:22:57.7888413Z ✔ construction, empty reads and rejected actions do not create a round or schedule writes (14.940162ms)
2026-10-04T21:22:57.7912527Z ✔ first route initializes its lesson once; mixed or empty explicit selections survive visits and remounts (37.376692ms)
2026-10-04T21:22:57.7915911Z ✔ only supported preferences change, five speeds remain exact and normalized same values do not resave (20.826704ms)
2026-10-04T21:22:57.7917904Z ✔ all 75 canonical questions grade each of four original options correctly without trusting display order (686.042776ms)
2026-10-04T21:22:57.7919595Z ✔ all 75 wrong-first then correct-redo answers retain first/latest separately and leave other domains intact (10391.910061ms)
2026-10-04T21:22:57.7921374Z ✔ selection, queue, shuffled option orders and exact engine fingerprints resume after actual save and refresh (100.763759ms)
2026-10-04T21:22:57.7923174Z ✔ submission gates feedback and forward navigation; invalid answers and repeated submissions leave saved draft unchanged (17.088706ms)
2026-10-04T21:22:57.7924845Z ✔ successful playback tokens count once, repeated and slow listens do not change score, stale callbacks never write (22.204868ms)
2026-10-04T21:22:57.7926425Z ✔ wrong-only filter uses latest records in selected lessons, starting a fresh round preserves earlier records (591.732343ms)
2026-10-04T21:22:57.7928002Z ✔ backup validation recalculates scores and rejects same IDs with changed question fingerprints (33.93204ms)
2026-10-04T21:22:57.7929508Z ✔ invalid random source and invalid clock fail before dirtying global data or overwriting a resumable round (9.36767ms)
2026-10-04T21:22:57.7931226Z ✔ 5/10/all listening round sizes preserve fingerprints, exact saved queue and unrelated scores (34.920976ms)
2026-10-04T21:22:57.8058295Z ✔ mixed reads are pure, route scope starts at current lesson and draft scope never writes (128.425839ms)
2026-10-04T21:22:57.8068706Z ✔ mixed all-course pool has 344 senses/319 forms and only start shuffles once (581.942921ms)
2026-10-04T21:22:57.8070660Z ✔ existing non-card preferences cannot replace the first route scope or affect browsing options (39.19744ms)
2026-10-04T21:22:57.8071772Z ✔ empty draft cannot replace a round and invalid anchors never write (48.576971ms)
2026-10-04T21:22:57.8073130Z ✔ shared senses merge only selected sources and never borrow outside-scope audio (33.219908ms)
2026-10-04T21:22:57.8074346Z ✔ compatible legacy all/zh-vi queue resumes its exact order/anchor without altering original data (125.132402ms)
2026-10-04T21:22:57.8075573Z ✔ reverse, due, unfamiliar, and search-scoped legacy queues stay untouched and require a new round (288.241807ms)
2026-10-04T21:22:57.8076765Z ✔ saved order, anchor, scope and original practice roundtrip through reload/export/import (183.337084ms)
2026-10-04T21:22:57.8078049Z ✔ malformed mixed state, order, pool, anchor and fingerprints are rejected before replacing valid state (247.242401ms)
2026-10-04T21:22:57.8079653Z ✔ scoped resets preserve retained mixed order and anchor; unrelated reset leaves mixed state unchanged (194.827786ms)
2026-10-04T21:22:57.8080970Z ✔ shared-sense scoped reset recalculates source fingerprint without removing retained sense (18.841982ms)
2026-10-04T21:22:57.8082170Z ✔ reset preview cancellation, failed write and restoration preserve mixed round atomically (92.89656ms)
2026-10-04T21:22:57.8083515Z ✔ failed persistence keeps actual mixed memory round exportable and never writes legacy state (116.432945ms)
2026-10-04T21:22:57.8084787Z ✔ progress resumes new mixed anchor before legacy position without changing historical rating summary (62.786179ms)
2026-10-04T21:22:57.8086288Z ✔ progress only claims compatible old rounds and never resurrects old position after explicit mixed reset (160.412235ms)
2026-10-04T21:22:57.8087617Z ✔ four presentation groups retain every existing route exactly once (1.76133ms)
2026-10-04T21:22:57.8088833Z ✔ inactive registry preserves object identity and has no synthetic accepted revision (1.171596ms)
2026-10-04T21:22:57.8090364Z ✔ canonical proposal removes every exact independentReview key, preserves array order and hashes UTF-8 (9.604967ms)
2026-10-04T21:22:57.8091643Z ✔ accepted synthetic projection clones language only and preserves exact raw grading identity (8.009701ms)
2026-10-04T21:22:57.8093340Z ✔ whole registry rejects stale baseline, byte tampering, parent drift, duplicate field, self-review and foreign consumer before projection (15.039223ms)
2026-10-04T21:22:57.8094924Z ✔ wordSenses and mixed cards project Vietnamese while catalog/sourceRecords/fingerprints remain raw (184.738139ms)
2026-10-04T21:22:57.8096520Z ✔ registered HSK1 source mapper uses actual original pointers, parent display leaves and unique semantic owners (80.569228ms)
2026-10-04T21:22:57.8098013Z ✔ original option index guards reject frozen Chinese labels and ambiguous Vietnamese display options (6.892314ms)
2026-10-04T21:22:57.8099578Z ✔ course overview title uses its exact owner while Chinese and all original count fields stay unchanged (1.386238ms)
2026-10-04T21:22:57.8101319Z ✔ both inactive and active config roots require the exact supported schema before asset loading (0.663852ms)
2026-10-04T21:22:57.8102680Z ✔ empty progress retains independent 225 homework / 150 objective / 75 translation / 75 listening / 344 sense denominators (9.876902ms)
2026-10-04T21:22:57.8104156Z ✔ nonempty cross-domain progress preserves first/latest scores, translation submission and a separate redo draft (27.921347ms)
2026-10-04T21:22:57.8105692Z ✔ partial homework completion reports full denominators and low-score redo does not replace the first score (9.299841ms)
2026-10-04T21:22:57.8107113Z ✔ reading marks, stars and vocabulary ratings never become homework completion or objective scores (17.760725ms)
2026-10-04T21:22:57.8108254Z ✔ due counts separate new cards from rated cards and include the exact due-time boundary (25.478743ms)
2026-10-04T21:22:57.8109603Z ✔ same written forms keep their different sense schedules and never reduce the 344 denominator to 319 (24.27093ms)
2026-10-04T21:22:57.8111425Z ✔ continuation preserves textbook sections and homework parts, while practice resolves the actual saved item (87.901924ms)
2026-10-04T21:22:57.8117818Z ✔ a saved module with no active round continues its selected route without inventing a position (0.336314ms)
2026-10-04T21:22:57.8119696Z ✔ validated backup export and restore reproduce the same progress and continuation without changing the schema (58.798568ms)
2026-10-04T21:22:57.8121450Z ✔ opening five textbook sections records visited sections and exact continuation, never completion or homework scores (47.641899ms)
2026-10-04T21:22:57.8122906Z ✔ same route visited again does not schedule another write or duplicate shared sections (6.285811ms)
2026-10-04T21:22:57.8124300Z ✔ lesson completion is an explicit independent mark and can be removed without resetting visits or submitted work (8.642504ms)
2026-10-04T21:22:57.8125932Z ✔ mastered word keys remain compatible and restore across a validated backup; unknown words are rejected (14.656832ms)
2026-10-04T21:22:57.8127424Z ✔ lesson reset touches only selected active lesson and preserves profile, settings, raw and unrelated domains (99.269423ms)
2026-10-04T21:22:57.8128825Z ✔ module and all-course reset clear active progress and keep safety copies and unrelated settings (47.423844ms)
2026-10-04T21:22:57.8130261Z ✔ shared-sense lesson reset retains other lessons schedule and announces the exception (13.161641ms)
2026-10-04T21:22:57.8131638Z ✔ preview, cancellation, stale confirmation, failed write and recovery never discard current data (128.122618ms)
2026-10-04T21:22:57.8133003Z ✔ old backups default exercises to blank and scoped exercise resets preserve other lessons and original homework (59.345611ms)
2026-10-04T21:22:57.8134460Z ✔ single-lesson reset removes only that lesson from mixed sessions and preserves other lesson drafts and revealed cards (107.494684ms)
2026-10-04T21:22:57.8135872Z ✔ 5/10 sized mixed listening reset preserves exact outside-scope answers through repeated reset and import (97.683756ms)
2026-10-04T21:22:57.8137265Z ✔ homework reset and replacement import rebase retained review witnesses without deleting exercise answers (31.892743ms)
2026-10-04T21:22:57.8138413Z ✔ canonical hashes have highest priority and round-trip every route feature (4.257644ms)
2026-10-04T21:22:57.8139708Z ✔ legacy mode, lesson pages, stages and integrated homework hashes are preserved (0.903167ms)
2026-10-04T21:22:57.8141074Z ✔ invalid route fields normalize safely and fields stay feature-specific (0.746384ms)
2026-10-04T21:22:57.8142116Z ✔ initial canonicalization replaces one entry only when the URL differs (2.270082ms)
2026-10-04T21:22:57.8143169Z ✔ 500 equivalent navigations make zero writes; a changed route makes exactly one (21.775749ms)
2026-10-04T21:22:57.8144212Z ✔ popstate/hashchange dedupe while back and forward restore the address route (2.961691ms)
2026-10-04T21:22:57.8145253Z ✔ unsubscribe and dispose release listeners and stop notifications/history writes (0.564552ms)
2026-10-04T21:22:57.8146211Z ✔ disposing during a notification stops remaining subscribers (0.32893ms)
2026-10-04T21:22:57.8147042Z ✔ navigation inside a subscriber does not deliver an obsolete route afterward (1.069696ms)
2026-10-04T21:22:57.8148363Z ✔ original/pilot/homework-review routes roundtrip with bounded groups and independent filters (0.848878ms)
2026-10-04T21:22:57.8149551Z ✔ L4 source sidecar locks original cardinality, answers, pinyin, source pages and ungraded tasks (2.868458ms)
2026-10-04T21:22:57.8150974Z ✔ numeric tables preserve all original sparse grid positions, six large numbers and 二/两 (0.475402ms)
2026-10-04T21:22:57.8152199Z ✔ ten original schematic SVGs have explicit source-cell mappings and no external or active payloads (1.61297ms)
2026-10-04T21:22:57.8153199Z ✔ all five frozen HSK1 source banks are byte-identical (3.066654ms)
2026-10-04T21:22:57.8154705Z ✔ source save/export/reload/history/reset/restore preserve nonempty primary and legacy exact bytes and old tabs still write (46.432989ms)
2026-10-04T21:22:57.8156199Z ✔ older activity versions survive catalogue changes as inert context and independent histories (1.410495ms)
2026-10-04T21:22:57.8157636Z ✔ source validation rejects malformed domains, duplicate history, unknown fields and wrong edition (1.062915ms)
2026-10-04T21:22:57.8159077Z ✔ source quota failure retains exportable draft, confirms no saved reference and leaves old primary intact (3.681221ms)
2026-10-04T21:22:57.8160606Z ✔ source write-then-throw needs exact readback; a newer third value is never overwritten (1.888363ms)
2026-10-04T21:22:57.8161875Z ✔ source missing locks, unreadable storage and unresolved pair journal fail closed (2.471709ms)
2026-10-04T21:22:57.8163249Z ✔ source stale preview, close while waiting, source tab conflict and ordinary old import never clear source (19.101013ms)
2026-10-04T21:22:57.8164588Z ✔ failed direct submission never enters history through later ordinary draft flush (1.556497ms)
2026-10-04T21:22:57.8165911Z ✔ same-version answer assessment input or reference change cannot silently rewrite historical meaning (0.916296ms)
2026-10-04T21:22:57.8167129Z ✔ source timestamps are valid JavaScript dates, never merely safe integers (0.956291ms)
2026-10-04T21:22:57.8168511Z ✔ single-domain submission candidate rejects edits and raw changes while waiting, preserves existing recovery (3.051376ms)
2026-10-04T21:22:57.8170426Z ✔ independent editorial corrections preserve six-person source, neutral image metadata, printed tones and non-aligned Vietnamese glosses (0.415799ms)
2026-10-04T21:22:57.8172073Z ✔ IME start during a locked source submission cancels history while retaining old submissions and draft (2.682528ms)
2026-10-04T21:22:57.8173348Z ✔ unchanged pilot snapshots retain their exact historical JSON shape and key order (3.544777ms)
2026-10-04T21:22:57.8174601Z ✔ real source-v2 receipts retain their schematic context after original-crop revision and new submission (5.133311ms)
2026-10-04T21:22:57.8176015Z ✔ table topology, source spans, optional fields and crop digests survive round trips and freeze with their version (2.212241ms)
2026-10-04T21:22:57.8177369Z ✔ table validation rejects broken topology, duplicate inputs, foreign field references and malformed provenance (1.656004ms)
2026-10-04T21:22:57.8178701Z ✔ optional blank input saves alongside required text while missing required input cannot submit (1.31778ms)
2026-10-04T21:22:57.8179930Z ✔ read-only source support accepts a blank field list but never produces a submission or storage write (0.877066ms)
2026-10-04T21:22:57.8181432Z ✔ each lesson shows only its own superseded historical records with saved answers untouched (0.741368ms)
2026-10-04T21:22:57.8182471Z ✔ crop assets resolve only within the fixed public source directory (0.355312ms)
2026-10-04T21:22:57.8183515Z ✔ printed empty table headers round trip without allowing missing lesson or field copy (1.741425ms)
2026-10-04T21:22:57.8184643Z ✔ printed field pinyin is revisioned and older receipts keep their original shape (1.499001ms)
2026-10-04T21:22:57.8185930Z ✔ source spans may start before the anchor page and only read-only tables may omit a redundant prompt (1.114247ms)
2026-10-04T21:22:57.8187334Z ✔ table renderer preserves row/column shape, empty cells and each embedded field exactly once (1.443852ms)
2026-10-04T21:22:57.8188775Z ✔ printed blank header stays visibly empty and headerless layouts have no invented header row (0.399961ms)
2026-10-04T21:22:57.8189980Z ✔ L4 additions preserve every original source-v2 activity and its historical meaning (2.215818ms)
2026-10-04T21:22:57.8191261Z ✔ L4 source omissions retain original examples and two distinct ungraded reading responses (2.601597ms)
2026-10-04T21:22:58.7166307Z ✔ fixed two-domain confirm export restore and explicit empty source keep independent recovery and legacy bytes (193.881695ms)
2026-10-04T21:22:58.7182013Z ✔ old primary-only backup never mutates nonempty source and primary tab still writes old AppData (21.335475ms)
2026-10-04T21:22:58.7184253Z ✔ all complete domains validate before preview; duplicate/null/wrong edition/schema rejected (17.439502ms)
2026-10-04T21:22:58.7185837Z ✔ prepared previews are scoped, one-use and reject local edits, other-tab raw, disposal and composition (89.282684ms)
2026-10-04T21:22:58.7279244Z ✔ pending journal and missing safe locks export explicit rescue instead of a complete snapshot (16.206553ms)
2026-10-04T21:22:58.7302058Z ✔ pair durable fault journal/before, prior source nonempty (22.027099ms)
2026-10-04T21:22:58.7303343Z ✔ pair durable fault journal/after-throw, prior source nonempty (30.182392ms)
2026-10-04T21:22:58.7304730Z ✔ pair durable fault journal/readback-throw, prior source nonempty (37.207616ms)
2026-10-04T21:22:58.7305690Z ✔ pair durable fault journal/readback-mismatch, prior source nonempty (40.695655ms)
2026-10-04T21:22:58.7306370Z ✔ pair durable fault primary/before, prior source nonempty (23.179447ms)
2026-10-04T21:22:58.7307639Z ✔ pair durable fault primary/after-throw, prior source nonempty (23.793569ms)
2026-10-04T21:22:58.7308357Z ✔ pair durable fault primary/readback-throw, prior source nonempty (27.515137ms)
2026-10-04T21:22:58.7309171Z ✔ pair durable fault primary/readback-mismatch, prior source nonempty (25.514702ms)
2026-10-04T21:22:58.7309868Z ✔ pair durable fault source/before, prior source nonempty (37.788811ms)
2026-10-04T21:22:58.7310871Z ✔ pair durable fault source/after-throw, prior source nonempty (33.767123ms)
2026-10-04T21:22:58.7311590Z ✔ pair durable fault source/readback-throw, prior source nonempty (31.391047ms)
2026-10-04T21:22:58.7312335Z ✔ pair durable fault source/readback-mismatch, prior source nonempty (18.801636ms)
2026-10-04T21:22:58.7313077Z ✔ pair durable fault recovery/before, prior source nonempty (19.094345ms)
2026-10-04T21:22:58.7313760Z ✔ pair durable fault recovery/after-throw, prior source nonempty (23.578498ms)
2026-10-04T21:22:58.7314482Z ✔ pair durable fault recovery/readback-throw, prior source nonempty (21.205019ms)
2026-10-04T21:22:58.7315219Z ✔ pair durable fault recovery/readback-mismatch, prior source nonempty (19.813904ms)
2026-10-04T21:22:58.7315942Z ✔ pair durable fault remove/before, prior source nonempty (17.635812ms)
2026-10-04T21:22:58.7316642Z ✔ pair durable fault remove/after-throw, prior source nonempty (27.927691ms)
2026-10-04T21:22:58.7317345Z ✔ pair durable fault remove/readback-throw, prior source nonempty (19.048471ms)
2026-10-04T21:22:58.7318059Z ✔ pair durable fault remove/readback-mismatch, prior source nonempty (22.255691ms)
2026-10-04T21:22:58.7318782Z ✔ pair durable fault journal/before, prior source absent (26.064452ms)
2026-10-04T21:22:58.7319451Z ✔ pair durable fault journal/after-throw, prior source absent (22.953812ms)
2026-10-04T21:22:58.7320334Z ✔ pair durable fault journal/readback-throw, prior source absent (29.425155ms)
2026-10-04T21:22:58.7321392Z ✔ pair durable fault journal/readback-mismatch, prior source absent (34.89406ms)
2026-10-04T21:22:58.7342692Z ✔ pair durable fault primary/before, prior source absent (17.074094ms)
2026-10-04T21:22:58.7347375Z ✔ pair durable fault primary/after-throw, prior source absent (21.290837ms)
2026-10-04T21:22:58.7348620Z ✔ pair durable fault primary/readback-throw, prior source absent (19.453737ms)
2026-10-04T21:22:58.7349849Z ✔ pair durable fault primary/readback-mismatch, prior source absent (18.48248ms)
2026-10-04T21:22:58.7351360Z ✔ pair durable fault source/before, prior source absent (17.141995ms)
2026-10-04T21:22:58.7352410Z ✔ pair durable fault source/after-throw, prior source absent (24.435834ms)
2026-10-04T21:22:58.7353555Z ✔ pair durable fault source/readback-throw, prior source absent (20.279279ms)
2026-10-04T21:22:58.7354621Z ✔ pair durable fault source/readback-mismatch, prior source absent (21.163904ms)
2026-10-04T21:22:58.7355704Z ✔ pair durable fault recovery/before, prior source absent (19.540125ms)
2026-10-04T21:22:58.7356725Z ✔ pair durable fault recovery/after-throw, prior source absent (22.772577ms)
2026-10-04T21:22:58.7358011Z ✔ pair durable fault recovery/readback-throw, prior source absent (17.574115ms)
2026-10-04T21:22:58.7359148Z ✔ pair durable fault recovery/readback-mismatch, prior source absent (21.354417ms)
2026-10-04T21:22:58.7360268Z ✔ pair durable fault remove/before, prior source absent (18.186018ms)
2026-10-04T21:22:58.7361375Z ✔ pair durable fault remove/after-throw, prior source absent (32.023945ms)
2026-10-04T21:22:58.7362592Z ✔ pair durable fault remove/readback-throw, prior source absent (18.485609ms)
2026-10-04T21:22:58.7363787Z ✔ pair durable fault remove/readback-mismatch, prior source absent (23.995575ms)
2026-10-04T21:22:58.7365058Z ✔ pair durable fault journal/before, prior source nonempty, primary absent (14.235042ms)
2026-10-04T21:22:58.7366392Z ✔ pair durable fault journal/after-throw, prior source nonempty, primary absent (16.443ms)
2026-10-04T21:22:58.7367819Z ✔ pair durable fault journal/readback-throw, prior source nonempty, primary absent (19.55616ms)
2026-10-04T21:22:58.7369129Z ✔ pair durable fault journal/readback-mismatch, prior source nonempty, primary absent (18.695701ms)
2026-10-04T21:22:58.7370520Z ✔ pair durable fault primary/before, prior source nonempty, primary absent (13.377135ms)
2026-10-04T21:22:58.7371804Z ✔ pair durable fault primary/after-throw, prior source nonempty, primary absent (16.049257ms)
2026-10-04T21:22:58.7387182Z ✔ pair durable fault primary/readback-throw, prior source nonempty, primary absent (12.854226ms)
2026-10-04T21:22:58.7388764Z ✔ pair durable fault primary/readback-mismatch, prior source nonempty, primary absent (19.769872ms)
2026-10-04T21:22:58.7390333Z ✔ pair durable fault source/before, prior source nonempty, primary absent (12.770694ms)
2026-10-04T21:22:58.7391965Z ✔ pair durable fault source/after-throw, prior source nonempty, primary absent (22.327138ms)
2026-10-04T21:22:58.7393213Z ✔ pair durable fault source/readback-throw, prior source nonempty, primary absent (13.859049ms)
2026-10-04T21:22:58.7394681Z ✔ pair durable fault source/readback-mismatch, prior source nonempty, primary absent (12.440677ms)
2026-10-04T21:22:58.7396343Z ✔ pair durable fault recovery/before, prior source nonempty, primary absent (12.368028ms)
2026-10-04T21:22:58.7397737Z ✔ pair durable fault recovery/after-throw, prior source nonempty, primary absent (18.628502ms)
2026-10-04T21:22:58.7399338Z ✔ pair durable fault recovery/readback-throw, prior source nonempty, primary absent (13.538181ms)
2026-10-04T21:22:58.7400800Z ✔ pair durable fault recovery/readback-mismatch, prior source nonempty, primary absent (13.475044ms)
2026-10-04T21:22:58.7401960Z ✔ pair durable fault remove/before, prior source nonempty, primary absent (13.509803ms)
2026-10-04T21:22:58.7403041Z ✔ pair durable fault remove/after-throw, prior source nonempty, primary absent (15.918003ms)
2026-10-04T21:22:58.7404405Z ✔ pair durable fault remove/readback-throw, prior source nonempty, primary absent (15.179177ms)
2026-10-04T21:22:58.7405635Z ✔ pair durable fault remove/readback-mismatch, prior source nonempty, primary absent (14.609603ms)
2026-10-04T21:22:58.7406892Z ✔ pair durable fault journal/before, prior source absent, primary absent (20.104414ms)
2026-10-04T21:22:58.7408286Z ✔ pair durable fault journal/after-throw, prior source absent, primary absent (19.469748ms)
2026-10-04T21:22:58.7409743Z ✔ pair durable fault journal/readback-throw, prior source absent, primary absent (16.930887ms)
2026-10-04T21:22:58.7411677Z ✔ pair durable fault journal/readback-mismatch, prior source absent, primary absent (17.913845ms)
2026-10-04T21:22:58.7413003Z ✔ pair durable fault primary/before, prior source absent, primary absent (8.142068ms)
2026-10-04T21:22:58.7414310Z ✔ pair durable fault primary/after-throw, prior source absent, primary absent (10.577439ms)
2026-10-04T21:22:58.7415729Z ✔ pair durable fault primary/readback-throw, prior source absent, primary absent (13.330556ms)
2026-10-04T21:22:58.7417300Z ✔ pair durable fault primary/readback-mismatch, prior source absent, primary absent (11.739006ms)
2026-10-04T21:22:58.7418885Z ✔ pair durable fault source/before, prior source absent, primary absent (13.71831ms)
2026-10-04T21:22:58.7420394Z ✔ pair durable fault source/after-throw, prior source absent, primary absent (23.045466ms)
2026-10-04T21:22:58.7421837Z ✔ pair durable fault source/readback-throw, prior source absent, primary absent (21.597297ms)
2026-10-04T21:22:58.7423289Z ✔ pair durable fault source/readback-mismatch, prior source absent, primary absent (21.711243ms)
2026-10-04T21:22:58.7424617Z ✔ pair durable fault recovery/before, prior source absent, primary absent (24.156148ms)
2026-10-04T21:22:58.7425939Z ✔ pair durable fault recovery/after-throw, prior source absent, primary absent (33.379662ms)
2026-10-04T21:22:58.7427339Z ✔ pair durable fault recovery/readback-throw, prior source absent, primary absent (13.240296ms)
2026-10-04T21:22:58.7428746Z ✔ pair durable fault recovery/readback-mismatch, prior source absent, primary absent (13.163316ms)
2026-10-04T21:22:58.7430250Z ✔ pair durable fault remove/before, prior source absent, primary absent (13.779603ms)
2026-10-04T21:22:58.7431658Z ✔ pair durable fault remove/after-throw, prior source absent, primary absent (28.358919ms)
2026-10-04T21:22:58.7433061Z ✔ pair durable fault remove/readback-throw, prior source absent, primary absent (19.953418ms)
2026-10-04T21:22:58.7434491Z ✔ pair durable fault remove/readback-mismatch, prior source absent, primary absent (17.061035ms)
2026-10-04T21:22:58.7435710Z ✔ startup crash recovery after journal, source nonempty (32.251626ms)
2026-10-04T21:22:58.7436806Z ✔ startup crash recovery after primary, source nonempty (33.613311ms)
2026-10-04T21:22:58.7437889Z ✔ startup crash recovery after source, source nonempty (31.827056ms)
2026-10-04T21:22:58.7438995Z ✔ startup crash recovery after recovery, source nonempty (34.052902ms)
2026-10-04T21:22:58.7439998Z ✔ startup crash recovery after remove, source nonempty (25.149015ms)
2026-10-04T21:22:58.7441193Z ✔ startup crash recovery after journal, source absent (30.458872ms)
2026-10-04T21:22:58.7442437Z ✔ startup crash recovery after primary, source absent (27.558309ms)
2026-10-04T21:22:58.7443469Z ✔ startup crash recovery after source, source absent (32.121166ms)
2026-10-04T21:22:58.7444500Z ✔ startup crash recovery after recovery, source absent (31.104898ms)
2026-10-04T21:22:58.7445452Z ✔ startup crash recovery after remove, source absent (19.738123ms)
2026-10-04T21:22:58.7446744Z ✔ startup crash recovery after journal, source nonempty, primary absent (19.077746ms)
2026-10-04T21:22:58.7448030Z ✔ startup crash recovery after primary, source nonempty, primary absent (24.571691ms)
2026-10-04T21:22:58.7449172Z ✔ startup crash recovery after source, source nonempty, primary absent (26.121303ms)
2026-10-04T21:22:58.7450519Z ✔ startup crash recovery after recovery, source nonempty, primary absent (27.131254ms)
2026-10-04T21:22:58.7451917Z ✔ startup crash recovery after remove, source nonempty, primary absent (18.32577ms)
2026-10-04T21:22:58.7455914Z ✔ startup crash recovery after journal, source absent, primary absent (19.460836ms)
2026-10-04T21:22:58.7458845Z ✔ startup crash recovery after primary, source absent, primary absent (21.631812ms)
2026-10-04T21:22:58.7460062Z ✔ startup crash recovery after source, source absent, primary absent (25.734802ms)
2026-10-04T21:22:58.7461574Z ✔ startup crash recovery after recovery, source absent, primary absent (27.458567ms)
2026-10-04T21:22:58.7463039Z ✔ startup crash recovery after remove, source absent, primary absent (16.873682ms)
2026-10-04T21:22:58.7464300Z ✔ conditional rollback fault primary/before, source nonempty (31.474378ms)
2026-10-04T21:22:58.7465446Z ✔ conditional rollback fault primary/after-throw, source nonempty (19.276627ms)
2026-10-04T21:22:58.7466669Z ✔ conditional rollback fault primary/readback-throw, source nonempty (27.881062ms)
2026-10-04T21:22:58.7467895Z ✔ conditional rollback fault primary/crash, source nonempty (27.319694ms)
2026-10-04T21:22:58.7484057Z ✔ conditional rollback fault source/before, source nonempty (28.109665ms)
2026-10-04T21:22:58.7487286Z ✔ conditional rollback fault source/after-throw, source nonempty (18.464241ms)
2026-10-04T21:22:58.7488582Z ✔ conditional rollback fault source/readback-throw, source nonempty (27.716674ms)
2026-10-04T21:22:58.7489736Z ✔ conditional rollback fault source/crash, source nonempty (27.94732ms)
2026-10-04T21:22:58.7492649Z ✔ conditional rollback fault recovery/before, source nonempty (65.711588ms)
2026-10-04T21:22:58.7493988Z ✔ conditional rollback fault recovery/after-throw, source nonempty (47.555908ms)
2026-10-04T21:22:58.7495482Z ✔ conditional rollback fault recovery/readback-throw, source nonempty (65.598063ms)
2026-10-04T21:22:58.7496878Z ✔ conditional rollback fault recovery/crash, source nonempty (66.998097ms)
2026-10-04T21:22:58.7498170Z ✔ conditional rollback fault journal/before, source nonempty (27.619363ms)
2026-10-04T21:22:58.7499405Z ✔ conditional rollback fault journal/after-throw, source nonempty (19.448387ms)
2026-10-04T21:22:58.7500699Z ✔ conditional rollback fault journal/readback-throw, source nonempty (18.5583ms)
2026-10-04T21:22:58.7506744Z ✔ conditional rollback fault journal/crash, source nonempty (18.976446ms)
2026-10-04T21:22:58.7508388Z ✔ conditional rollback fault primary/before, source absent (30.098105ms)
2026-10-04T21:22:58.7510670Z ✔ conditional rollback fault primary/after-throw, source absent (18.024834ms)
2026-10-04T21:22:58.7516562Z ✔ conditional rollback fault primary/readback-throw, source absent (27.5886ms)
2026-10-04T21:22:58.7520701Z ✔ conditional rollback fault primary/crash, source absent (27.14858ms)
2026-10-04T21:22:58.7521810Z ✔ conditional rollback fault source/before, source absent (27.058254ms)
2026-10-04T21:22:58.7527215Z ✔ conditional rollback fault source/after-throw, source absent (20.002586ms)
2026-10-04T21:22:58.7528467Z ✔ conditional rollback fault source/readback-throw, source absent (26.299736ms)
2026-10-04T21:22:58.7529433Z ✔ conditional rollback fault source/crash, source absent (27.113942ms)
2026-10-04T21:22:58.7530629Z ✔ conditional rollback fault recovery/before, source absent (64.766659ms)
2026-10-04T21:22:58.7531933Z ✔ conditional rollback fault recovery/after-throw, source absent (45.743179ms)
2026-10-04T21:22:58.7532968Z ✔ conditional rollback fault recovery/readback-throw, source absent (65.078803ms)
2026-10-04T21:22:58.7534001Z ✔ conditional rollback fault recovery/crash, source absent (64.172691ms)
2026-10-04T21:22:58.7534973Z ✔ conditional rollback fault journal/before, source absent (27.980583ms)
2026-10-04T21:22:58.7536012Z ✔ conditional rollback fault journal/after-throw, source absent (18.378669ms)
2026-10-04T21:22:58.7537018Z ✔ conditional rollback fault journal/readback-throw, source absent (18.780463ms)
2026-10-04T21:22:58.7553509Z ✔ conditional rollback fault journal/crash, source absent (18.419976ms)
2026-10-04T21:22:58.7554853Z ✔ conditional rollback fault primary/before, source nonempty, primary absent (26.470211ms)
2026-10-04T21:22:58.7556102Z ✔ conditional rollback fault primary/after-throw, source nonempty, primary absent (13.035435ms)
2026-10-04T21:22:58.7557474Z ✔ conditional rollback fault primary/readback-throw, source nonempty, primary absent (20.783616ms)
2026-10-04T21:22:58.7558679Z ✔ conditional rollback fault primary/crash, source nonempty, primary absent (20.047513ms)
2026-10-04T21:22:58.7559903Z ✔ conditional rollback fault source/before, source nonempty, primary absent (20.010395ms)
2026-10-04T21:22:58.7561602Z ✔ conditional rollback fault source/after-throw, source nonempty, primary absent (12.481059ms)
2026-10-04T21:22:58.7562866Z ✔ conditional rollback fault source/readback-throw, source nonempty, primary absent (19.56256ms)
2026-10-04T21:22:58.7564385Z ✔ conditional rollback fault source/crash, source nonempty, primary absent (19.912241ms)
2026-10-04T21:22:58.7570407Z ✔ conditional rollback fault recovery/before, source nonempty, primary absent (59.219079ms)
2026-10-04T21:22:58.7571889Z ✔ conditional rollback fault recovery/after-throw, source nonempty, primary absent (40.797356ms)
2026-10-04T21:22:58.7577549Z ✔ conditional rollback fault recovery/readback-throw, source nonempty, primary absent (58.250211ms)
2026-10-04T21:22:58.7579023Z ✔ conditional rollback fault recovery/crash, source nonempty, primary absent (58.271396ms)
2026-10-04T21:22:58.7580530Z ✔ conditional rollback fault journal/before, source nonempty, primary absent (19.068987ms)
2026-10-04T21:22:58.7581808Z ✔ conditional rollback fault journal/after-throw, source nonempty, primary absent (12.369797ms)
2026-10-04T21:22:58.7583002Z ✔ conditional rollback fault journal/readback-throw, source nonempty, primary absent (13.938039ms)
2026-10-04T21:22:58.7584139Z ✔ conditional rollback fault journal/crash, source nonempty, primary absent (13.136605ms)
2026-10-04T21:22:58.7585170Z ✔ conditional rollback fault primary/before, source absent, primary absent (25.122314ms)
2026-10-04T21:22:58.7586394Z ✔ conditional rollback fault primary/after-throw, source absent, primary absent (11.859825ms)
2026-10-04T21:22:58.7587590Z ✔ conditional rollback fault primary/readback-throw, source absent, primary absent (18.336732ms)
2026-10-04T21:22:58.7588821Z ✔ conditional rollback fault primary/crash, source absent, primary absent (19.140176ms)
2026-10-04T21:22:58.7589876Z ✔ conditional rollback fault source/before, source absent, primary absent (18.300754ms)
2026-10-04T21:22:58.7591377Z ✔ conditional rollback fault source/after-throw, source absent, primary absent (12.961244ms)
2026-10-04T21:22:58.7592714Z ✔ conditional rollback fault source/readback-throw, source absent, primary absent (18.989835ms)
2026-10-04T21:22:58.7597453Z ✔ conditional rollback fault source/crash, source absent, primary absent (19.889697ms)
2026-10-04T21:22:58.7599195Z ✔ conditional rollback fault recovery/before, source absent, primary absent (56.120727ms)
2026-10-04T21:22:58.7600626Z ✔ conditional rollback fault recovery/after-throw, source absent, primary absent (41.081777ms)
2026-10-04T21:22:58.7602013Z ✔ conditional rollback fault recovery/readback-throw, source absent, primary absent (55.715265ms)
2026-10-04T21:22:58.7603306Z ✔ conditional rollback fault recovery/crash, source absent, primary absent (56.531895ms)
2026-10-04T21:22:58.7604471Z ✔ conditional rollback fault journal/before, source absent, primary absent (18.90794ms)
2026-10-04T21:22:58.7605966Z ✔ conditional rollback fault journal/after-throw, source absent, primary absent (13.132327ms)
2026-10-04T21:22:58.7607070Z ✔ conditional rollback fault journal/readback-throw, source absent, primary absent (11.805011ms)
2026-10-04T21:22:58.7608324Z ✔ conditional rollback fault journal/crash, source absent, primary absent (12.037425ms)
2026-10-04T21:22:58.7609274Z ✔ startup covers exact before-before state (26.687549ms)
2026-10-04T21:22:58.7610323Z ✔ startup covers exact after-before state (28.370752ms)
2026-10-04T21:22:58.7611154Z ✔ startup covers exact before-after state (26.911037ms)
2026-10-04T21:22:58.7611944Z ✔ startup covers exact after-after state (29.799743ms)
2026-10-04T21:22:58.7612946Z ✔ startup recovery durable fault primary-rollback/before (39.070278ms)
2026-10-04T21:22:58.7613984Z ✔ startup recovery durable fault primary-rollback/after-throw (29.435542ms)
2026-10-04T21:22:58.7615028Z ✔ startup recovery durable fault primary-rollback/readback-throw (42.244839ms)
2026-10-04T21:22:58.7615882Z ✔ startup recovery durable fault primary-rollback/crash (34.915052ms)
2026-10-04T21:22:58.7617310Z ✔ startup recovery durable fault source-rollback/before (26.830625ms)
2026-10-04T21:22:58.7618587Z ✔ startup recovery durable fault source-rollback/after-throw (24.554641ms)
2026-10-04T21:22:58.7619843Z ✔ startup recovery durable fault source-rollback/readback-throw (34.226551ms)
2026-10-04T21:22:58.7621571Z ✔ startup recovery durable fault source-rollback/crash (32.861156ms)
2026-10-04T21:22:58.7622693Z ✔ startup recovery durable fault recovery-finalize/before (38.7866ms)
2026-10-04T21:22:58.7623848Z ✔ startup recovery durable fault recovery-finalize/after-throw (35.894194ms)
2026-10-04T21:22:58.7625180Z ✔ startup recovery durable fault recovery-finalize/readback-throw (39.047427ms)
2026-10-04T21:22:58.7626220Z ✔ startup recovery durable fault recovery-finalize/crash (37.899785ms)
2026-10-04T21:22:58.7627203Z ✔ startup recovery durable fault journal-remove/before (38.038595ms)
2026-10-04T21:22:58.7628215Z ✔ startup recovery durable fault journal-remove/after-throw (42.25609ms)
2026-10-04T21:22:58.7629244Z ✔ startup recovery durable fault journal-remove/readback-throw (30.328ms)
2026-10-04T21:22:58.7630411Z ✔ startup recovery durable fault journal-remove/crash (34.439752ms)
2026-10-04T21:22:58.7631586Z ✔ startup third values and arbitrary journal targets preserve every live byte and rescue evidence (176.889527ms)
2026-10-04T21:22:58.7632667Z ✔ third value arriving during rollback is never replaced (21.072224ms)
2026-10-04T21:22:58.7633842Z ✔ old cooperating writer waits on the existing primary lock and cannot overwrite a completed pair (13.768361ms)
2026-10-04T21:22:58.7634975Z ✔ observers see both adopted domains and cannot convert success to failure (17.347269ms)
2026-10-04T21:22:58.7636134Z ✔ stale clean in-memory export is rescue, never silently substitutes an old domain (7.242866ms)
2026-10-04T21:22:58.7637166Z ✔ pre-write read denial for ran_hsk1_modular_v1 creates no mutation (7.413145ms)
2026-10-04T21:22:58.7638195Z ✔ pre-write read denial for ran_hsk1_textbook_source_v1 creates no mutation (10.551904ms)
2026-10-04T21:22:58.7639310Z ✔ pre-write read denial for ran_hsk1_source_pair_journal_v1 creates no mutation (12.545146ms)
2026-10-04T21:22:58.7640609Z ✔ pre-write read denial for ran_hsk1_source_pair_recovery_v1 creates no mutation (8.801237ms)
2026-10-04T21:22:58.7641842Z ✔ invalid nested source recovery and primary grades in journal remain inert (53.899121ms)
2026-10-04T21:22:58.7643302Z ✔ a newer value discovered after final journal removal is preserved and journal evidence is re-established (29.723436ms)
2026-10-04T21:22:58.7644646Z ✔ opaque store participants reject copied cross-scope consumed and not-readback-verified tokens (11.192409ms)
2026-10-04T21:22:58.7798936Z ✔ dirty state is transient, survives a queued write, and clears only after confirmed save or explicit reload (5.876153ms)
2026-10-04T21:22:58.7822099Z ✔ a clean external conflict is not dirty, but a conflicting local edit remains dirty after failed save (0.684933ms)
2026-10-04T21:22:58.7823880Z ✔ replacement and recovery commit in one write, never nest, and restore submitted A with draft B (1.657094ms)
2026-10-04T21:22:58.7825493Z ✔ quota leaves original raw intact and exports the actual unsaved multiline draft (0.982131ms)
2026-10-04T21:22:58.7827081Z ✔ a denied import changes neither current data nor original raw, while its candidate remains exportable (0.613441ms)
2026-10-04T21:22:58.7828651Z ✔ read access denial and missing Web Locks prevent writes but allow exporting memory work (0.86199ms)
2026-10-04T21:22:58.7830463Z ✔ two cooperating tabs sharing a lock keep the first commit and reject the second without losing its draft (0.769822ms)
2026-10-04T21:22:58.7832307Z ✔ a preview expires after a local edit, including an edit while confirmation waits for the lock (1.394011ms)
2026-10-04T21:22:58.7833764Z ✔ same revision with different raw is a conflict for preview confirmation and ordinary save (1.144784ms)
2026-10-04T21:22:58.7835153Z ✔ a preview held by the service is immune to mutation or fabrication by its caller (1.508337ms)
2026-10-04T21:22:58.7836927Z ✔ corrupt current JSON, app, schema, or recovery stays byte-for-byte exportable and cannot be overwritten (1.101231ms)
2026-10-04T21:22:58.7838586Z ✔ invalid backup identity and learning schema reject before any write; backup excludes unrelated auth keys (0.914796ms)
2026-10-04T21:22:58.7839900Z ✔ queued save and confirmation cannot write or publish after disposal (0.748765ms)
2026-10-04T21:22:58.7841463Z ✔ a write that takes effect and then throws is accepted only after exact read-back confirmation (0.596977ms)
2026-10-04T21:22:58.7843072Z ✔ read-back denial never reports saved even when the attempted write may have reached storage (0.520383ms)
2026-10-04T21:22:58.7844572Z ✔ an unexpected third-party value is never rolled back after a failed write (0.615458ms)
2026-10-04T21:22:58.7845957Z ✔ frozen textbook keeps 15 lessons, 342 rows, 45 scenes and 40 grammar plus 3 phonetics (10.827235ms)
2026-10-04T21:22:58.7847381Z ✔ all 344 declared senses resolve exact catalog audio and provenance without merging 342 rows (13.53675ms)
2026-10-04T21:22:58.7848908Z ✔ 14 unsupported lesson 4 words stay unavailable with accurate original-audio explanation (11.896732ms)
2026-10-04T21:22:58.7850582Z ✔ multi-sense 天 and 上 retain separate declared clips while same-form 在 stays in its lesson (0.602488ms)
2026-10-04T21:22:58.7852111Z ✔ all 45 whole scenes and every line use frozen original tracks and unmodified segment ranges (5.102454ms)
2026-10-04T21:22:58.7853618Z ✔ all lesson vocabulary playlists preserve three whole tracks and only lessons 1–3 have tongue tracks (2.202183ms)
2026-10-04T21:22:58.7855109Z ✔ foreign lesson IDs, scene/line IDs and unknown words never resolve arbitrary clips (0.222454ms)
2026-10-04T21:22:58.7856596Z ✔ validation rejects missing or duplicate content, wrong phonetics placement and mixed baselines (75.758094ms)
2026-10-04T21:22:58.7858261Z ✔ invalid boundaries, source paths, swapped scenes and undeclared foreign audio fail instead of clamping (138.76278ms)
2026-10-04T21:22:58.7859908Z ✔ wrong catalog identity, missing declaration and off-by-one word timing reject the complete load (68.840874ms)
2026-10-04T21:22:58.7861734Z ✔ immutable loaded content is isolated from caller mutations and does not alter frozen inputs (57.762068ms)
2026-10-04T21:22:58.7863319Z ✔ approved source corrections appear in the display with provenance while the frozen input stays unchanged (40.72662ms)
2026-10-04T21:22:58.7864895Z ✔ display repairs preserve every stable identity, catalog sense, scene and line audio boundary (16.542936ms)
2026-10-04T21:22:58.7866619Z ✔ stale baselines, mistaken targets, forbidden fields and incomplete provenance reject the whole display revision (238.325638ms)
2026-10-04T21:22:58.7868316Z ✔ frozen book validation runs before display correction, so overlays cannot hide invalid source data (21.181833ms)
2026-10-04T21:22:58.7869948Z ✔ later approved Vietnamese copy can use the same narrow display mechanism without changing histories or audio (22.021033ms)
2026-10-04T21:22:58.7871683Z ✔ every textbook section and player/save state has explicit Chinese and Vietnamese copy (7.941271ms)
2026-10-04T21:22:58.7873302Z ✔ known failures translate exactly and unknown diagnostics remain available without a guessed translation (0.330972ms)
2026-10-04T21:22:58.7874722Z ✔ dynamic Hanzi and practice labels keep counts and characters in both languages (0.365387ms)
2026-10-04T21:22:58.7876206Z ✔ practice instructions add no answer material and do not alter the question bank (12.879894ms)
2026-10-04T21:22:58.7877788Z ✔ the existing 150 corrected textbook questions remain unchanged while explicit legacy targets are added (33.157791ms)
2026-10-04T21:22:58.7879463Z ✔ textbook review grades all 160 retained and restored questions separately and permits unselected submissions (4.732635ms)
2026-10-04T21:22:58.7881448Z ✔ review generation and grading do not mutate the frozen lesson or caller selections; invalid indexes count as unselected (1.40353ms)
2026-10-04T21:22:58.7883429Z ✔ the bundled Hanzi Writer 3.7.3 body is byte-identical to the frozen source; only the lifecycle adapter is added (1.172978ms)
2026-10-04T21:22:58.7885187Z ✔ the Hanzi lifecycle adapter removes every pointer listener and cancels active quiz/render work on disposal (2.577036ms)
2026-10-04T21:22:58.7886784Z ✔ all ten audited legacy word targets use current corrected text and no replaced source sentence returns (3.012874ms)
2026-10-04T21:22:58.7888361Z ✔ listen-only and hide-original survive tabs, picker, arrows and history-equivalent route updates (16.359943ms)
2026-10-04T21:22:58.7889844Z ✔ hidden line controls keep neutral labels, stop old scene media, and remain playable (2.571786ms)
2026-10-04T21:22:58.7891544Z ✔ all 45 frozen scenes bind 48 reviewed crops without inferring from scene names (29.127728ms)
2026-10-04T21:22:58.7892834Z ✔ scene crops reject changed source hashes, page bindings and paths (6.695264ms)
2026-10-04T21:22:58.7894210Z ✔ family 1: inactive read/profile/no-op answer does not create presentation or alter raw grading (33.839561ms)
2026-10-04T21:22:58.7895880Z ✔ family 2: first real answer captures displayed revision; reload/continued answers retain it while profile and reads are inert (50.28634ms)
2026-10-04T21:22:58.7897761Z ✔ family 3: legacy unbound draft and old submission remain baseline despite a new active display revision (24.931836ms)
2026-10-04T21:22:58.7899487Z ✔ family 4: same-clock same-answer submissions get distinct binding IDs and exact first/current/latest/history display (62.489825ms)
2026-10-04T21:22:58.7901296Z ✔ family 5: history cap20 keeps first binding/payload and collects only unreferenced revisions (1109.613135ms)
2026-10-04T21:22:58.7921599Z ✔ family 6: restart clears current/draft only, preserves first/latest/history; next fresh answer may bind new revision (26.813776ms)
2026-10-04T21:22:58.7922809Z ✔ family 7: listening round is fixed across reload; randomized option indices and raw answers/fingerprints stay authoritative (43.08002ms)
2026-10-04T21:22:58.7923951Z ✔ family 8: full backup/import/recovery round-trips display and raw authority together without applying current revision (43.357248ms)
2026-10-04T21:22:58.7925169Z ✔ family 9: strict import rejects wrong raw authority, foreign owner, sealed Chinese field, orphan payload, duplicate history binding and unknown key atomically (68.638667ms)
2026-10-04T21:22:58.7926226Z ✔ family 10: scoped lesson/version/module reset prunes matching presentation and preserves unrelated homework/listening data (73.233145ms)
2026-10-04T21:22:58.7927198Z ✔ family 11: explicit legacy replacement clears only its replaced display domain; discovery preserves valid existing bindings (51.96588ms)
2026-10-04T21:22:58.7928208Z ✔ family 12: quota/held-lock retain H1 live-unsaved submission+display export; retry writes the same binding once (54.665313ms)
2026-10-04T21:22:58.7929115Z ✔ archive projection preserves distinct same-clock logical slots while raw answer/grade and raw task stay explicit (46.6211ms)
2026-10-04T21:22:58.7929964Z ✔ UTF-8 budget is enforced on actual multilingual bytes, with no truncation of saved Vietnamese (24.576612ms)
2026-10-04T21:22:58.7930983Z ✔ paired backup/import/restore carries nonempty presentation and independent source data atomically (136.696885ms)
2026-10-04T21:22:58.7931875Z ✔ partial listening reset retains other lesson display/response bindings and trims round payload by actual kept IDs (84.18957ms)
2026-10-04T21:22:58.7932802Z ✔ baseline unbound listening round after an old revision updates latest as baseline without retagging it (27.776764ms)
2026-10-04T21:22:58.7933613Z ✔ cap20 import cannot merge the real first logical submission with later same-clock binding (823.090973ms)
2026-10-04T21:22:58.7934459Z ✔ exhaustive browser batches cover every frozen sense once, all 330 audio records, and all 14 missing-audio records (2.265019ms)
2026-10-04T21:22:58.7990033Z ✔ vocabulary exposes exactly the frozen 344 sense records / 319 forms with all editorial source and category fields intact (160.837085ms)
2026-10-04T21:22:58.7995240Z ✔ all 330 audio requests resolve exact same-lesson original word ranges with no answer-bearing label or synthetic clip (88.714898ms)
2026-10-04T21:22:58.8022008Z ✔ all 14 no-audio records remain explicit null, correspond to the L4 numeric table, and never borrow another lesson clip (61.724405ms)
2026-10-04T21:22:58.8031916Z ✔ record shape, stable identity, counts, sense separation and complete source provenance are validated (372.951697ms)
2026-10-04T21:22:58.9983593Z ✔ missing, duplicated, orphan or substituted audio metadata is rejected before any resolver is returned (199.415749ms)
2026-10-04T21:22:59.2042036Z ✔ no-audio declarations cannot disappear, duplicate, point at a different sense, or acquire a fabricated clip (165.955758ms)
2026-10-04T21:22:59.2360439Z ✔ range validation rejects negative, zero, nonfinite, beyond-track and same-lesson non-vocabulary clips (75.291847ms)
2026-10-04T21:22:59.5545716Z ✔ actual SHA256 verification rejects valid-shaped editorial, clip and original-track metadata drift (314.790275ms)
2026-10-04T21:22:59.6382778Z ✔ content snapshots are deeply readonly and stable across caller mutations during asynchronous validation (81.490293ms)
2026-10-04T21:22:59.6918904Z ✔ loader fetches the frozen sources and approved display sidecar with AbortSignal, with HTTP failure visible (60.471261ms)
2026-10-04T21:22:59.7069771Z ✔ aborted loads and in-flight hashes cannot deliver content to a departed view (12.656221ms)
2026-10-04T21:22:59.8189882Z ✔ current textbook examples preserve exact Chinese, pinyin, Vietnamese and lesson sources without copying audio (107.196755ms)
2026-10-04T21:22:59.8788002Z ✔ every polysemous sense has a reviewed same-lesson example; homographs never share the wrong use (54.188071ms)
2026-10-04T21:23:00.0106941Z ✔ examples reject another baseline and unverified text; asynchronous reads do not expose caller mutations (135.415203ms)
2026-10-04T21:23:00.1361876Z ✔ live vocabulary examples share the validated textbook display and preserve all frozen identity, rating and audio data (129.090629ms)
2026-10-04T21:23:00.3265472Z ✔ display examples reject unverified source hashes, stale revisions and ambiguous or unreviewed sense anchors (193.162599ms)
2026-10-04T21:23:00.4277420Z ✔ asynchronous display snapshots ignore caller mutations and remain deeply readonly (101.244859ms)
2026-10-04T21:23:00.5179892Z ✔ an existing rated vocabulary review and schedule restore unchanged with the live display examples (104.467477ms)
2026-10-04T21:23:00.5422161Z ✔ construction and reads do not create reviews; rejected empty actions do not schedule saves (71.739183ms)
2026-10-04T21:23:00.5423529Z ✔ first route selects its lesson once, review visit never replaces the queue or enables due automatically (98.433128ms)
2026-10-04T21:23:00.5425058Z ✔ supported preferences normalize with no-op saves; invalid values cannot corrupt any practice field (76.762438ms)
2026-10-04T21:23:00.5426433Z ✔ all lessons expose exactly 344 distinct sense cards and 319 forms while preserving every source (53.604573ms)
2026-10-04T21:23:00.5427694Z ✔ same sense merges across selected lessons only and never borrows audio from an unselected source (21.264154ms)
2026-10-04T21:23:00.5428815Z ✔ homographs 家 在 天 上 retain separate sense identities and schedules (86.684917ms)
2026-10-04T21:23:00.5430022Z ✔ all, unfamiliar, wrong and due use selected senses and latest self-ratings without changing the active queue (56.551504ms)
2026-10-04T21:23:00.5431564Z ✔ free movement preserves each card while reveal still gates rating and repeated actions do not duplicate writes (61.201391ms)
2026-10-04T21:23:00.5433057Z ✔ skipping preserves existing schedules and all queue options, including due cards with an earlier unrated gap (45.059721ms)
2026-10-04T21:23:00.5434457Z ✔ unrated gaps and the exact saved position survive reload and backup import without losing skipped cards (234.493958ms)
2026-10-04T21:23:00.5435925Z ✔ out-of-order self-ratings complete only after every card is rated and preserve the true completion time (38.813013ms)
2026-10-04T21:23:00.5437456Z ✔ single-card and last-card next calls are no-ops even without revealing or rating (12.139795ms)
2026-10-04T21:23:00.5438682Z ✔ again, hard, good and early good exactly preserve the existing simple schedule semantics (32.994589ms)
2026-10-04T21:23:00.5439973Z ✔ a rated card stays current in a due round even when current preferences change lesson, direction and filter (56.465543ms)
2026-10-04T21:23:00.5441995Z ✔ shuffled order, position, reveal, self-ratings, preferences and source selection resume after actual save and backup import (98.766441ms)
2026-10-04T21:23:00.5443294Z ✔ vocabulary edits preserve homework, listening, reading stars and legacy original bytes (30.381891ms)
2026-10-04T21:23:00.5444870Z ✔ invalid clock or shuffle source cannot replace an existing round; changed sense identity cannot inherit self-ratings (84.936579ms)
2026-10-04T21:23:00.5446426Z ✔ quota failure and cross-tab conflict preserve the self-rating in exportable memory without pretending to save (88.695935ms)
2026-10-04T21:23:00.5447954Z ✔ mixed search matches Chinese, Vietnamese and unaccented/spaceless pinyin without merging senses (268.140822ms)
2026-10-04T21:23:00.5449333Z ✔ search intersects lesson and rating filters; empty searches cannot replace a saved round (198.425457ms)
2026-10-04T21:23:00.5450867Z ✔ searched queues retain exact ordering, saved scope and unrated gaps through reload and backup import (215.07108ms)
2026-10-04T21:23:00.5452085Z ✔ saved search never permits foreign, omitted, or substituted queue members (59.701282ms)
2026-10-04T21:23:00.5452968Z ℹ tests 630
2026-10-04T21:23:00.5453503Z ℹ suites 0
2026-10-04T21:23:00.5453922Z ℹ pass 630
2026-10-04T21:23:00.5454848Z ℹ fail 0
2026-10-04T21:23:00.5455292Z ℹ cancelled 0
2026-10-04T21:23:00.5455812Z ℹ skipped 0
2026-10-04T21:23:00.5456289Z ℹ todo 0
2026-10-04T21:23:00.5456719Z ℹ duration_ms 19346.975743
2026-10-04T21:23:00.6611525Z 
2026-10-04T21:23:00.6612446Z > hsk-shared-course-app@1.0.0 content:check
2026-10-04T21:23:00.6613263Z > node tools/validate-content.mjs
2026-10-04T21:23:00.7960815Z 
2026-10-04T21:23:00.7961645Z {
2026-10-04T21:23:00.7962217Z   "mode": "release",
2026-10-04T21:23:00.7962930Z   "totals": {
2026-10-04T21:23:00.7963485Z     "lessons": 33,
2026-10-04T21:23:00.7964045Z     "words": 749,
2026-10-04T21:23:00.7964512Z     "texts": 132,
2026-10-04T21:23:00.7965504Z     "grammar": 108,
2026-10-04T21:23:00.7965954Z     "homework": 990,
2026-10-04T21:23:00.7966395Z     "listening": 132,
2026-10-04T21:23:00.7966913Z     "sections": 162
2026-10-04T21:23:00.7967254Z   },
2026-10-04T21:23:00.7967565Z   "lessons": [
2026-10-04T21:23:00.7967949Z     {
2026-10-04T21:23:00.7968364Z       "id": "hsk2-fltrp-2026:l01",
2026-10-04T21:23:00.7968864Z       "level": 2,
2026-10-04T21:23:00.7969203Z       "number": 1,
2026-10-04T21:23:00.7969526Z       "title": {
2026-10-04T21:23:00.7970361Z         "zh": "她请我们吃了北京烤鸭",
2026-10-04T21:23:00.7971388Z         "vi": "Cô ấy đã mời chúng tôi ăn vịt quay Bắc Kinh",
2026-10-04T21:23:00.7972090Z         "py": "Tā qǐng wǒmen chīle Běijīng Kǎoyā"
2026-10-04T21:23:00.7972615Z       },
2026-10-04T21:23:00.7972952Z       "words": 15,
2026-10-04T21:23:00.7973341Z       "texts": 4,
2026-10-04T21:23:00.7973866Z       "grammar": 3,
2026-10-04T21:23:00.7974241Z       "homework": 30,
2026-10-04T21:23:00.7974860Z       "sha256": "f7923ab4d5fe5af0135aff04e701d0313a9edf5c3f3803b780a93bf5023e7523"
2026-10-04T21:23:00.7975466Z     },
2026-10-04T21:23:00.7975797Z     {
2026-10-04T21:23:00.7976211Z       "id": "hsk2-fltrp-2026:l02",
2026-10-04T21:23:00.7976653Z       "level": 2,
2026-10-04T21:23:00.7976982Z       "number": 2,
2026-10-04T21:23:00.7977401Z       "title": {
2026-10-04T21:23:00.7977851Z         "zh": "还是打车去北大吧",
2026-10-04T21:23:00.7978447Z         "vi": "Hay là đi taxi đến Đại học Bắc Kinh nhé",
2026-10-04T21:23:00.7979041Z         "py": "Háishi dǎchē qù Běidà ba"
2026-10-04T21:23:00.7979458Z       },
2026-10-04T21:23:00.7979761Z       "words": 17,
2026-10-04T21:23:00.7980315Z       "texts": 4,
2026-10-04T21:23:00.7980701Z       "grammar": 3,
2026-10-04T21:23:00.7981077Z       "homework": 30,
2026-10-04T21:23:00.7981888Z       "sha256": "87190119ee1017b4316039e515be6690e419d369f59d4aba774263229ab11e2d"
2026-10-04T21:23:00.7982442Z     },
2026-10-04T21:23:00.7982783Z     {
2026-10-04T21:23:00.7983218Z       "id": "hsk2-fltrp-2026:l03",
2026-10-04T21:23:00.7983652Z       "level": 2,
2026-10-04T21:23:00.7984002Z       "number": 3,
2026-10-04T21:23:00.7984324Z       "title": {
2026-10-04T21:23:00.7984794Z         "zh": "我想去西安旅游",
2026-10-04T21:23:00.7985353Z         "vi": "Tôi muốn đi du lịch Tây An",
2026-10-04T21:23:00.7985905Z         "py": "Wǒ xiǎng qù Xī'ān lǚyóu"
2026-10-04T21:23:00.7986465Z       },
2026-10-04T21:23:00.7986773Z       "words": 15,
2026-10-04T21:23:00.7987174Z       "texts": 4,
2026-10-04T21:23:00.7987518Z       "grammar": 3,
2026-10-04T21:23:00.7987926Z       "homework": 30,
2026-10-04T21:23:00.7988494Z       "sha256": "04c31d30fdae22f3fad0cbf22b6570875b3b546eddf8e538be7fe35981149506"
2026-10-04T21:23:00.7989050Z     },
2026-10-04T21:23:00.7989425Z     {
2026-10-04T21:23:00.7989797Z       "id": "hsk2-fltrp-2026:l04",
2026-10-04T21:23:00.7993596Z       "level": 2,
2026-10-04T21:23:00.7994113Z       "number": 4,
2026-10-04T21:23:00.7994481Z       "title": {
2026-10-04T21:23:00.7995084Z         "zh": "你穿红色的很好看",
2026-10-04T21:23:00.7995654Z         "vi": "Bạn mặc màu đỏ rất đẹp",
2026-10-04T21:23:00.7996293Z         "py": "Nǐ chuān hóngsè de hěn hǎokàn"
2026-10-04T21:23:00.7997053Z       },
2026-10-04T21:23:00.7997317Z       "words": 16,
2026-10-04T21:23:00.7997632Z       "texts": 4,
2026-10-04T21:23:00.7997900Z       "grammar": 3,
2026-10-04T21:23:00.7998202Z       "homework": 30,
2026-10-04T21:23:00.7998638Z       "sha256": "cc303bdf9b9498ad2745ab055b5a0b7b397723d92467c50a4ed26beb40c44e8c"
2026-10-04T21:23:00.7999077Z     },
2026-10-04T21:23:00.7999380Z     {
2026-10-04T21:23:00.7999662Z       "id": "hsk2-fltrp-2026:l05",
2026-10-04T21:23:00.7999967Z       "level": 2,
2026-10-04T21:23:00.8000401Z       "number": 5,
2026-10-04T21:23:00.8000668Z       "title": {
2026-10-04T21:23:00.8001075Z         "zh": "第一次去中国朋友家",
2026-10-04T21:23:00.8001484Z         "vi": "Lần đầu đến nhà bạn người Trung Quốc",
2026-10-04T21:23:00.8001986Z         "py": "Dì-yī cì qù Zhōngguó péngyou jiā"
2026-10-04T21:23:00.8002475Z       },
2026-10-04T21:23:00.8002825Z       "words": 20,
2026-10-04T21:23:00.8003143Z       "texts": 4,
2026-10-04T21:23:00.8003478Z       "grammar": 3,
2026-10-04T21:23:00.8003875Z       "homework": 30,
2026-10-04T21:23:00.8004424Z       "sha256": "aa7a6e96568e2fbfd4c4894778eccbcc34dd894f73fe5f0c25a7bcd7f1ad1038"
2026-10-04T21:23:00.8005118Z     },
2026-10-04T21:23:00.8005450Z     {
2026-10-04T21:23:00.8005942Z       "id": "hsk2-fltrp-2026:l06",
2026-10-04T21:23:00.8006425Z       "level": 2,
2026-10-04T21:23:00.8006840Z       "number": 6,
2026-10-04T21:23:00.8007214Z       "title": {
2026-10-04T21:23:00.8007699Z         "zh": "小雪，生日快乐！",
2026-10-04T21:23:00.8008247Z         "vi": "Tiểu Tuyết, chúc mừng sinh nhật!",
2026-10-04T21:23:00.8008903Z         "py": "Xiǎoxuě, shēngrì kuàilè!"
2026-10-04T21:23:00.8009513Z       },
2026-10-04T21:23:00.8009804Z       "words": 15,
2026-10-04T21:23:00.8010200Z       "texts": 4,
2026-10-04T21:23:00.8010515Z       "grammar": 3,
2026-10-04T21:23:00.8010766Z       "homework": 30,
2026-10-04T21:23:00.8011246Z       "sha256": "c6302d84d74ea51a02c1afaaaff781b7513350d6516608d73e5edd084bb06b20"
2026-10-04T21:23:00.8011716Z     },
2026-10-04T21:23:00.8012034Z     {
2026-10-04T21:23:00.8012401Z       "id": "hsk2-fltrp-2026:l07",
2026-10-04T21:23:00.8012777Z       "level": 2,
2026-10-04T21:23:00.8013213Z       "number": 7,
2026-10-04T21:23:00.8013614Z       "title": {
2026-10-04T21:23:00.8014042Z         "zh": "他篮球打得很好",
2026-10-04T21:23:00.8014550Z         "vi": "Anh ấy chơi bóng rổ rất giỏi",
2026-10-04T21:23:00.8015085Z         "py": "Tā lánqiú dǎ de hěn hǎo"
2026-10-04T21:23:00.8015551Z       },
2026-10-04T21:23:00.8016080Z       "words": 20,
2026-10-04T21:23:00.8016522Z       "texts": 4,
2026-10-04T21:23:00.8016878Z       "grammar": 3,
2026-10-04T21:23:00.8017432Z       "homework": 30,
2026-10-04T21:23:00.8018027Z       "sha256": "15b9f36001307933da8120e66214e3b7a266640022f6953b67b174b2a9c78f4c"
2026-10-04T21:23:00.8018531Z     },
2026-10-04T21:23:00.8018907Z     {
2026-10-04T21:23:00.8019290Z       "id": "hsk2-fltrp-2026:l08",
2026-10-04T21:23:00.8019677Z       "level": 2,
2026-10-04T21:23:00.8020066Z       "number": 8,
2026-10-04T21:23:00.8020633Z       "title": {
2026-10-04T21:23:00.8021101Z         "zh": "虽然你忘了，但是我记得",
2026-10-04T21:23:00.8021649Z         "vi": "Dù em quên nhưng anh vẫn nhớ",
2026-10-04T21:23:00.8022328Z         "py": "Suīrán nǐ wàng le, dànshì wǒ jìde"
2026-10-04T21:23:00.8022810Z       },
2026-10-04T21:23:00.8023155Z       "words": 17,
2026-10-04T21:23:00.8023497Z       "texts": 4,
2026-10-04T21:23:00.8023882Z       "grammar": 3,
2026-10-04T21:23:00.8024210Z       "homework": 30,
2026-10-04T21:23:00.8024804Z       "sha256": "90c7c19aac1d78ed62752356eefe09b6d3ee968c528c2008a53f0f2b1f96d00a"
2026-10-04T21:23:00.8025308Z     },
2026-10-04T21:23:00.8025637Z     {
2026-10-04T21:23:00.8026029Z       "id": "hsk2-fltrp-2026:l09",
2026-10-04T21:23:00.8026479Z       "level": 2,
2026-10-04T21:23:00.8026848Z       "number": 9,
2026-10-04T21:23:00.8027212Z       "title": {
2026-10-04T21:23:00.8027664Z         "zh": "我去买杯奶茶",
2026-10-04T21:23:00.8028156Z         "vi": "Tôi đi mua một cốc trà sữa",
2026-10-04T21:23:00.8028646Z         "py": "Wǒ qù mǎi bēi nǎichá"
2026-10-04T21:23:00.8029022Z       },
2026-10-04T21:23:00.8029345Z       "words": 13,
2026-10-04T21:23:00.8029701Z       "texts": 4,
2026-10-04T21:23:00.8030242Z       "grammar": 3,
2026-10-04T21:23:00.8030677Z       "homework": 30,
2026-10-04T21:23:00.8031335Z       "sha256": "55675df1ef69682537b7137e4f2ba19e2a311cf7738969ecd790dae62cc885aa"
2026-10-04T21:23:00.8031957Z     },
2026-10-04T21:23:00.8032328Z     {
2026-10-04T21:23:00.8032623Z       "id": "hsk2-fltrp-2026:l10",
2026-10-04T21:23:00.8032943Z       "level": 2,
2026-10-04T21:23:00.8033225Z       "number": 10,
2026-10-04T21:23:00.8033529Z       "title": {
2026-10-04T21:23:00.8033852Z         "zh": "就要考试了",
2026-10-04T21:23:00.8034187Z         "vi": "Sắp thi rồi",
2026-10-04T21:23:00.8034560Z         "py": "Jiù yào kǎoshì le"
2026-10-04T21:23:00.8034864Z       },
2026-10-04T21:23:00.8035122Z       "words": 15,
2026-10-04T21:23:00.8035408Z       "texts": 4,
2026-10-04T21:23:00.8035676Z       "grammar": 3,
2026-10-04T21:23:00.8035966Z       "homework": 30,
2026-10-04T21:23:00.8036511Z       "sha256": "5e8b2f82916f6bce00f4d28d0b31f8caf347f813bee9e19408f0edf723130156"
2026-10-04T21:23:00.8037065Z     },
2026-10-04T21:23:00.8037340Z     {
2026-10-04T21:23:00.8037776Z       "id": "hsk2-fltrp-2026:l11",
2026-10-04T21:23:00.8038145Z       "level": 2,
2026-10-04T21:23:00.8038471Z       "number": 11,
2026-10-04T21:23:00.8038782Z       "title": {
2026-10-04T21:23:00.8039147Z         "zh": "我最喜欢吃中国菜",
2026-10-04T21:23:00.8039711Z         "vi": "Tôi thích ăn món Trung Quốc nhất",
2026-10-04T21:23:00.8040406Z         "py": "Wǒ zuì xǐhuan chī Zhōngguó cài"
2026-10-04T21:23:00.8041003Z       },
2026-10-04T21:23:00.8041348Z       "words": 13,
2026-10-04T21:23:00.8041705Z       "texts": 4,
2026-10-04T21:23:00.8042116Z       "grammar": 3,
2026-10-04T21:23:00.8042513Z       "homework": 30,
2026-10-04T21:23:00.8043123Z       "sha256": "01ec965d7f18d41c5c91c053f93544b24c971303ed8b4ca6afd2ad2c03d48ff8"
2026-10-04T21:23:00.8043752Z     },
2026-10-04T21:23:00.8044052Z     {
2026-10-04T21:23:00.8044457Z       "id": "hsk2-fltrp-2026:l12",
2026-10-04T21:23:00.8044861Z       "level": 2,
2026-10-04T21:23:00.8045175Z       "number": 12,
2026-10-04T21:23:00.8045572Z       "title": {
2026-10-04T21:23:00.8045977Z         "zh": "这里比北京冷多了",
2026-10-04T21:23:00.8046574Z         "vi": "Ở đây lạnh hơn Bắc Kinh nhiều",
2026-10-04T21:23:00.8047120Z         "py": "Zhèlǐ bǐ Běijīng lěngduō le"
2026-10-04T21:23:00.8047584Z       },
2026-10-04T21:23:00.8047915Z       "words": 11,
2026-10-04T21:23:00.8048257Z       "texts": 4,
2026-10-04T21:23:00.8048631Z       "grammar": 3,
2026-10-04T21:23:00.8049016Z       "homework": 30,
2026-10-04T21:23:00.8049622Z       "sha256": "c64d2e1bc3dac399f1737338e70474d8ea8559c2aa65207290a515804a97e702"
2026-10-04T21:23:00.8050494Z     },
2026-10-04T21:23:00.8050836Z     {
2026-10-04T21:23:00.8051240Z       "id": "hsk2-fltrp-2026:l13",
2026-10-04T21:23:00.8051651Z       "level": 2,
2026-10-04T21:23:00.8051999Z       "number": 13,
2026-10-04T21:23:00.8052357Z       "title": {
2026-10-04T21:23:00.8052875Z         "zh": "我们爱上中文课",
2026-10-04T21:23:00.8053470Z         "vi": "Chúng tôi thích học tiết tiếng Trung",
2026-10-04T21:23:00.8054115Z         "py": "Wǒmen ài shàng Zhōngwén kè"
2026-10-04T21:23:00.8054570Z       },
2026-10-04T21:23:00.8054920Z       "words": 13,
2026-10-04T21:23:00.8055330Z       "texts": 4,
2026-10-04T21:23:00.8055751Z       "grammar": 3,
2026-10-04T21:23:00.8056098Z       "homework": 30,
2026-10-04T21:23:00.8056726Z       "sha256": "06d5d9e3f096ffe189f8d8214ba5582db9912e776e9ce3cee55d4fbd928057e1"
2026-10-04T21:23:00.8057361Z     },
2026-10-04T21:23:00.8057748Z     {
2026-10-04T21:23:00.8058217Z       "id": "hsk2-fltrp-2026:l14",
2026-10-04T21:23:00.8058650Z       "level": 2,
2026-10-04T21:23:00.8059015Z       "number": 14,
2026-10-04T21:23:00.8059350Z       "title": {
2026-10-04T21:23:00.8059816Z         "zh": "一个人过年多没意思啊",
2026-10-04T21:23:00.8060555Z         "vi": "Ăn Tết một mình buồn biết bao",
2026-10-04T21:23:00.8061221Z         "py": "Yí gè rén guònián duō méi yìsi a"
2026-10-04T21:23:00.8061728Z       },
2026-10-04T21:23:00.8062059Z       "words": 14,
2026-10-04T21:23:00.8062477Z       "texts": 4,
2026-10-04T21:23:00.8062878Z       "grammar": 3,
2026-10-04T21:23:00.8063243Z       "homework": 30,
2026-10-04T21:23:00.8063919Z       "sha256": "74d7a43cbed89ddf152a840d3c5bc06e8200c975fa1de5e9bf4223e227d52e0f"
2026-10-04T21:23:00.8064571Z     },
2026-10-04T21:23:00.8064905Z     {
2026-10-04T21:23:00.8065295Z       "id": "hsk2-fltrp-2026:l15",
2026-10-04T21:23:00.8065679Z       "level": 2,
2026-10-04T21:23:00.8066048Z       "number": 15,
2026-10-04T21:23:00.8066440Z       "title": {
2026-10-04T21:23:00.8066939Z         "zh": "我想再去一次中国",
2026-10-04T21:23:00.8067684Z         "vi": "Tôi muốn đến Trung Quốc thêm một lần nữa",
2026-10-04T21:23:00.8068544Z         "py": "Wǒ xiǎng zài qù yí cì Zhōngguó"
2026-10-04T21:23:00.8068966Z       },
2026-10-04T21:23:00.8069379Z       "words": 12,
2026-10-04T21:23:00.8069649Z       "texts": 4,
2026-10-04T21:23:00.8069936Z       "grammar": 3,
2026-10-04T21:23:00.8070382Z       "homework": 30,
2026-10-04T21:23:00.8070799Z       "sha256": "299a8d8cf8f90e721d8a8c8b0ca24d7c33d759949166cab1edd2eeddf00ae907"
2026-10-04T21:23:00.8071281Z     },
2026-10-04T21:23:00.8071558Z     {
2026-10-04T21:23:00.8071852Z       "id": "hsk3-fltrp-2026:l01",
2026-10-04T21:23:00.8072150Z       "level": 3,
2026-10-04T21:23:00.8072397Z       "number": 1,
2026-10-04T21:23:00.8072704Z       "title": {
2026-10-04T21:23:00.8073027Z         "zh": "我们去机场接你们",
2026-10-04T21:23:00.8073466Z         "vi": "Chúng tôi sẽ ra sân bay đón các bạn",
2026-10-04T21:23:00.8074037Z         "py": "Wǒmen qù jīchǎng jiē nǐmen"
2026-10-04T21:23:00.8074336Z       },
2026-10-04T21:23:00.8074709Z       "words": 27,
2026-10-04T21:23:00.8075043Z       "texts": 4,
2026-10-04T21:23:00.8075427Z       "grammar": 3,
2026-10-04T21:23:00.8075765Z       "homework": 30,
2026-10-04T21:23:00.8076289Z       "sha256": "764630f97d7ce5a229448ae32199215a61ed395dee69b480b2929538857171c1"
2026-10-04T21:23:00.8076879Z     },
2026-10-04T21:23:00.8077165Z     {
2026-10-04T21:23:00.8077495Z       "id": "hsk3-fltrp-2026:l02",
2026-10-04T21:23:00.8078024Z       "level": 3,
2026-10-04T21:23:00.8078432Z       "number": 2,
2026-10-04T21:23:00.8078756Z       "title": {
2026-10-04T21:23:00.8079138Z         "zh": "你们想吃什么就点什么",
2026-10-04T21:23:00.8079629Z         "vi": "Các bạn muốn ăn gì thì gọi món đó",
2026-10-04T21:23:00.8080508Z         "py": "Nǐmen xiǎng chī shénme jiù diǎn shénme"
2026-10-04T21:23:00.8080942Z       },
2026-10-04T21:23:00.8081252Z       "words": 30,
2026-10-04T21:23:00.8081581Z       "texts": 4,
2026-10-04T21:23:00.8081910Z       "grammar": 3,
2026-10-04T21:23:00.8082221Z       "homework": 30,
2026-10-04T21:23:00.8082795Z       "sha256": "8557474924e3536b9487f514008b0c8f5b9ac65079d95c3db1b19d3d5e6705b1"
2026-10-04T21:23:00.8083339Z     },
2026-10-04T21:23:00.8083644Z     {
2026-10-04T21:23:00.8084089Z       "id": "hsk3-fltrp-2026:l03",
2026-10-04T21:23:00.8084527Z       "level": 3,
2026-10-04T21:23:00.8084845Z       "number": 3,
2026-10-04T21:23:00.8085254Z       "title": {
2026-10-04T21:23:00.8085677Z         "zh": "这个小区挺好的",
2026-10-04T21:23:00.8086204Z         "vi": "Khu dân cư này khá tốt",
2026-10-04T21:23:00.8086762Z         "py": "Zhè ge xiǎoqū tǐng hǎo de"
2026-10-04T21:23:00.8087143Z       },
2026-10-04T21:23:00.8087455Z       "words": 27,
2026-10-04T21:23:00.8087796Z       "texts": 4,
2026-10-04T21:23:00.8088111Z       "grammar": 3,
2026-10-04T21:23:00.8088442Z       "homework": 30,
2026-10-04T21:23:00.8088931Z       "sha256": "1dda336fa54416b00a222f692ed2429c868950517a68bd0664f84f9d1f98f5e6"
2026-10-04T21:23:00.8089466Z     },
2026-10-04T21:23:00.8089785Z     {
2026-10-04T21:23:00.8090264Z       "id": "hsk3-fltrp-2026:l04",
2026-10-04T21:23:00.8090695Z       "level": 3,
2026-10-04T21:23:00.8091019Z       "number": 4,
2026-10-04T21:23:00.8091388Z       "title": {
2026-10-04T21:23:00.8091772Z         "zh": "这家宾馆跟别的都不一样",
2026-10-04T21:23:00.8092298Z         "vi": "Khách sạn này khác hẳn những nơi khác",
2026-10-04T21:23:00.8092853Z         "py": "Zhè jiā bīnguǎn gēn biéde dōu bù yíyàng"
2026-10-04T21:23:00.8093233Z       },
2026-10-04T21:23:00.8093573Z       "words": 28,
2026-10-04T21:23:00.8093868Z       "texts": 4,
2026-10-04T21:23:00.8094183Z       "grammar": 3,
2026-10-04T21:23:00.8094669Z       "homework": 30,
2026-10-04T21:23:00.8095180Z       "sha256": "dd1dc183be33fdec24c5b614c648ab64828333728dd6857a43e82fa7b92baf30"
2026-10-04T21:23:00.8095822Z     },
2026-10-04T21:23:00.8096117Z     {
2026-10-04T21:23:00.8096459Z       "id": "hsk3-fltrp-2026:l05",
2026-10-04T21:23:00.8096835Z       "level": 3,
2026-10-04T21:23:00.8097079Z       "number": 5,
2026-10-04T21:23:00.8097361Z       "title": {
2026-10-04T21:23:00.8097707Z         "zh": "这样的照片才好看",
2026-10-04T21:23:00.8098080Z         "vi": "Ảnh như thế này mới đẹp",
2026-10-04T21:23:00.8098512Z         "py": "Zhèyàng de zhàopiàn cái hǎokàn"
2026-10-04T21:23:00.8098843Z       },
2026-10-04T21:23:00.8099115Z       "words": 28,
2026-10-04T21:23:00.8099371Z       "texts": 4,
2026-10-04T21:23:00.8099722Z       "grammar": 4,
2026-10-04T21:23:00.8100166Z       "homework": 30,
2026-10-04T21:23:00.8100742Z       "sha256": "1330ba4fe33c7389921cc68a5b82fee147b9f4022911207e4b06be73235042d4"
2026-10-04T21:23:00.8101335Z     },
2026-10-04T21:23:00.8101578Z     {
2026-10-04T21:23:00.8101873Z       "id": "hsk3-fltrp-2026:l06",
2026-10-04T21:23:00.8102181Z       "level": 3,
2026-10-04T21:23:00.8102444Z       "number": 6,
2026-10-04T21:23:00.8102739Z       "title": {
2026-10-04T21:23:00.8103065Z         "zh": "高铁上还可以点外卖",
2026-10-04T21:23:00.8103685Z         "vi": "Trên tàu cao tốc còn có thể gọi đồ ăn giao tận nơi",
2026-10-04T21:23:00.8104157Z         "py": "Gāotiě shàng hái kěyǐ diǎn wàimài"
2026-10-04T21:23:00.8104484Z       },
2026-10-04T21:23:00.8104742Z       "words": 31,
2026-10-04T21:23:00.8105037Z       "texts": 4,
2026-10-04T21:23:00.8105320Z       "grammar": 3,
2026-10-04T21:23:00.8105597Z       "homework": 30,
2026-10-04T21:23:00.8106008Z       "sha256": "335f48814ea644fd9f635279975cc74962b54a3b20263e7cb99ebf3e6a0a7346"
2026-10-04T21:23:00.8106427Z     },
2026-10-04T21:23:00.8106768Z     {
2026-10-04T21:23:00.8107080Z       "id": "hsk3-fltrp-2026:l07",
2026-10-04T21:23:00.8107385Z       "level": 3,
2026-10-04T21:23:00.8107645Z       "number": 7,
2026-10-04T21:23:00.8107913Z       "title": {
2026-10-04T21:23:00.8108246Z         "zh": "那条裙子比短裤更好看",
2026-10-04T21:23:00.8108663Z         "vi": "Chiếc váy kia đẹp hơn quần soóc",
2026-10-04T21:23:00.8109090Z         "py": "Nà tiáo qúnzi bǐ duǎnkù gèng hǎokàn"
2026-10-04T21:23:00.8109448Z       },
2026-10-04T21:23:00.8109739Z       "words": 30,
2026-10-04T21:23:00.8110022Z       "texts": 4,
2026-10-04T21:23:00.8110492Z       "grammar": 4,
2026-10-04T21:23:00.8110902Z       "homework": 30,
2026-10-04T21:23:00.8111409Z       "sha256": "2fb4bac59590ec1121814ea7fbac4f5e8fb0923c2113f630dfcb0c822a1288c9"
2026-10-04T21:23:00.8111816Z     },
2026-10-04T21:23:00.8112076Z     {
2026-10-04T21:23:00.8112339Z       "id": "hsk3-fltrp-2026:l08",
2026-10-04T21:23:00.8112659Z       "level": 3,
2026-10-04T21:23:00.8112951Z       "number": 8,
2026-10-04T21:23:00.8113233Z       "title": {
2026-10-04T21:23:00.8113558Z         "zh": "今天我出院了",
2026-10-04T21:23:00.8113890Z         "vi": "Hôm nay tôi xuất viện",
2026-10-04T21:23:00.8114285Z         "py": "Jīntiān wǒ chūyuàn le"
2026-10-04T21:23:00.8114666Z       },
2026-10-04T21:23:00.8115060Z       "words": 31,
2026-10-04T21:23:00.8115431Z       "texts": 4,
2026-10-04T21:23:00.8115679Z       "grammar": 4,
2026-10-04T21:23:00.8115973Z       "homework": 30,
2026-10-04T21:23:00.8116393Z       "sha256": "060fe8ae8ac154b8b6cb9a64c9153b64d13b8d0e28b9a949b66651d00f3d0c24"
2026-10-04T21:23:00.8116865Z     },
2026-10-04T21:23:00.8117134Z     {
2026-10-04T21:23:00.8117410Z       "id": "hsk3-fltrp-2026:l09",
2026-10-04T21:23:00.8117741Z       "level": 3,
2026-10-04T21:23:00.8118064Z       "number": 9,
2026-10-04T21:23:00.8118376Z       "title": {
2026-10-04T21:23:00.8118845Z         "zh": "打不好没关系",
2026-10-04T21:23:00.8119316Z         "vi": "Chơi chưa tốt cũng không sao",
2026-10-04T21:23:00.8119883Z         "py": "Dǎ bu hǎo méi guānxi"
2026-10-04T21:23:00.8120421Z       },
2026-10-04T21:23:00.8120678Z       "words": 33,
2026-10-04T21:23:00.8121062Z       "texts": 4,
2026-10-04T21:23:00.8121426Z       "grammar": 3,
2026-10-04T21:23:00.8121799Z       "homework": 30,
2026-10-04T21:23:00.8122366Z       "sha256": "fecde40f8913de909cccf29f357ba27fa2dc9a92b0b6fe21e8f31348a764c937"
2026-10-04T21:23:00.8122908Z     },
2026-10-04T21:23:00.8123239Z     {
2026-10-04T21:23:00.8123660Z       "id": "hsk3-fltrp-2026:l10",
2026-10-04T21:23:00.8124138Z       "level": 3,
2026-10-04T21:23:00.8124502Z       "number": 10,
2026-10-04T21:23:00.8124805Z       "title": {
2026-10-04T21:23:00.8125205Z         "zh": "你明天再把书还给我",
2026-10-04T21:23:00.8125604Z         "vi": "Ngày mai bạn hãy trả sách cho tôi",
2026-10-04T21:23:00.8126214Z         "py": "Nǐ míngtiān zài bǎ shū huán gěi wǒ"
2026-10-04T21:23:00.8126678Z       },
2026-10-04T21:23:00.8127056Z       "words": 33,
2026-10-04T21:23:00.8127407Z       "texts": 4,
2026-10-04T21:23:00.8127859Z       "grammar": 3,
2026-10-04T21:23:00.8128224Z       "homework": 30,
2026-10-04T21:23:00.8128670Z       "sha256": "b7f106e2ece82f87921a16bf87b4dac345f9d5366c75fee0394da1b7597de828"
2026-10-04T21:23:00.8129093Z     },
2026-10-04T21:23:00.8129346Z     {
2026-10-04T21:23:00.8129621Z       "id": "hsk3-fltrp-2026:l11",
2026-10-04T21:23:00.8129931Z       "level": 3,
2026-10-04T21:23:00.8130432Z       "number": 11,
2026-10-04T21:23:00.8130817Z       "title": {
2026-10-04T21:23:00.8131386Z         "zh": "看来我没办法解决这个问题",
2026-10-04T21:23:00.8131829Z         "vi": "Xem ra tôi không có cách giải quyết vấn đề này",
2026-10-04T21:23:00.8132307Z         "py": "Kànlái wǒ méi bànfǎ jiějué zhège wèntí"
2026-10-04T21:23:00.8132651Z       },
2026-10-04T21:23:00.8132943Z       "words": 29,
2026-10-04T21:23:00.8133216Z       "texts": 4,
2026-10-04T21:23:00.8133474Z       "grammar": 4,
2026-10-04T21:23:00.8133746Z       "homework": 30,
2026-10-04T21:23:00.8134172Z       "sha256": "e54b04f5fba66b2201d4ab9b963c7f8cf977fe3a52e0347e13186e9eb24ce4e2"
2026-10-04T21:23:00.8134693Z     },
2026-10-04T21:23:00.8135234Z     {
2026-10-04T21:23:00.8135587Z       "id": "hsk3-fltrp-2026:l12",
2026-10-04T21:23:00.8136105Z       "level": 3,
2026-10-04T21:23:00.8136385Z       "number": 12,
2026-10-04T21:23:00.8136629Z       "title": {
2026-10-04T21:23:00.8136978Z         "zh": "这个季节天气变化很快",
2026-10-04T21:23:00.8137407Z         "vi": "Mùa này thời tiết thay đổi rất nhanh",
2026-10-04T21:23:00.8137866Z         "py": "Zhège jìjié tiānqì biànhuà hěn kuài"
2026-10-04T21:23:00.8138214Z       },
2026-10-04T21:23:00.8138474Z       "words": 28,
2026-10-04T21:23:00.8138787Z       "texts": 4,
2026-10-04T21:23:00.8139086Z       "grammar": 4,
2026-10-04T21:23:00.8139408Z       "homework": 30,
2026-10-04T21:23:00.8139863Z       "sha256": "deb3939089488474d986529d9b4c46615c3264d614cd246041d62d98cdee3b4d"
2026-10-04T21:23:00.8140459Z     },
2026-10-04T21:23:00.8140793Z     {
2026-10-04T21:23:00.8141120Z       "id": "hsk3-fltrp-2026:l13",
2026-10-04T21:23:00.8141597Z       "level": 3,
2026-10-04T21:23:00.8141957Z       "number": 13,
2026-10-04T21:23:00.8142271Z       "title": {
2026-10-04T21:23:00.8142763Z         "zh": "我的新邻居来自英国",
2026-10-04T21:23:00.8143279Z         "vi": "Hàng xóm mới của tôi đến từ Anh",
2026-10-04T21:23:00.8143767Z         "py": "Wǒ de xīn línjū láizì Yīngguó"
2026-10-04T21:23:00.8144086Z       },
2026-10-04T21:23:00.8144325Z       "words": 28,
2026-10-04T21:23:00.8144611Z       "texts": 4,
2026-10-04T21:23:00.8144885Z       "grammar": 3,
2026-10-04T21:23:00.8145178Z       "homework": 30,
2026-10-04T21:23:00.8145625Z       "sha256": "440776721226463550a6e0b45fd42dd178bd3fe57a62d9c643923d8d132c61cc"
2026-10-04T21:23:00.8146008Z     },
2026-10-04T21:23:00.8146277Z     {
2026-10-04T21:23:00.8146552Z       "id": "hsk3-fltrp-2026:l14",
2026-10-04T21:23:00.8146871Z       "level": 3,
2026-10-04T21:23:00.8147143Z       "number": 14,
2026-10-04T21:23:00.8147418Z       "title": {
2026-10-04T21:23:00.8147745Z         "zh": "这本书被别人借走了",
2026-10-04T21:23:00.8148160Z         "vi": "Cuốn sách này đã được người khác mượn rồi",
2026-10-04T21:23:00.8148630Z         "py": "Zhè běn shū bèi biérén jiè zǒu le"
2026-10-04T21:23:00.8148960Z       },
2026-10-04T21:23:00.8149211Z       "words": 28,
2026-10-04T21:23:00.8149512Z       "texts": 4,
2026-10-04T21:23:00.8149774Z       "grammar": 3,
2026-10-04T21:23:00.8150061Z       "homework": 30,
2026-10-04T21:23:00.8150700Z       "sha256": "4243e1cafafd148020c1ffbf22cca4c9c9a2f1b2a361fdf778c26c95f678012a"
2026-10-04T21:23:00.8151125Z     },
2026-10-04T21:23:00.8151420Z     {
2026-10-04T21:23:00.8151702Z       "id": "hsk3-fltrp-2026:l15",
2026-10-04T21:23:00.8152018Z       "level": 3,
2026-10-04T21:23:00.8152285Z       "number": 15,
2026-10-04T21:23:00.8152547Z       "title": {
2026-10-04T21:23:00.8152862Z         "zh": "我是半个南京人",
2026-10-04T21:23:00.8153300Z         "vi": "Tôi có thể coi là nửa người Nam Kinh",
2026-10-04T21:23:00.8153710Z         "py": "Wǒ shì bàn ge Nánjīngrén"
2026-10-04T21:23:00.8154025Z       },
2026-10-04T21:23:00.8154278Z       "words": 28,
2026-10-04T21:23:00.8154564Z       "texts": 4,
2026-10-04T21:23:00.8154821Z       "grammar": 4,
2026-10-04T21:23:00.8155160Z       "homework": 30,
2026-10-04T21:23:00.8155574Z       "sha256": "72fe01c3ec5cb1153815f78cc24962d5323f2f0d44d49197f4ad79160f388836"
2026-10-04T21:23:00.8155969Z     },
2026-10-04T21:23:00.8156230Z     {
2026-10-04T21:23:00.8156524Z       "id": "hsk3-fltrp-2026:l16",
2026-10-04T21:23:00.8156852Z       "level": 3,
2026-10-04T21:23:00.8157261Z       "number": 16,
2026-10-04T21:23:00.8157522Z       "title": {
2026-10-04T21:23:00.8157846Z         "zh": "我听说有的熊猫出国了",
2026-10-04T21:23:00.8158273Z         "vi": "Tôi nghe nói có gấu trúc đã ra nước ngoài",
2026-10-04T21:23:00.8158902Z         "py": "Wǒ tīngshuō yǒude xióngmāo chū guó le"
2026-10-04T21:23:00.8159259Z       },
2026-10-04T21:23:00.8273627Z       "words": 26,
2026-10-04T21:23:00.8273872Z       "texts": 4,
2026-10-04T21:23:00.8274083Z       "grammar": 4,
2026-10-04T21:23:00.8274283Z       "homework": 30,
2026-10-04T21:23:00.8274844Z       "sha256": "06357423b8ea5eba948b8b7deb495d23779efa3cc8467f9c43554eb3f6769139"
2026-10-04T21:23:00.8275204Z     },
2026-10-04T21:23:00.8275372Z     {
2026-10-04T21:23:00.8275591Z       "id": "hsk3-fltrp-2026:l17",
2026-10-04T21:23:00.8275825Z       "level": 3,
2026-10-04T21:23:00.8276010Z       "number": 17,
2026-10-04T21:23:00.8276197Z       "title": {
2026-10-04T21:23:00.8276517Z         "zh": "我要多向认真的人学习",
2026-10-04T21:23:00.8276936Z         "vi": "Tôi phải học hỏi nhiều hơn từ những người cẩn thận",
2026-10-04T21:23:00.8277340Z         "py": "Wǒ yào duō xiàng rènzhēn de rén xuéxí"
2026-10-04T21:23:00.8277605Z       },
2026-10-04T21:23:00.8277790Z       "words": 28,
2026-10-04T21:23:00.8277971Z       "texts": 4,
2026-10-04T21:23:00.8278155Z       "grammar": 4,
2026-10-04T21:23:00.8278342Z       "homework": 30,
2026-10-04T21:23:00.8278680Z       "sha256": "244aa2c25d66d7168b4dff8c5431e200fed68d6c2d54af530e0781c7772bfe2a"
2026-10-04T21:23:00.8279006Z     },
2026-10-04T21:23:00.8279165Z     {
2026-10-04T21:23:00.8279372Z       "id": "hsk3-fltrp-2026:l18",
2026-10-04T21:23:00.8279587Z       "level": 3,
2026-10-04T21:23:00.8279773Z       "number": 18,
2026-10-04T21:23:00.8279951Z       "title": {
2026-10-04T21:23:00.8280387Z         "zh": "我学会了包饺子",
2026-10-04T21:23:00.8280699Z         "vi": "Tôi đã học được cách gói sủi cảo",
2026-10-04T21:23:00.8281177Z         "py": "Wǒ xuéhuì le bāo jiǎozi"
2026-10-04T21:23:00.8281405Z       },
2026-10-04T21:23:00.8281586Z       "words": 30,
2026-10-04T21:23:00.8281769Z       "texts": 4,
2026-10-04T21:23:00.8281943Z       "grammar": 4,
2026-10-04T21:23:00.8282124Z       "homework": 30,
2026-10-04T21:23:00.8282446Z       "sha256": "939dcb25ee7cdd124e062a2810fea523a9193395fd56fa940d8c111a554c0f53"
2026-10-04T21:23:00.8282762Z     }
2026-10-04T21:23:00.8282922Z   ],
2026-10-04T21:23:00.8283087Z   "lexicons": [
2026-10-04T21:23:00.8283258Z     {
2026-10-04T21:23:00.8283455Z       "courseId": "hsk2-fltrp-2026",
2026-10-04T21:23:00.8283675Z       "counts": {
2026-10-04T21:23:00.8283877Z         "sourceRecords": 226,
2026-10-04T21:23:00.8284091Z         "senses": 226,
2026-10-04T21:23:00.8284293Z         "chineseForms": 209,
2026-10-04T21:23:00.8284511Z         "verifiedMerges": 0
2026-10-04T21:23:00.8284712Z       },
2026-10-04T21:23:00.8285026Z       "sha256": "ef5bfd9d4b03fd83e0eb735afca091ff3daa09dd1c5439f1e4453d118bef014c"
2026-10-04T21:23:00.8285348Z     },
2026-10-04T21:23:00.8285509Z     {
2026-10-04T21:23:00.8285711Z       "courseId": "hsk3-fltrp-2026",
2026-10-04T21:23:00.8285931Z       "counts": {
2026-10-04T21:23:00.8286117Z         "sourceRecords": 523,
2026-10-04T21:23:00.8286342Z         "senses": 523,
2026-10-04T21:23:00.8286557Z         "chineseForms": 487,
2026-10-04T21:23:00.8286774Z         "verifiedMerges": 0
2026-10-04T21:23:00.8286984Z       },
2026-10-04T21:23:00.8287296Z       "sha256": "a3c72056adcde40201c46d5dd04aee5d0a633508b90acb09ec4d4dadd14eeef3"
2026-10-04T21:23:00.8287622Z     }
2026-10-04T21:23:00.8287789Z   ],
2026-10-04T21:23:00.8287961Z   "issues": []
2026-10-04T21:23:00.8288141Z }
2026-10-04T21:23:00.9161945Z 
2026-10-04T21:23:00.9162448Z > hsk1-modular-app@0.1.0 catalog:check
2026-10-04T21:23:00.9162962Z > node tools/catalog.mjs --check
2026-10-04T21:23:00.9163202Z 
2026-10-04T21:23:01.7699903Z {"ok":true,"mode":"check","baseline":"71b39192133c82f684384f450dda6079d3253440","counts":{"lessons":15,"tasks":300,"senses":344,"forms":319,"textbookWords":342,"texts":45,"grammar":40,"sortAnswers":95,"listening":75,"wordAudio":330,"missingWordAudio":14,"clips":405,"tracks":93},"artifacts":7}
2026-10-04T21:23:01.8901726Z 
2026-10-04T21:23:01.8902427Z > hsk1-modular-app@0.1.0 fixtures:check
2026-10-04T21:23:01.8902984Z > node tools/migration-fixtures.mjs --check
2026-10-04T21:23:01.8903277Z 
2026-10-04T21:23:01.9756279Z Verified 12 deterministic nonempty migration fixtures.
2026-10-04T21:23:02.0935509Z 
2026-10-04T21:23:02.0936284Z > hsk-shared-course-app@1.0.0 check
2026-10-04T21:23:02.0936747Z > tsc --noEmit
2026-10-04T21:23:02.0937046Z 
2026-10-04T21:23:02.7814533Z 
2026-10-04T21:23:02.7815471Z > hsk1-modular-app@0.1.0 check
2026-10-04T21:23:02.7815938Z > tsc --noEmit
2026-10-04T21:23:02.7816137Z 
2026-10-04T21:23:03.8899449Z ✔ an actual single native pass can satisfy exact engine/file/count (1.048094ms)
2026-10-04T21:23:03.8920793Z ✔ native guard rejects collection (1.557834ms)
2026-10-04T21:23:03.8921531Z ✔ native guard rejects skip (0.376689ms)
2026-10-04T21:23:03.8922073Z ✔ native guard rejects retry (0.184108ms)
2026-10-04T21:23:03.8922620Z ✔ native guard rejects expectedFailure (0.156306ms)
2026-10-04T21:23:03.8923130Z ✔ native guard rejects perCaseError (0.189653ms)
2026-10-04T21:23:03.8923531Z ✔ native guard rejects globalError (0.185061ms)
2026-10-04T21:23:03.8924100Z ✔ native guard rejects wrongEngine (0.160184ms)
2026-10-04T21:23:03.8924448Z ✔ native guard rejects foreignFile (0.215781ms)
2026-10-04T21:23:03.8924800Z ✔ native guard rejects missingCase (0.271941ms)
2026-10-04T21:23:03.8925154Z ✔ native guard rejects duplicateCase (0.307807ms)
2026-10-04T21:23:03.8925513Z ✔ native guard rejects flaky (0.174036ms)
2026-10-04T21:23:03.8975422Z ℹ tests 12
2026-10-04T21:23:03.8975952Z ℹ suites 0
2026-10-04T21:23:03.8976371Z ℹ pass 12
2026-10-04T21:23:03.8977047Z ℹ fail 0
2026-10-04T21:23:03.8977437Z ℹ cancelled 0
2026-10-04T21:23:03.8978326Z ℹ skipped 0
2026-10-04T21:23:03.8978575Z ℹ todo 0
2026-10-04T21:23:03.8978809Z ℹ duration_ms 57.0524
2026-10-04T21:23:03.9112271Z ##[group]Run node course-app/docs/resume-20261004/b10-adapter-ci/run-command.mjs browser-install course-app npx playwright install --with-deps chromium
2026-10-04T21:23:03.9113193Z [36;1mnode course-app/docs/resume-20261004/b10-adapter-ci/run-command.mjs browser-install course-app npx playwright install --with-deps chromium[0m
2026-10-04T21:23:03.9113982Z [36;1mnode course-app/docs/resume-20261004/b10-adapter-ci/run-command.mjs font-install . sudo apt-get install -y fonts-noto-cjk[0m
2026-10-04T21:23:03.9153755Z shell: /usr/bin/bash -e {0}
2026-10-04T21:23:03.9154016Z env:
2026-10-04T21:23:03.9154256Z   HSK_ADAPTER_CI_BROWSER: chromium
2026-10-04T21:23:03.9154520Z ##[endgroup]
2026-10-04T21:23:04.5251519Z Installing dependencies...
2026-10-04T21:23:04.5311100Z Switching to root user to install dependencies...
2026-10-04T21:23:04.5974255Z Get:1 file:/etc/apt/apt-mirrors.txt Mirrorlist [144 B]
2026-10-04T21:23:04.6364330Z Hit:2 http://azure.archive.ubuntu.com/ubuntu noble InRelease
2026-10-04T21:23:04.6398990Z Get:6 https://packages.microsoft.com/ubuntu/24.04/prod noble InRelease [3600 B]
2026-10-04T21:23:04.6416020Z Get:3 http://azure.archive.ubuntu.com/ubuntu noble-updates InRelease [126 kB]
2026-10-04T21:23:04.6464440Z Get:4 http://azure.archive.ubuntu.com/ubuntu noble-backports InRelease [126 kB]
2026-10-04T21:23:04.6467276Z Get:5 http://azure.archive.ubuntu.com/ubuntu noble-security InRelease [126 kB]
2026-10-04T21:23:04.7330789Z Get:7 https://packages.microsoft.com/ubuntu/24.04/prod noble/main armhf Packages [12.6 kB]
2026-10-04T21:23:04.7419769Z Get:8 https://packages.microsoft.com/ubuntu/24.04/prod noble/main amd64 Packages [511 kB]
2026-10-04T21:23:04.7481366Z Get:9 https://packages.microsoft.com/ubuntu/24.04/prod noble/main arm64 Packages [458 kB]
2026-10-04T21:23:04.7721187Z Get:10 http://azure.archive.ubuntu.com/ubuntu noble-updates/main amd64 Packages [1364 kB]
2026-10-04T21:23:04.7750318Z Get:11 http://azure.archive.ubuntu.com/ubuntu noble-updates/main Translation-en [304 kB]
2026-10-04T21:23:04.7775929Z Get:12 http://azure.archive.ubuntu.com/ubuntu noble-updates/main amd64 Components [181 kB]
2026-10-04T21:23:04.7780848Z Get:13 http://azure.archive.ubuntu.com/ubuntu noble-updates/universe amd64 Packages [1699 kB]
2026-10-04T21:23:04.7870810Z Get:14 http://azure.archive.ubuntu.com/ubuntu noble-updates/universe Translation-en [341 kB]
2026-10-04T21:23:04.7901487Z Get:15 http://azure.archive.ubuntu.com/ubuntu noble-updates/universe amd64 Components [388 kB]
2026-10-04T21:23:04.7919553Z Get:16 http://azure.archive.ubuntu.com/ubuntu noble-updates/restricted amd64 Packages [1720 kB]
2026-10-04T21:23:04.7992725Z Get:17 http://azure.archive.ubuntu.com/ubuntu noble-updates/restricted Translation-en [394 kB]
2026-10-04T21:23:04.8013724Z Get:18 http://azure.archive.ubuntu.com/ubuntu noble-updates/multiverse amd64 Components [940 B]
2026-10-04T21:23:04.8122094Z Get:19 http://azure.archive.ubuntu.com/ubuntu noble-backports/main amd64 Components [5776 B]
2026-10-04T21:23:04.8563935Z Get:20 http://azure.archive.ubuntu.com/ubuntu noble-backports/universe amd64 Components [12.6 kB]
2026-10-04T21:23:04.8573012Z Get:21 http://azure.archive.ubuntu.com/ubuntu noble-security/main amd64 Packages [1069 kB]
2026-10-04T21:23:04.8618221Z Get:22 http://azure.archive.ubuntu.com/ubuntu noble-security/main Translation-en [221 kB]
2026-10-04T21:23:04.8631894Z Get:23 http://azure.archive.ubuntu.com/ubuntu noble-security/main amd64 Components [46.4 kB]
2026-10-04T21:23:04.8639348Z Get:24 http://azure.archive.ubuntu.com/ubuntu noble-security/universe amd64 Packages [1216 kB]
2026-10-04T21:23:04.8688700Z Get:25 http://azure.archive.ubuntu.com/ubuntu noble-security/universe Translation-en [244 kB]
2026-10-04T21:23:04.8703179Z Get:26 http://azure.archive.ubuntu.com/ubuntu noble-security/universe amd64 Components [76.4 kB]
2026-10-04T21:23:04.8711834Z Get:27 http://azure.archive.ubuntu.com/ubuntu noble-security/restricted amd64 Packages [1566 kB]
2026-10-04T21:23:04.8774392Z Get:28 http://azure.archive.ubuntu.com/ubuntu noble-security/restricted Translation-en [361 kB]
2026-10-04T21:23:12.2274256Z Fetched 12.6 MB in 1s (9765 kB/s)
2026-10-04T21:23:12.9491640Z Reading package lists...
2026-10-04T21:23:12.9717500Z Reading package lists...
2026-10-04T21:23:13.0992333Z Building dependency tree...
2026-10-04T21:23:13.0997286Z Reading state information...
2026-10-04T21:23:13.2386654Z libasound2t64 is already the newest version (1.2.11-1ubuntu0.3).
2026-10-04T21:23:13.2387169Z libasound2t64 set to manually installed.
2026-10-04T21:23:13.2387666Z libatk-bridge2.0-0t64 is already the newest version (2.52.0-1build1).
2026-10-04T21:23:13.2388272Z libatk-bridge2.0-0t64 set to manually installed.
2026-10-04T21:23:13.2388771Z libatk1.0-0t64 is already the newest version (2.52.0-1build1).
2026-10-04T21:23:13.2389225Z libatk1.0-0t64 set to manually installed.
2026-10-04T21:23:13.2389704Z libatspi2.0-0t64 is already the newest version (2.52.0-1build1).
2026-10-04T21:23:13.2390365Z libatspi2.0-0t64 set to manually installed.
2026-10-04T21:23:13.2390871Z libcairo2 is already the newest version (1.18.0-3build1).
2026-10-04T21:23:13.2391309Z libcairo2 set to manually installed.
2026-10-04T21:23:13.2391795Z libcups2t64 is already the newest version (2.4.7-1.2ubuntu7.14).
2026-10-04T21:23:13.2392260Z libcups2t64 set to manually installed.
2026-10-04T21:23:13.2392690Z libdbus-1-3 is already the newest version (1.14.10-4ubuntu4.1).
2026-10-04T21:23:13.2393111Z libdbus-1-3 set to manually installed.
2026-10-04T21:23:13.2393565Z libdrm2 is already the newest version (2.4.125-1ubuntu0.1~24.04.2).
2026-10-04T21:23:13.2394040Z libdrm2 set to manually installed.
2026-10-04T21:23:13.2394562Z libglib2.0-0t64 is already the newest version (2.80.0-6ubuntu3.9).
2026-10-04T21:23:13.2395082Z libglib2.0-0t64 set to manually installed.
2026-10-04T21:23:13.2395672Z libnspr4 is already the newest version (2:4.35-1.1build1).
2026-10-04T21:23:13.2396176Z libnspr4 set to manually installed.
2026-10-04T21:23:13.2396696Z libnss3 is already the newest version (2:3.98-1ubuntu0.2).
2026-10-04T21:23:13.2397215Z libnss3 set to manually installed.
2026-10-04T21:23:13.2397753Z libpango-1.0-0 is already the newest version (1.52.1+ds-1build1).
2026-10-04T21:23:13.2398288Z libpango-1.0-0 set to manually installed.
2026-10-04T21:23:13.2398810Z libx11-6 is already the newest version (2:1.8.7-1build1).
2026-10-04T21:23:13.2399311Z libx11-6 set to manually installed.
2026-10-04T21:23:13.2399773Z libxcb1 is already the newest version (1.15-1ubuntu2).
2026-10-04T21:23:13.2400431Z libxcb1 set to manually installed.
2026-10-04T21:23:13.2400958Z libxcomposite1 is already the newest version (1:0.4.5-1build3).
2026-10-04T21:23:13.2401886Z libxcomposite1 set to manually installed.
2026-10-04T21:23:13.2402474Z libxdamage1 is already the newest version (1:1.1.6-1build1).
2026-10-04T21:23:13.2403008Z libxdamage1 set to manually installed.
2026-10-04T21:23:13.2403532Z libxext6 is already the newest version (2:1.3.4-1build2).
2026-10-04T21:23:13.2404026Z libxext6 set to manually installed.
2026-10-04T21:23:13.2404540Z libxfixes3 is already the newest version (1:6.0.0-2build1).
2026-10-04T21:23:13.2405059Z libxfixes3 set to manually installed.
2026-10-04T21:23:13.2405570Z libxkbcommon0 is already the newest version (1.6.0-1build1).
2026-10-04T21:23:13.2406073Z libxkbcommon0 set to manually installed.
2026-10-04T21:23:13.2406614Z libxrandr2 is already the newest version (2:1.5.2-2build1).
2026-10-04T21:23:13.2407139Z libxrandr2 set to manually installed.
2026-10-04T21:23:13.2407620Z xvfb is already the newest version (2:21.1.12-1ubuntu1.8).
2026-10-04T21:23:13.2408309Z fonts-noto-color-emoji is already the newest version (2.047-0ubuntu0.24.04.1).
2026-10-04T21:23:13.2408976Z libfontconfig1 is already the newest version (2.15.0-1.1ubuntu2).
2026-10-04T21:23:13.2409434Z libfontconfig1 set to manually installed.
2026-10-04T21:23:13.2409804Z libfreetype6 is already the newest version (2.13.2+dfsg-1ubuntu0.1).
2026-10-04T21:23:13.2410363Z libfreetype6 set to manually installed.
2026-10-04T21:23:13.2410975Z fonts-liberation is already the newest version (1:2.1.5-3).
2026-10-04T21:23:13.2411333Z fonts-liberation set to manually installed.
2026-10-04T21:23:13.2411678Z The following additional packages will be installed:
2026-10-04T21:23:13.2412088Z   libgl1-mesa-dri libglx-mesa0 mesa-libgallium xfonts-encodings xfonts-utils
2026-10-04T21:23:13.2412432Z Recommended packages:
2026-10-04T21:23:13.2412682Z   fonts-ipafont-mincho fonts-tlwg-loma
2026-10-04T21:23:13.2558834Z The following NEW packages will be installed:
2026-10-04T21:23:13.2559789Z   fonts-freefont-ttf fonts-ipafont-gothic fonts-tlwg-loma-otf fonts-unifont
2026-10-04T21:23:13.2565282Z   fonts-wqy-zenhei xfonts-cyrillic xfonts-encodings xfonts-scalable
2026-10-04T21:23:13.2565831Z   xfonts-utils
2026-10-04T21:23:13.2569560Z The following packages will be upgraded:
2026-10-04T21:23:13.2574573Z   libgbm1 libgl1-mesa-dri libglx-mesa0 mesa-libgallium
2026-10-04T21:23:13.2717167Z 4 upgraded, 9 newly installed, 0 to remove and 21 not upgraded.
2026-10-04T21:23:13.2717828Z Need to get 32.1 MB of archives.
2026-10-04T21:23:13.2718243Z After this operation, 79.5 MB of additional disk space will be used.
2026-10-04T21:23:13.2718728Z Get:1 file:/etc/apt/apt-mirrors.txt Mirrorlist [144 B]
2026-10-04T21:23:13.3279627Z Get:2 http://azure.archive.ubuntu.com/ubuntu noble/universe amd64 fonts-ipafont-gothic all 00303-21ubuntu1 [3513 kB]
2026-10-04T21:23:13.3945593Z Get:3 http://azure.archive.ubuntu.com/ubuntu noble/main amd64 fonts-freefont-ttf all 20211204+svn4273-2 [5641 kB]
2026-10-04T21:23:13.4826302Z Get:4 http://azure.archive.ubuntu.com/ubuntu noble/universe amd64 fonts-tlwg-loma-otf all 1:0.7.3-1 [107 kB]
2026-10-04T21:23:13.5148503Z Get:5 http://azure.archive.ubuntu.com/ubuntu noble/universe amd64 fonts-unifont all 1:15.1.01-1build1 [2993 kB]
2026-10-04T21:23:13.5796402Z Get:6 http://azure.archive.ubuntu.com/ubuntu noble/universe amd64 fonts-wqy-zenhei all 0.9.45-8 [7472 kB]
2026-10-04T21:23:13.6831076Z Get:7 http://azure.archive.ubuntu.com/ubuntu noble-updates/main amd64 libgl1-mesa-dri amd64 25.2.8-0ubuntu0.24.04.4 [38.0 kB]
2026-10-04T21:23:13.7151602Z Get:8 http://azure.archive.ubuntu.com/ubuntu noble-updates/main amd64 libglx-mesa0 amd64 25.2.8-0ubuntu0.24.04.4 [110 kB]
2026-10-04T21:23:13.7478473Z Get:9 http://azure.archive.ubuntu.com/ubuntu noble-updates/main amd64 libgbm1 amd64 25.2.8-0ubuntu0.24.04.4 [34.2 kB]
2026-10-04T21:23:13.7797080Z Get:10 http://azure.archive.ubuntu.com/ubuntu noble-updates/main amd64 mesa-libgallium amd64 25.2.8-0ubuntu0.24.04.4 [10.8 MB]
2026-10-04T21:23:13.9227857Z Get:11 http://azure.archive.ubuntu.com/ubuntu noble/main amd64 xfonts-encodings all 1:1.0.5-0ubuntu2 [578 kB]
2026-10-04T21:23:13.9600436Z Get:12 http://azure.archive.ubuntu.com/ubuntu noble/main amd64 xfonts-utils amd64 1:7.7+6build3 [94.4 kB]
2026-10-04T21:23:13.9923286Z Get:13 http://azure.archive.ubuntu.com/ubuntu noble/universe amd64 xfonts-cyrillic all 1:1.0.5+nmu1 [384 kB]
2026-10-04T21:23:14.0273988Z Get:14 http://azure.archive.ubuntu.com/ubuntu noble/main amd64 xfonts-scalable all 1:1.0.3-1.3 [304 kB]
2026-10-04T21:23:14.2547793Z Fetched 32.1 MB in 1s (41.8 MB/s)
2026-10-04T21:23:14.2749410Z Selecting previously unselected package fonts-ipafont-gothic.
2026-10-04T21:23:14.2969202Z (Reading database ... 
2026-10-04T21:23:14.2969700Z (Reading database ... 5%
2026-10-04T21:23:14.2969998Z (Reading database ... 10%
2026-10-04T21:23:14.2970651Z (Reading database ... 15%
2026-10-04T21:23:14.2970980Z (Reading database ... 20%
2026-10-04T21:23:14.2971581Z (Reading database ... 25%
2026-10-04T21:23:14.2971885Z (Reading database ... 30%
2026-10-04T21:23:14.2972151Z (Reading database ... 35%
2026-10-04T21:23:14.2972469Z (Reading database ... 40%
2026-10-04T21:23:14.2972729Z (Reading database ... 45%
2026-10-04T21:23:14.2972998Z (Reading database ... 50%
2026-10-04T21:23:14.3011912Z (Reading database ... 55%
2026-10-04T21:23:14.4200856Z (Reading database ... 60%
2026-10-04T21:23:14.6281878Z (Reading database ... 65%
2026-10-04T21:23:14.8176652Z (Reading database ... 70%
2026-10-04T21:23:14.9856424Z (Reading database ... 75%
2026-10-04T21:23:15.1230870Z (Reading database ... 80%
2026-10-04T21:23:15.3291517Z (Reading database ... 85%
2026-10-04T21:23:15.5342451Z (Reading database ... 90%
2026-10-04T21:23:15.7225704Z (Reading database ... 95%
2026-10-04T21:23:15.7226203Z (Reading database ... 100%
2026-10-04T21:23:15.7226825Z (Reading database ... 202296 files and directories currently installed.)
2026-10-04T21:23:15.7265482Z Preparing to unpack .../00-fonts-ipafont-gothic_00303-21ubuntu1_all.deb ...
2026-10-04T21:23:15.7334474Z Unpacking fonts-ipafont-gothic (00303-21ubuntu1) ...
2026-10-04T21:23:16.0164271Z Selecting previously unselected package fonts-freefont-ttf.
2026-10-04T21:23:16.0279777Z Preparing to unpack .../01-fonts-freefont-ttf_20211204+svn4273-2_all.deb ...
2026-10-04T21:23:16.0287596Z Unpacking fonts-freefont-ttf (20211204+svn4273-2) ...
2026-10-04T21:23:16.1151957Z Selecting previously unselected package fonts-tlwg-loma-otf.
2026-10-04T21:23:16.1263118Z Preparing to unpack .../02-fonts-tlwg-loma-otf_1%3a0.7.3-1_all.deb ...
2026-10-04T21:23:16.1271930Z Unpacking fonts-tlwg-loma-otf (1:0.7.3-1) ...
2026-10-04T21:23:16.1424819Z Selecting previously unselected package fonts-unifont.
2026-10-04T21:23:16.1535399Z Preparing to unpack .../03-fonts-unifont_1%3a15.1.01-1build1_all.deb ...
2026-10-04T21:23:16.1543250Z Unpacking fonts-unifont (1:15.1.01-1build1) ...
2026-10-04T21:23:16.3658086Z Selecting previously unselected package fonts-wqy-zenhei.
2026-10-04T21:23:16.3775454Z Preparing to unpack .../04-fonts-wqy-zenhei_0.9.45-8_all.deb ...
2026-10-04T21:23:16.3856156Z Unpacking fonts-wqy-zenhei (0.9.45-8) ...
2026-10-04T21:23:16.9406673Z Preparing to unpack .../05-libgl1-mesa-dri_25.2.8-0ubuntu0.24.04.4_amd64.deb ...
2026-10-04T21:23:16.9522532Z Unpacking libgl1-mesa-dri:amd64 (25.2.8-0ubuntu0.24.04.4) over (25.2.8-0ubuntu0.24.04.2) ...
2026-10-04T21:23:16.9888097Z Preparing to unpack .../06-libglx-mesa0_25.2.8-0ubuntu0.24.04.4_amd64.deb ...
2026-10-04T21:23:16.9918256Z Unpacking libglx-mesa0:amd64 (25.2.8-0ubuntu0.24.04.4) over (25.2.8-0ubuntu0.24.04.2) ...
2026-10-04T21:23:17.0230970Z Preparing to unpack .../07-libgbm1_25.2.8-0ubuntu0.24.04.4_amd64.deb ...
2026-10-04T21:23:17.0252000Z Unpacking libgbm1:amd64 (25.2.8-0ubuntu0.24.04.4) over (25.2.8-0ubuntu0.24.04.2) ...
2026-10-04T21:23:17.0538725Z Preparing to unpack .../08-mesa-libgallium_25.2.8-0ubuntu0.24.04.4_amd64.deb ...
2026-10-04T21:23:17.0557925Z Unpacking mesa-libgallium:amd64 (25.2.8-0ubuntu0.24.04.4) over (25.2.8-0ubuntu0.24.04.2) ...
2026-10-04T21:23:17.4223963Z Selecting previously unselected package xfonts-encodings.
2026-10-04T21:23:17.4337726Z Preparing to unpack .../09-xfonts-encodings_1%3a1.0.5-0ubuntu2_all.deb ...
2026-10-04T21:23:17.4346361Z Unpacking xfonts-encodings (1:1.0.5-0ubuntu2) ...
2026-10-04T21:23:17.4553508Z Selecting previously unselected package xfonts-utils.
2026-10-04T21:23:17.4670930Z Preparing to unpack .../10-xfonts-utils_1%3a7.7+6build3_amd64.deb ...
2026-10-04T21:23:17.4679854Z Unpacking xfonts-utils (1:7.7+6build3) ...
2026-10-04T21:23:17.4947517Z Selecting previously unselected package xfonts-cyrillic.
2026-10-04T21:23:17.5062303Z Preparing to unpack .../11-xfonts-cyrillic_1%3a1.0.5+nmu1_all.deb ...
2026-10-04T21:23:17.5072682Z Unpacking xfonts-cyrillic (1:1.0.5+nmu1) ...
2026-10-04T21:23:17.5269331Z Selecting previously unselected package xfonts-scalable.
2026-10-04T21:23:17.5378664Z Preparing to unpack .../12-xfonts-scalable_1%3a1.0.3-1.3_all.deb ...
2026-10-04T21:23:17.5388846Z Unpacking xfonts-scalable (1:1.0.3-1.3) ...
2026-10-04T21:23:17.5791607Z Setting up mesa-libgallium:amd64 (25.2.8-0ubuntu0.24.04.4) ...
2026-10-04T21:23:17.5814620Z Setting up libgbm1:amd64 (25.2.8-0ubuntu0.24.04.4) ...
2026-10-04T21:23:17.5832545Z Setting up libgl1-mesa-dri:amd64 (25.2.8-0ubuntu0.24.04.4) ...
2026-10-04T21:23:17.5891322Z Setting up fonts-wqy-zenhei (0.9.45-8) ...
2026-10-04T21:23:17.5978094Z Setting up fonts-freefont-ttf (20211204+svn4273-2) ...
2026-10-04T21:23:17.5995682Z Setting up fonts-tlwg-loma-otf (1:0.7.3-1) ...
2026-10-04T21:23:17.6011512Z Setting up xfonts-encodings (1:1.0.5-0ubuntu2) ...
2026-10-04T21:23:17.6027837Z Setting up fonts-ipafont-gothic (00303-21ubuntu1) ...
2026-10-04T21:23:17.6269469Z update-alternatives: using /usr/share/fonts/opentype/ipafont-gothic/ipag.ttf to provide /usr/share/fonts/truetype/fonts-japanese-gothic.ttf (fonts-japanese-gothic.ttf) in auto mode
2026-10-04T21:23:17.6281565Z Setting up fonts-unifont (1:15.1.01-1build1) ...
2026-10-04T21:23:17.6297589Z Setting up libglx-mesa0:amd64 (25.2.8-0ubuntu0.24.04.4) ...
2026-10-04T21:23:17.6313643Z Setting up xfonts-utils (1:7.7+6build3) ...
2026-10-04T21:23:17.6345660Z Setting up xfonts-cyrillic (1:1.0.5+nmu1) ...
2026-10-04T21:23:17.6590059Z Setting up xfonts-scalable (1:1.0.3-1.3) ...
2026-10-04T21:23:17.6797334Z Processing triggers for libc-bin (2.39-0ubuntu8.9) ...
2026-10-04T21:23:17.8719000Z Processing triggers for man-db (2.12.0-4build2) ...
2026-10-04T21:23:17.8737558Z Not building database; man-db/auto-update is not 'true'.
2026-10-04T21:23:17.8751185Z Processing triggers for fontconfig (2.15.0-1.1ubuntu2) ...
2026-10-04T21:23:18.4477551Z 
2026-10-04T21:23:18.4478782Z Running kernel seems to be up-to-date.
2026-10-04T21:23:18.4479242Z 
2026-10-04T21:23:18.4479604Z No services need to be restarted.
2026-10-04T21:23:18.4479930Z 
2026-10-04T21:23:18.4480297Z No containers need to be restarted.
2026-10-04T21:23:18.4480550Z 
2026-10-04T21:23:18.4480787Z No user sessions are running outdated binaries.
2026-10-04T21:23:18.4481130Z 
2026-10-04T21:23:18.4481360Z No VM guests are running outdated hypervisor (qemu) binaries on this host.
2026-10-04T21:23:19.1966304Z Downloading Chrome for Testing 151.0.7922.34 (playwright chromium v1234) from https://cdn.playwright.dev/builds/cft/151.0.7922.34/linux64/chrome-linux64.zip
2026-10-04T21:23:20.2363902Z |                                                                                |   0% of 184.3 MiB
2026-10-04T21:23:20.6205647Z |■■■■■■■■                                                                        |  10% of 184.3 MiB
2026-10-04T21:23:20.6908080Z |■■■■■■■■■■■■■■■■                                                                |  20% of 184.3 MiB
2026-10-04T21:23:20.7689034Z |■■■■■■■■■■■■■■■■■■■■■■■■                                                        |  30% of 184.3 MiB
2026-10-04T21:23:20.8161545Z |■■■■■■■■■■■■■■■■■■■■■■■■■■■■■■■■                                                |  40% of 184.3 MiB
2026-10-04T21:23:20.8904936Z |■■■■■■■■■■■■■■■■■■■■■■■■■■■■■■■■■■■■■■■■                                        |  50% of 184.3 MiB
2026-10-04T21:23:20.9300048Z |■■■■■■■■■■■■■■■■■■■■■■■■■■■■■■■■■■■■■■■■■■■■■■■■                                |  60% of 184.3 MiB
2026-10-04T21:23:20.9916570Z |■■■■■■■■■■■■■■■■■■■■■■■■■■■■■■■■■■■■■■■■■■■■■■■■■■■■■■■■                        |  70% of 184.3 MiB
2026-10-04T21:23:21.0411945Z |■■■■■■■■■■■■■■■■■■■■■■■■■■■■■■■■■■■■■■■■■■■■■■■■■■■■■■■■■■■■■■■■                |  80% of 184.3 MiB
2026-10-04T21:23:21.1162334Z |■■■■■■■■■■■■■■■■■■■■■■■■■■■■■■■■■■■■■■■■■■■■■■■■■■■■■■■■■■■■■■■■■■■■■■■■        |  90% of 184.3 MiB
2026-10-04T21:23:21.1893382Z |■■■■■■■■■■■■■■■■■■■■■■■■■■■■■■■■■■■■■■■■■■■■■■■■■■■■■■■■■■■■■■■■■■■■■■■■■■■■■■■■| 100% of 184.3 MiB
2026-10-04T21:23:24.0763048Z Chrome for Testing 151.0.7922.34 (playwright chromium v1234) downloaded to /home/runner/.cache/ms-playwright/chromium-1234
2026-10-04T21:23:24.0766965Z Downloading FFmpeg (playwright ffmpeg v1011) from https://cdn.playwright.dev/dbazure/download/playwright/builds/ffmpeg/1011/ffmpeg-linux.zip
2026-10-04T21:23:25.0913112Z |                                                                                |   0% of 2.3 MiB
2026-10-04T21:23:25.1109343Z |■■■■■■■■                                                                        |  10% of 2.3 MiB
2026-10-04T21:23:25.1228437Z |■■■■■■■■■■■■■■■■                                                                |  20% of 2.3 MiB
2026-10-04T21:23:25.1907994Z |■■■■■■■■■■■■■■■■■■■■■■■■                                                        |  30% of 2.3 MiB
2026-10-04T21:23:25.2474445Z |■■■■■■■■■■■■■■■■■■■■■■■■■■■■■■■■                                                |  40% of 2.3 MiB
2026-10-04T21:23:25.2547661Z |■■■■■■■■■■■■■■■■■■■■■■■■■■■■■■■■■■■■■■■■                                        |  50% of 2.3 MiB
2026-10-04T21:23:25.2664766Z |■■■■■■■■■■■■■■■■■■■■■■■■■■■■■■■■■■■■■■■■■■■■■■■■                                |  60% of 2.3 MiB
2026-10-04T21:23:25.2770385Z |■■■■■■■■■■■■■■■■■■■■■■■■■■■■■■■■■■■■■■■■■■■■■■■■■■■■■■■■                        |  70% of 2.3 MiB
2026-10-04T21:23:25.2880867Z |■■■■■■■■■■■■■■■■■■■■■■■■■■■■■■■■■■■■■■■■■■■■■■■■■■■■■■■■■■■■■■■■                |  80% of 2.3 MiB
2026-10-04T21:23:25.3017170Z |■■■■■■■■■■■■■■■■■■■■■■■■■■■■■■■■■■■■■■■■■■■■■■■■■■■■■■■■■■■■■■■■■■■■■■■■        |  90% of 2.3 MiB
2026-10-04T21:23:25.3132387Z |■■■■■■■■■■■■■■■■■■■■■■■■■■■■■■■■■■■■■■■■■■■■■■■■■■■■■■■■■■■■■■■■■■■■■■■■■■■■■■■■| 100% of 2.3 MiB
2026-10-04T21:23:25.3639300Z FFmpeg (playwright ffmpeg v1011) downloaded to /home/runner/.cache/ms-playwright/ffmpeg-1011
2026-10-04T21:23:25.3642161Z Downloading Chrome Headless Shell 151.0.7922.34 (playwright chromium-headless-shell v1234) from https://cdn.playwright.dev/builds/cft/151.0.7922.34/linux64/chrome-headless-shell-linux64.zip
2026-10-04T21:23:26.3689361Z |                                                                                |   0% of 114.7 MiB
2026-10-04T21:23:26.7169140Z |■■■■■■■■                                                                        |  10% of 114.7 MiB
2026-10-04T21:23:26.7931785Z |■■■■■■■■■■■■■■■■                                                                |  20% of 114.7 MiB
2026-10-04T21:23:26.8280546Z |■■■■■■■■■■■■■■■■■■■■■■■■                                                        |  30% of 114.7 MiB
2026-10-04T21:23:26.8607611Z |■■■■■■■■■■■■■■■■■■■■■■■■■■■■■■■■                                                |  40% of 114.7 MiB
2026-10-04T21:23:26.9098899Z |■■■■■■■■■■■■■■■■■■■■■■■■■■■■■■■■■■■■■■■■                                        |  50% of 114.7 MiB
2026-10-04T21:23:26.9316315Z |■■■■■■■■■■■■■■■■■■■■■■■■■■■■■■■■■■■■■■■■■■■■■■■■                                |  60% of 114.7 MiB
2026-10-04T21:23:26.9591462Z |■■■■■■■■■■■■■■■■■■■■■■■■■■■■■■■■■■■■■■■■■■■■■■■■■■■■■■■■                        |  70% of 114.7 MiB
2026-10-04T21:23:27.0001704Z |■■■■■■■■■■■■■■■■■■■■■■■■■■■■■■■■■■■■■■■■■■■■■■■■■■■■■■■■■■■■■■■■                |  80% of 114.7 MiB
2026-10-04T21:23:27.0241292Z |■■■■■■■■■■■■■■■■■■■■■■■■■■■■■■■■■■■■■■■■■■■■■■■■■■■■■■■■■■■■■■■■■■■■■■■■        |  90% of 114.7 MiB
2026-10-04T21:23:27.0413411Z |■■■■■■■■■■■■■■■■■■■■■■■■■■■■■■■■■■■■■■■■■■■■■■■■■■■■■■■■■■■■■■■■■■■■■■■■■■■■■■■■| 100% of 114.7 MiB
2026-10-04T21:23:29.1208341Z Chrome Headless Shell 151.0.7922.34 (playwright chromium-headless-shell v1234) downloaded to /home/runner/.cache/ms-playwright/chromium_headless_shell-1234
2026-10-04T21:23:29.1931981Z Reading package lists...
2026-10-04T21:23:29.3416334Z Building dependency tree...
2026-10-04T21:23:29.3425106Z Reading state information...
2026-10-04T21:23:29.4868623Z Suggested packages:
2026-10-04T21:23:29.4869553Z   fonts-noto-cjk-extra
2026-10-04T21:23:29.4982369Z The following NEW packages will be installed:
2026-10-04T21:23:29.4988178Z   fonts-noto-cjk
2026-10-04T21:23:29.5130907Z 0 upgraded, 1 newly installed, 0 to remove and 21 not upgraded.
2026-10-04T21:23:29.5131910Z Need to get 61.2 MB of archives.
2026-10-04T21:23:29.5132350Z After this operation, 93.2 MB of additional disk space will be used.
2026-10-04T21:23:29.5132769Z Get:1 file:/etc/apt/apt-mirrors.txt Mirrorlist [144 B]
2026-10-04T21:23:29.5837288Z Get:2 http://azure.archive.ubuntu.com/ubuntu noble/main amd64 fonts-noto-cjk all 1:20230817+repack1-3 [61.2 MB]
2026-10-04T21:23:30.5576806Z Fetched 61.2 MB in 1s (73.1 MB/s)
2026-10-04T21:23:30.5736027Z Selecting previously unselected package fonts-noto-cjk.
2026-10-04T21:23:30.5765256Z (Reading database ... 
2026-10-04T21:23:30.5765578Z (Reading database ... 5%
2026-10-04T21:23:30.5765865Z (Reading database ... 10%
2026-10-04T21:23:30.5766178Z (Reading database ... 15%
2026-10-04T21:23:30.5766497Z (Reading database ... 20%
2026-10-04T21:23:30.5766816Z (Reading database ... 25%
2026-10-04T21:23:30.5767279Z (Reading database ... 30%
2026-10-04T21:23:30.5767590Z (Reading database ... 35%
2026-10-04T21:23:30.5768755Z (Reading database ... 40%
2026-10-04T21:23:30.5769126Z (Reading database ... 45%
2026-10-04T21:23:30.5769473Z (Reading database ... 50%
2026-10-04T21:23:30.5782492Z (Reading database ... 55%
2026-10-04T21:23:30.5868453Z (Reading database ... 60%
2026-10-04T21:23:30.5890209Z (Reading database ... 65%
2026-10-04T21:23:30.5907128Z (Reading database ... 70%
2026-10-04T21:23:30.5934912Z (Reading database ... 75%
2026-10-04T21:23:30.5960882Z (Reading database ... 80%
2026-10-04T21:23:30.5979704Z (Reading database ... 85%
2026-10-04T21:23:30.6105772Z (Reading database ... 90%
2026-10-04T21:23:30.6328074Z (Reading database ... 95%
2026-10-04T21:23:30.6328720Z (Reading database ... 100%
2026-10-04T21:23:30.6329481Z (Reading database ... 202563 files and directories currently installed.)
2026-10-04T21:23:30.6363239Z Preparing to unpack .../fonts-noto-cjk_1%3a20230817+repack1-3_all.deb ...
2026-10-04T21:23:30.6498645Z Unpacking fonts-noto-cjk (1:20230817+repack1-3) ...
2026-10-04T21:23:31.2937594Z Setting up fonts-noto-cjk (1:20230817+repack1-3) ...
2026-10-04T21:23:31.2990718Z Processing triggers for fontconfig (2.15.0-1.1ubuntu2) ...
2026-10-04T21:23:31.7401861Z 
2026-10-04T21:23:31.7402724Z Running kernel seems to be up-to-date.
2026-10-04T21:23:31.7403275Z 
2026-10-04T21:23:31.7404106Z No services need to be restarted.
2026-10-04T21:23:31.7404329Z 
2026-10-04T21:23:31.7404485Z No containers need to be restarted.
2026-10-04T21:23:31.7404679Z 
2026-10-04T21:23:31.7404848Z No user sessions are running outdated binaries.
2026-10-04T21:23:31.7405049Z 
2026-10-04T21:23:31.7405283Z No VM guests are running outdated hypervisor (qemu) binaries on this host.
2026-10-04T21:23:32.4549192Z ##[group]Run node course-app/docs/resume-20261004/b10-adapter-ci/run-command.mjs hsk1-build . npm run build --prefix hsk1-app
2026-10-04T21:23:32.4549920Z [36;1mnode course-app/docs/resume-20261004/b10-adapter-ci/run-command.mjs hsk1-build . npm run build --prefix hsk1-app[0m
2026-10-04T21:23:32.4550938Z [36;1mnode course-app/docs/resume-20261004/b10-adapter-ci/run-command.mjs course-build course-app npm run build -- --outDir .repro-output/b10-hsk23-adapter/dist[0m
2026-10-04T21:23:32.4551698Z [36;1mnode course-app/docs/resume-20261004/b10-adapter-ci/run-command.mjs hsk1-asset-bytes . npm run assets:check --prefix hsk1-app[0m
2026-10-04T21:23:32.4552290Z [36;1mnode course-app/docs/resume-20261004/b10-adapter-ci/checkpoint-records.mjs builds[0m
2026-10-04T21:23:32.4588322Z shell: /usr/bin/bash -e {0}
2026-10-04T21:23:32.4588593Z env:
2026-10-04T21:23:32.4588804Z   HSK_ADAPTER_CI_BROWSER: chromium
2026-10-04T21:23:32.4589040Z ##[endgroup]
2026-10-04T21:23:32.5742545Z 
2026-10-04T21:23:32.5743310Z > hsk1-modular-app@0.1.0 build
2026-10-04T21:23:32.5744026Z > npm run index:check && npm run check && vite build
2026-10-04T21:23:32.5744462Z 
2026-10-04T21:23:32.6572165Z 
2026-10-04T21:23:32.6572680Z > hsk1-modular-app@0.1.0 index:check
2026-10-04T21:23:32.6573190Z > node tools/course-index.mjs
2026-10-04T21:23:32.6573436Z 
2026-10-04T21:23:32.6982166Z {"courseIndex":"PASS","lessons":15,"mode":"check"}
2026-10-04T21:23:32.7809846Z 
2026-10-04T21:23:32.7810446Z > hsk1-modular-app@0.1.0 check
2026-10-04T21:23:32.7811074Z > tsc --noEmit
2026-10-04T21:23:32.7811240Z 
2026-10-04T21:23:33.5151859Z [36mvite v8.3.2 [32mbuilding client environment for production...[36m[39m
2026-10-04T21:23:33.5236990Z transforming...
2026-10-04T21:23:33.6798170Z ✓ 152 modules transformed.
2026-10-04T21:23:33.8971487Z rendering chunks...
2026-10-04T21:23:34.3501437Z computing gzip size...
2026-10-04T21:23:34.3678482Z dist/index.html                                         0.41 kB │ gzip:   0.29 kB
2026-10-04T21:23:34.3679474Z dist/assets/course-index-BKGnz4SX.json                  4.87 kB │ gzip:   1.18 kB
2026-10-04T21:23:34.3680618Z dist/assets/textbook-display-revisions-DWScioD2.json   26.13 kB │ gzip:   4.78 kB
2026-10-04T21:23:34.3681606Z dist/assets/stage2-bank-DOB9KrMv.json                 269.65 kB │ gzip:  47.51 kB
2026-10-04T21:23:34.3682560Z dist/assets/media-references-DD5E_5K_.json            287.06 kB │ gzip:  57.51 kB
2026-10-04T21:23:34.3683545Z dist/assets/stage3-catalog-CH6Cx7h7.json              384.02 kB │ gzip:  67.91 kB
2026-10-04T21:23:34.3684517Z dist/assets/textbook-ksDEYuz_.json                    741.67 kB │ gzip:  91.65 kB
2026-10-04T21:23:34.3685346Z dist/assets/progress-DgeKDxiU.css                       1.57 kB │ gzip:   0.62 kB
2026-10-04T21:23:34.3686012Z dist/assets/archive-BMfTkVw2.css                        1.93 kB │ gzip:   0.74 kB
2026-10-04T21:23:34.3686645Z dist/assets/data-panel-BgEWndCN.css                     3.56 kB │ gzip:   1.10 kB
2026-10-04T21:23:34.3687403Z dist/assets/source-activities-Cz6XgW02.css              4.93 kB │ gzip:   1.37 kB
2026-10-04T21:23:34.3688068Z dist/assets/listening-DTyrhIy_.css                      5.80 kB │ gzip:   1.60 kB
2026-10-04T21:23:34.3688684Z dist/assets/view-BYaiqWuX.css                           6.25 kB │ gzip:   1.79 kB
2026-10-04T21:23:34.3689304Z dist/assets/homework-8E-U9jBU.css                       8.11 kB │ gzip:   2.06 kB
2026-10-04T21:23:34.3689911Z dist/assets/index-MPNZzdK3.css                         10.90 kB │ gzip:   3.07 kB
2026-10-04T21:23:34.3690689Z dist/assets/textbook-CDbbm74v.css                      11.82 kB │ gzip:   3.05 kB
2026-10-04T21:23:34.3691361Z dist/assets/textbook-BNPI77hK.js                        0.12 kB │ gzip:   0.13 kB │ map:     0.33 kB
2026-10-04T21:23:34.3692091Z dist/assets/official-vi-registry-Bgu-m4P4.js            0.13 kB │ gzip:   0.14 kB │ map:     0.12 kB
2026-10-04T21:23:34.3692813Z dist/assets/review-DiWGLi5x.js                          0.13 kB │ gzip:   0.13 kB │ map:     0.54 kB
2026-10-04T21:23:34.3693730Z dist/assets/vocabulary-D86GiO20.js                      0.13 kB │ gzip:   0.14 kB │ map:     0.45 kB
2026-10-04T21:23:34.3694406Z dist/assets/stage3-catalog-BDgGKH7A.js                  0.14 kB │ gzip:   0.14 kB │ map:     0.34 kB
2026-10-04T21:23:34.3695076Z dist/assets/media-references-DyNdsQyY.js                0.14 kB │ gzip:   0.14 kB │ map:     0.35 kB
2026-10-04T21:23:34.3695698Z dist/assets/rolldown-runtime-DK3Fl9T5.js                0.15 kB │ gzip:   0.15 kB
2026-10-04T21:23:34.3696379Z dist/assets/textbook-display-revisions-CGs5GDJK.js      0.16 kB │ gzip:   0.15 kB │ map:     0.38 kB
2026-10-04T21:23:34.3697068Z dist/assets/asset-base-DAkFL0yR.js                      0.20 kB │ gzip:   0.18 kB │ map:     0.55 kB
2026-10-04T21:23:34.3697995Z dist/assets/ui-BlYT8-MT.js                              0.38 kB │ gzip:   0.28 kB │ map:     1.62 kB
2026-10-04T21:23:34.3699228Z dist/assets/dom-BqY7Gzk5.js                             0.51 kB │ gzip:   0.37 kB │ map:     1.92 kB
2026-10-04T21:23:34.3700304Z dist/assets/content-D7BGWbZm.js                         1.07 kB │ gzip:   0.63 kB │ map:     3.45 kB
2026-10-04T21:23:34.3701132Z dist/assets/textbook-restored-targets-BYEde6lT.js       1.63 kB │ gzip:   0.36 kB │ map:     0.13 kB
2026-10-04T21:23:34.3701808Z dist/assets/homework-C7rR7QKa.js                        1.85 kB │ gzip:   1.04 kB │ map:     6.88 kB
2026-10-04T21:23:34.3702442Z dist/assets/session-DSGQ1wty.js                         2.33 kB │ gzip:   1.20 kB │ map:     8.34 kB
2026-10-04T21:23:34.3703086Z dist/assets/mixed-state-7Oiw2hir.js                     3.15 kB │ gzip:   1.44 kB │ map:    11.24 kB
2026-10-04T21:23:34.3703732Z dist/assets/progress-CZ1YjBej.js                        3.23 kB │ gzip:   1.54 kB │ map:     8.64 kB
2026-10-04T21:23:34.3704596Z dist/assets/home-CDtdf7gT.js                            4.34 kB │ gzip:   2.04 kB │ map:    13.93 kB
2026-10-04T21:23:34.3705236Z dist/assets/catalogue-C_U9rwbD.js                       4.86 kB │ gzip:   2.08 kB │ map:    17.37 kB
2026-10-04T21:23:34.3705936Z dist/assets/course-index-C5j4sptp.js                    4.95 kB │ gzip:   1.25 kB │ map:     0.10 kB
2026-10-04T21:23:34.3706770Z dist/assets/engine-CBi3sj57.js                          5.94 kB │ gzip:   2.49 kB │ map:    20.78 kB
2026-10-04T21:23:34.3707723Z dist/assets/listening-DXeiB7Rf.js                       6.08 kB │ gzip:   2.60 kB │ map:    21.36 kB
2026-10-04T21:23:34.3708723Z dist/assets/pair-panel-d4a8CKVs.js                      8.42 kB │ gzip:   3.73 kB │ map:    19.36 kB
2026-10-04T21:23:34.3710660Z dist/assets/data-panel-BJa07wYh.js                      8.99 kB │ gzip:   3.72 kB │ map:    30.01 kB
2026-10-04T21:23:34.3711560Z dist/assets/vi-presentation-state-lrTYmOCi.js           9.82 kB │ gzip:   3.55 kB │ map:    34.98 kB
2026-10-04T21:23:34.3712492Z dist/assets/browser-pair-Bhljojeh.js                   10.83 kB │ gzip:   3.86 kB │ map:    31.47 kB
2026-10-04T21:23:34.3713408Z dist/assets/audio-BmDOWU8n.js                          11.38 kB │ gzip:   3.85 kB │ map:    46.16 kB
2026-10-04T21:23:34.3714390Z dist/assets/engine-BAT6QHsN.js                         16.14 kB │ gzip:   6.07 kB │ map:    51.58 kB
2026-10-04T21:23:34.3715308Z dist/assets/store-C1tSVfl5.js                          16.36 kB │ gzip:   6.16 kB │ map:    55.44 kB
2026-10-04T21:23:34.3716318Z dist/assets/listening-BOv2E9O2.js                      16.52 kB │ gzip:   6.12 kB │ map:    57.22 kB
2026-10-04T21:23:34.3717242Z dist/assets/official-vi-revisions-Bt56nnew.js          18.06 kB │ gzip:   6.08 kB │ map:    53.03 kB
2026-10-04T21:23:34.3718300Z dist/assets/copy-yY9kyqvF.js                           18.37 kB │ gzip:   6.94 kB │ map:    41.85 kB
2026-10-04T21:23:34.3719301Z dist/assets/listening-BXM9emsG.js                      19.10 kB │ gzip:   7.07 kB │ map:    33.82 kB
2026-10-04T21:23:34.3720431Z dist/assets/progress-aRYvzYAc.js                       20.06 kB │ gzip:   7.63 kB │ map:    51.57 kB
2026-10-04T21:23:34.3721741Z dist/assets/archive-DeRqbzSo.js                        21.23 kB │ gzip:   8.82 kB │ map:    50.37 kB
2026-10-04T21:23:34.3722410Z dist/assets/textbook-JfIBaAyU.js                       21.83 kB │ gzip:   8.72 kB │ map:    56.18 kB
2026-10-04T21:23:34.3723055Z dist/assets/engine-DJNGzNN8.js                         22.19 kB │ gzip:   7.52 kB │ map:    64.24 kB
2026-10-04T21:23:34.3723678Z dist/assets/view-txZbTKBa.js                           24.26 kB │ gzip:   9.21 kB │ map:    75.44 kB
2026-10-04T21:23:34.3724306Z dist/assets/index-DU-Jbddh.js                          25.02 kB │ gzip:  10.06 kB │ map:    64.55 kB
2026-10-04T21:23:34.3724988Z dist/assets/textbook-display-revisions-CnZaZMsm.js     26.23 kB │ gzip:   4.86 kB │ map:     0.13 kB
2026-10-04T21:23:34.3725691Z dist/assets/source-activities-C6VQDAkO.js              32.94 kB │ gzip:   9.90 kB │ map:    61.70 kB
2026-10-04T21:23:34.3726359Z dist/assets/homework-CxgWEp6j.js                       36.54 kB │ gzip:  11.10 kB │ map:   125.62 kB
2026-10-04T21:23:34.3727014Z dist/assets/compatibility-BTMtJsFZ.js                  36.85 kB │ gzip:  13.22 kB │ map:   101.49 kB
2026-10-04T21:23:34.3727661Z dist/assets/textbook-BunDJ4Ci.js                       88.69 kB │ gzip:  30.82 kB │ map:   229.73 kB
2026-10-04T21:23:34.3728304Z dist/assets/stage2-bank-Bjx02knS.js                   269.73 kB │ gzip:  47.59 kB │ map:     0.10 kB
2026-10-04T21:23:34.3728979Z dist/assets/media-references-Bx99NyHN.js              287.14 kB │ gzip:  57.61 kB │ map:     0.11 kB
2026-10-04T21:23:34.3729660Z dist/assets/legacy-exercises-Bz3UuW2N.js              326.87 kB │ gzip:  82.62 kB │ map:   491.75 kB
2026-10-04T21:23:34.3730477Z dist/assets/stage3-catalog-Bs1Y2M7l.js                384.10 kB │ gzip:  67.99 kB │ map:     0.11 kB
2026-10-04T21:23:34.3731171Z dist/assets/legacy-exercises-BfEaU4Qq.js              446.74 kB │ gzip:  85.02 kB │ map:     0.11 kB
2026-10-04T21:23:34.3731940Z dist/assets/homework30-BVBKAbRf.js                    613.95 kB │ gzip: 135.42 kB │ map:   920.92 kB
2026-10-04T21:23:34.3732603Z dist/assets/textbook-Bkb8B-ul.js                      741.75 kB │ gzip:  91.74 kB │ map:     0.09 kB
2026-10-04T21:23:34.3733245Z dist/assets/content-ChH95uYd.js                       852.85 kB │ gzip: 144.60 kB │ map: 1,691.61 kB
2026-10-04T21:23:34.3733904Z dist/assets/homework30-bank-Bti0xGBV.js               854.30 kB │ gzip: 143.07 kB │ map:     0.11 kB
2026-10-04T21:23:34.3734215Z 
2026-10-04T21:23:34.3734388Z [32m✓ built in 854ms[39m
2026-10-04T21:23:34.3734834Z [33m[plugin builtin:vite-reporter] 
2026-10-04T21:23:34.3735250Z (!) Some chunks are larger than 500 kB after minification. Consider:
2026-10-04T21:23:34.3735688Z - Using dynamic import() to code-split the application
2026-10-04T21:23:34.3736381Z - Use build.rolldownOptions.output.codeSplitting to improve chunking: https://rolldown.rs/reference/OutputOptions.codeSplitting
2026-10-04T21:23:34.3737157Z - Adjust chunk size limit for this warning via build.chunkSizeWarningLimit.[39m
2026-10-04T21:23:34.5010843Z 
2026-10-04T21:23:34.5011418Z > hsk-shared-course-app@1.0.0 build
2026-10-04T21:23:34.5012441Z > node tools/sync-shared-assets.mjs && npm run content:check && npm run check && vite build --outDir .repro-output/b10-hsk23-adapter/dist
2026-10-04T21:23:34.5013084Z 
2026-10-04T21:23:34.6635794Z {"originalHSK1Audio":93,"requiredCharacters":671,"preservedCharacters":271,"licensedAdditions":400,"complete":true}
2026-10-04T21:23:34.7412662Z 
2026-10-04T21:23:34.7413313Z > hsk-shared-course-app@1.0.0 content:check
2026-10-04T21:23:34.7413871Z > node tools/validate-content.mjs
2026-10-04T21:23:34.7414129Z 
2026-10-04T21:23:34.8769435Z {
2026-10-04T21:23:34.8769850Z   "mode": "release",
2026-10-04T21:23:34.8770533Z   "totals": {
2026-10-04T21:23:34.8770866Z     "lessons": 33,
2026-10-04T21:23:34.8771297Z     "words": 749,
2026-10-04T21:23:34.8771596Z     "texts": 132,
2026-10-04T21:23:34.8771850Z     "grammar": 108,
2026-10-04T21:23:34.8772164Z     "homework": 990,
2026-10-04T21:23:34.8790275Z     "listening": 132,
2026-10-04T21:23:34.8790767Z     "sections": 162
2026-10-04T21:23:34.8791288Z   },
2026-10-04T21:23:34.8791550Z   "lessons": [
2026-10-04T21:23:34.8791812Z     {
2026-10-04T21:23:34.8792217Z       "id": "hsk2-fltrp-2026:l01",
2026-10-04T21:23:34.8792533Z       "level": 2,
2026-10-04T21:23:34.8792936Z       "number": 1,
2026-10-04T21:23:34.8793322Z       "title": {
2026-10-04T21:23:34.8794023Z         "zh": "她请我们吃了北京烤鸭",
2026-10-04T21:23:34.8794713Z         "vi": "Cô ấy đã mời chúng tôi ăn vịt quay Bắc Kinh",
2026-10-04T21:23:34.8795251Z         "py": "Tā qǐng wǒmen chīle Běijīng Kǎoyā"
2026-10-04T21:23:34.8795938Z       },
2026-10-04T21:23:34.8796306Z       "words": 15,
2026-10-04T21:23:34.8796575Z       "texts": 4,
2026-10-04T21:23:34.8796836Z       "grammar": 3,
2026-10-04T21:23:34.8797097Z       "homework": 30,
2026-10-04T21:23:34.8797543Z       "sha256": "f7923ab4d5fe5af0135aff04e701d0313a9edf5c3f3803b780a93bf5023e7523"
2026-10-04T21:23:34.8797951Z     },
2026-10-04T21:23:34.8798335Z     {
2026-10-04T21:23:34.8798811Z       "id": "hsk2-fltrp-2026:l02",
2026-10-04T21:23:34.8799131Z       "level": 2,
2026-10-04T21:23:34.8799394Z       "number": 2,
2026-10-04T21:23:34.8799650Z       "title": {
2026-10-04T21:23:34.8799983Z         "zh": "还是打车去北大吧",
2026-10-04T21:23:34.8800664Z         "vi": "Hay là đi taxi đến Đại học Bắc Kinh nhé",
2026-10-04T21:23:34.8801467Z         "py": "Háishi dǎchē qù Běidà ba"
2026-10-04T21:23:34.8801907Z       },
2026-10-04T21:23:34.8808068Z       "words": 17,
2026-10-04T21:23:34.8808466Z       "texts": 4,
2026-10-04T21:23:34.8808681Z       "grammar": 3,
2026-10-04T21:23:34.8808885Z       "homework": 30,
2026-10-04T21:23:34.8809458Z       "sha256": "87190119ee1017b4316039e515be6690e419d369f59d4aba774263229ab11e2d"
2026-10-04T21:23:34.8809856Z     },
2026-10-04T21:23:34.8810198Z     {
2026-10-04T21:23:34.8810960Z       "id": "hsk2-fltrp-2026:l03",
2026-10-04T21:23:34.8811220Z       "level": 2,
2026-10-04T21:23:34.8811456Z       "number": 3,
2026-10-04T21:23:34.8811737Z       "title": {
2026-10-04T21:23:34.8812151Z         "zh": "我想去西安旅游",
2026-10-04T21:23:34.8812593Z         "vi": "Tôi muốn đi du lịch Tây An",
2026-10-04T21:23:34.8812976Z         "py": "Wǒ xiǎng qù Xī'ān lǚyóu"
2026-10-04T21:23:34.8813261Z       },
2026-10-04T21:23:34.8813489Z       "words": 15,
2026-10-04T21:23:34.8813740Z       "texts": 4,
2026-10-04T21:23:34.8813976Z       "grammar": 3,
2026-10-04T21:23:34.8814264Z       "homework": 30,
2026-10-04T21:23:34.8814785Z       "sha256": "04c31d30fdae22f3fad0cbf22b6570875b3b546eddf8e538be7fe35981149506"
2026-10-04T21:23:34.8815289Z     },
2026-10-04T21:23:34.8815521Z     {
2026-10-04T21:23:34.8815797Z       "id": "hsk2-fltrp-2026:l04",
2026-10-04T21:23:34.8816067Z       "level": 2,
2026-10-04T21:23:34.8816322Z       "number": 4,
2026-10-04T21:23:34.8816555Z       "title": {
2026-10-04T21:23:34.8816884Z         "zh": "你穿红色的很好看",
2026-10-04T21:23:34.8817249Z         "vi": "Bạn mặc màu đỏ rất đẹp",
2026-10-04T21:23:34.8817661Z         "py": "Nǐ chuān hóngsè de hěn hǎokàn"
2026-10-04T21:23:34.8817973Z       },
2026-10-04T21:23:34.8818205Z       "words": 16,
2026-10-04T21:23:34.8818437Z       "texts": 4,
2026-10-04T21:23:34.8818672Z       "grammar": 3,
2026-10-04T21:23:34.8818925Z       "homework": 30,
2026-10-04T21:23:34.8819336Z       "sha256": "cc303bdf9b9498ad2745ab055b5a0b7b397723d92467c50a4ed26beb40c44e8c"
2026-10-04T21:23:34.8819731Z     },
2026-10-04T21:23:34.8819942Z     {
2026-10-04T21:23:34.8820549Z       "id": "hsk2-fltrp-2026:l05",
2026-10-04T21:23:34.8820841Z       "level": 2,
2026-10-04T21:23:34.8821096Z       "number": 5,
2026-10-04T21:23:34.8821330Z       "title": {
2026-10-04T21:23:34.8821657Z         "zh": "第一次去中国朋友家",
2026-10-04T21:23:34.8822068Z         "vi": "Lần đầu đến nhà bạn người Trung Quốc",
2026-10-04T21:23:34.8822509Z         "py": "Dì-yī cì qù Zhōngguó péngyou jiā"
2026-10-04T21:23:34.8822841Z       },
2026-10-04T21:23:34.8823074Z       "words": 20,
2026-10-04T21:23:34.8823327Z       "texts": 4,
2026-10-04T21:23:34.8823584Z       "grammar": 3,
2026-10-04T21:23:34.8823832Z       "homework": 30,
2026-10-04T21:23:34.8824397Z       "sha256": "aa7a6e96568e2fbfd4c4894778eccbcc34dd894f73fe5f0c25a7bcd7f1ad1038"
2026-10-04T21:23:34.8824822Z     },
2026-10-04T21:23:34.8825054Z     {
2026-10-04T21:23:34.8825326Z       "id": "hsk2-fltrp-2026:l06",
2026-10-04T21:23:34.8825594Z       "level": 2,
2026-10-04T21:23:34.8825848Z       "number": 6,
2026-10-04T21:23:34.8826082Z       "title": {
2026-10-04T21:23:34.8826424Z         "zh": "小雪，生日快乐！",
2026-10-04T21:23:34.8826814Z         "vi": "Tiểu Tuyết, chúc mừng sinh nhật!",
2026-10-04T21:23:34.8827243Z         "py": "Xiǎoxuě, shēngrì kuàilè!"
2026-10-04T21:23:34.8827543Z       },
2026-10-04T21:23:34.8827782Z       "words": 15,
2026-10-04T21:23:34.8828020Z       "texts": 4,
2026-10-04T21:23:34.8828247Z       "grammar": 3,
2026-10-04T21:23:34.8828515Z       "homework": 30,
2026-10-04T21:23:34.8828944Z       "sha256": "c6302d84d74ea51a02c1afaaaff781b7513350d6516608d73e5edd084bb06b20"
2026-10-04T21:23:34.8829362Z     },
2026-10-04T21:23:34.8829600Z     {
2026-10-04T21:23:34.8829907Z       "id": "hsk2-fltrp-2026:l07",
2026-10-04T21:23:34.8830254Z       "level": 2,
2026-10-04T21:23:34.8830451Z       "number": 7,
2026-10-04T21:23:34.8830660Z       "title": {
2026-10-04T21:23:34.8830930Z         "zh": "他篮球打得很好",
2026-10-04T21:23:34.8831289Z         "vi": "Anh ấy chơi bóng rổ rất giỏi",
2026-10-04T21:23:34.8831691Z         "py": "Tā lánqiú dǎ de hěn hǎo"
2026-10-04T21:23:34.8831997Z       },
2026-10-04T21:23:34.8832213Z       "words": 20,
2026-10-04T21:23:34.8832462Z       "texts": 4,
2026-10-04T21:23:34.8832729Z       "grammar": 3,
2026-10-04T21:23:34.8832989Z       "homework": 30,
2026-10-04T21:23:34.8833493Z       "sha256": "15b9f36001307933da8120e66214e3b7a266640022f6953b67b174b2a9c78f4c"
2026-10-04T21:23:34.8833933Z     },
2026-10-04T21:23:34.8834319Z     {
2026-10-04T21:23:34.8834540Z       "id": "hsk2-fltrp-2026:l08",
2026-10-04T21:23:34.8834765Z       "level": 2,
2026-10-04T21:23:34.8834959Z       "number": 8,
2026-10-04T21:23:34.8835155Z       "title": {
2026-10-04T21:23:34.8835441Z         "zh": "虽然你忘了，但是我记得",
2026-10-04T21:23:34.8835741Z         "vi": "Dù em quên nhưng anh vẫn nhớ",
2026-10-04T21:23:34.8836082Z         "py": "Suīrán nǐ wàng le, dànshì wǒ jìde"
2026-10-04T21:23:34.8836328Z       },
2026-10-04T21:23:34.8836503Z       "words": 17,
2026-10-04T21:23:34.8836690Z       "texts": 4,
2026-10-04T21:23:34.8836885Z       "grammar": 3,
2026-10-04T21:23:34.8837075Z       "homework": 30,
2026-10-04T21:23:34.8837410Z       "sha256": "90c7c19aac1d78ed62752356eefe09b6d3ee968c528c2008a53f0f2b1f96d00a"
2026-10-04T21:23:34.8837738Z     },
2026-10-04T21:23:34.8837908Z     {
2026-10-04T21:23:34.8838111Z       "id": "hsk2-fltrp-2026:l09",
2026-10-04T21:23:34.8838342Z       "level": 2,
2026-10-04T21:23:34.8838530Z       "number": 9,
2026-10-04T21:23:34.8838728Z       "title": {
2026-10-04T21:23:34.8838953Z         "zh": "我去买杯奶茶",
2026-10-04T21:23:34.8839239Z         "vi": "Tôi đi mua một cốc trà sữa",
2026-10-04T21:23:34.8839668Z         "py": "Wǒ qù mǎi bēi nǎichá"
2026-10-04T21:23:34.8839975Z       },
2026-10-04T21:23:34.8840358Z       "words": 13,
2026-10-04T21:23:34.8840603Z       "texts": 4,
2026-10-04T21:23:34.8840851Z       "grammar": 3,
2026-10-04T21:23:34.8841103Z       "homework": 30,
2026-10-04T21:23:34.8841553Z       "sha256": "55675df1ef69682537b7137e4f2ba19e2a311cf7738969ecd790dae62cc885aa"
2026-10-04T21:23:34.8842007Z     },
2026-10-04T21:23:34.8842215Z     {
2026-10-04T21:23:34.8842457Z       "id": "hsk2-fltrp-2026:l10",
2026-10-04T21:23:34.8842731Z       "level": 2,
2026-10-04T21:23:34.8842973Z       "number": 10,
2026-10-04T21:23:34.8843208Z       "title": {
2026-10-04T21:23:34.8843523Z         "zh": "就要考试了",
2026-10-04T21:23:34.8843832Z         "vi": "Sắp thi rồi",
2026-10-04T21:23:34.8844195Z         "py": "Jiù yào kǎoshì le"
2026-10-04T21:23:34.8844516Z       },
2026-10-04T21:23:34.8844839Z       "words": 15,
2026-10-04T21:23:34.8845119Z       "texts": 4,
2026-10-04T21:23:34.8845385Z       "grammar": 3,
2026-10-04T21:23:34.8845667Z       "homework": 30,
2026-10-04T21:23:34.8846336Z       "sha256": "5e8b2f82916f6bce00f4d28d0b31f8caf347f813bee9e19408f0edf723130156"
2026-10-04T21:23:34.8846936Z     },
2026-10-04T21:23:34.8847222Z     {
2026-10-04T21:23:34.8847484Z       "id": "hsk2-fltrp-2026:l11",
2026-10-04T21:23:34.8847798Z       "level": 2,
2026-10-04T21:23:34.8848114Z       "number": 11,
2026-10-04T21:23:34.8848350Z       "title": {
2026-10-04T21:23:34.8848697Z         "zh": "我最喜欢吃中国菜",
2026-10-04T21:23:34.8849166Z         "vi": "Tôi thích ăn món Trung Quốc nhất",
2026-10-04T21:23:34.8849563Z         "py": "Wǒ zuì xǐhuan chī Zhōngguó cài"
2026-10-04T21:23:34.8849873Z       },
2026-10-04T21:23:34.8850213Z       "words": 13,
2026-10-04T21:23:34.8850464Z       "texts": 4,
2026-10-04T21:23:34.8850696Z       "grammar": 3,
2026-10-04T21:23:34.8851118Z       "homework": 30,
2026-10-04T21:23:34.8851596Z       "sha256": "01ec965d7f18d41c5c91c053f93544b24c971303ed8b4ca6afd2ad2c03d48ff8"
2026-10-04T21:23:34.8852068Z     },
2026-10-04T21:23:34.8852309Z     {
2026-10-04T21:23:34.8852610Z       "id": "hsk2-fltrp-2026:l12",
2026-10-04T21:23:34.8852919Z       "level": 2,
2026-10-04T21:23:34.8853194Z       "number": 12,
2026-10-04T21:23:34.8853468Z       "title": {
2026-10-04T21:23:34.8853860Z         "zh": "这里比北京冷多了",
2026-10-04T21:23:34.8854312Z         "vi": "Ở đây lạnh hơn Bắc Kinh nhiều",
2026-10-04T21:23:34.8854792Z         "py": "Zhèlǐ bǐ Běijīng lěngduō le"
2026-10-04T21:23:34.8855139Z       },
2026-10-04T21:23:34.8855387Z       "words": 11,
2026-10-04T21:23:34.8855672Z       "texts": 4,
2026-10-04T21:23:34.8855942Z       "grammar": 3,
2026-10-04T21:23:34.8856199Z       "homework": 30,
2026-10-04T21:23:34.8856723Z       "sha256": "c64d2e1bc3dac399f1737338e70474d8ea8559c2aa65207290a515804a97e702"
2026-10-04T21:23:34.8857237Z     },
2026-10-04T21:23:34.8857496Z     {
2026-10-04T21:23:34.8857808Z       "id": "hsk2-fltrp-2026:l13",
2026-10-04T21:23:34.8858131Z       "level": 2,
2026-10-04T21:23:34.8858408Z       "number": 13,
2026-10-04T21:23:34.8858678Z       "title": {
2026-10-04T21:23:34.8859043Z         "zh": "我们爱上中文课",
2026-10-04T21:23:34.8859519Z         "vi": "Chúng tôi thích học tiết tiếng Trung",
2026-10-04T21:23:34.8860025Z         "py": "Wǒmen ài shàng Zhōngwén kè"
2026-10-04T21:23:34.8860567Z       },
2026-10-04T21:23:34.8860815Z       "words": 13,
2026-10-04T21:23:34.8861098Z       "texts": 4,
2026-10-04T21:23:34.8861376Z       "grammar": 3,
2026-10-04T21:23:34.8861660Z       "homework": 30,
2026-10-04T21:23:34.8862207Z       "sha256": "06d5d9e3f096ffe189f8d8214ba5582db9912e776e9ce3cee55d4fbd928057e1"
2026-10-04T21:23:34.8862748Z     },
2026-10-04T21:23:34.8862997Z     {
2026-10-04T21:23:34.8863307Z       "id": "hsk2-fltrp-2026:l14",
2026-10-04T21:23:34.8863616Z       "level": 2,
2026-10-04T21:23:34.8863872Z       "number": 14,
2026-10-04T21:23:34.8864133Z       "title": {
2026-10-04T21:23:34.8864601Z         "zh": "一个人过年多没意思啊",
2026-10-04T21:23:34.8865027Z         "vi": "Ăn Tết một mình buồn biết bao",
2026-10-04T21:23:34.8865532Z         "py": "Yí gè rén guònián duō méi yìsi a"
2026-10-04T21:23:34.8865934Z       },
2026-10-04T21:23:34.8866253Z       "words": 14,
2026-10-04T21:23:34.8866549Z       "texts": 4,
2026-10-04T21:23:34.8866850Z       "grammar": 3,
2026-10-04T21:23:34.8867128Z       "homework": 30,
2026-10-04T21:23:34.8867684Z       "sha256": "74d7a43cbed89ddf152a840d3c5bc06e8200c975fa1de5e9bf4223e227d52e0f"
2026-10-04T21:23:34.8868186Z     },
2026-10-04T21:23:34.8868416Z     {
2026-10-04T21:23:34.8868732Z       "id": "hsk2-fltrp-2026:l15",
2026-10-04T21:23:34.8869076Z       "level": 2,
2026-10-04T21:23:34.8869328Z       "number": 15,
2026-10-04T21:23:34.8869612Z       "title": {
2026-10-04T21:23:34.8869954Z         "zh": "我想再去一次中国",
2026-10-04T21:23:34.8870610Z         "vi": "Tôi muốn đến Trung Quốc thêm một lần nữa",
2026-10-04T21:23:34.8871157Z         "py": "Wǒ xiǎng zài qù yí cì Zhōngguó"
2026-10-04T21:23:34.8871486Z       },
2026-10-04T21:23:34.8871769Z       "words": 12,
2026-10-04T21:23:34.8872059Z       "texts": 4,
2026-10-04T21:23:34.8872307Z       "grammar": 3,
2026-10-04T21:23:34.8872799Z       "homework": 30,
2026-10-04T21:23:34.8873461Z       "sha256": "299a8d8cf8f90e721d8a8c8b0ca24d7c33d759949166cab1edd2eeddf00ae907"
2026-10-04T21:23:34.8874123Z     },
2026-10-04T21:23:34.8874437Z     {
2026-10-04T21:23:34.8874762Z       "id": "hsk3-fltrp-2026:l01",
2026-10-04T21:23:34.8875076Z       "level": 3,
2026-10-04T21:23:34.8875312Z       "number": 1,
2026-10-04T21:23:34.8875555Z       "title": {
2026-10-04T21:23:34.8875905Z         "zh": "我们去机场接你们",
2026-10-04T21:23:34.8876298Z         "vi": "Chúng tôi sẽ ra sân bay đón các bạn",
2026-10-04T21:23:34.8876758Z         "py": "Wǒmen qù jīchǎng jiē nǐmen"
2026-10-04T21:23:34.8877083Z       },
2026-10-04T21:23:34.8877316Z       "words": 27,
2026-10-04T21:23:34.8877570Z       "texts": 4,
2026-10-04T21:23:34.8878002Z       "grammar": 3,
2026-10-04T21:23:34.8878238Z       "homework": 30,
2026-10-04T21:23:34.8878711Z       "sha256": "764630f97d7ce5a229448ae32199215a61ed395dee69b480b2929538857171c1"
2026-10-04T21:23:34.8879152Z     },
2026-10-04T21:23:34.8879374Z     {
2026-10-04T21:23:34.8879627Z       "id": "hsk3-fltrp-2026:l02",
2026-10-04T21:23:34.8879927Z       "level": 3,
2026-10-04T21:23:34.8880284Z       "number": 2,
2026-10-04T21:23:34.8880528Z       "title": {
2026-10-04T21:23:34.8880829Z         "zh": "你们想吃什么就点什么",
2026-10-04T21:23:34.8881226Z         "vi": "Các bạn muốn ăn gì thì gọi món đó",
2026-10-04T21:23:34.8881688Z         "py": "Nǐmen xiǎng chī shénme jiù diǎn shénme"
2026-10-04T21:23:34.8882031Z       },
2026-10-04T21:23:34.8882260Z       "words": 30,
2026-10-04T21:23:34.8882499Z       "texts": 4,
2026-10-04T21:23:34.8882735Z       "grammar": 3,
2026-10-04T21:23:34.8882981Z       "homework": 30,
2026-10-04T21:23:34.8883416Z       "sha256": "8557474924e3536b9487f514008b0c8f5b9ac65079d95c3db1b19d3d5e6705b1"
2026-10-04T21:23:34.8883902Z     },
2026-10-04T21:23:34.8884111Z     {
2026-10-04T21:23:34.8884363Z       "id": "hsk3-fltrp-2026:l03",
2026-10-04T21:23:34.8884646Z       "level": 3,
2026-10-04T21:23:34.8884870Z       "number": 3,
2026-10-04T21:23:34.8885109Z       "title": {
2026-10-04T21:23:34.8885401Z         "zh": "这个小区挺好的",
2026-10-04T21:23:34.8885750Z         "vi": "Khu dân cư này khá tốt",
2026-10-04T21:23:34.8886131Z         "py": "Zhè ge xiǎoqū tǐng hǎo de"
2026-10-04T21:23:34.8886415Z       },
2026-10-04T21:23:34.8886626Z       "words": 27,
2026-10-04T21:23:34.8886856Z       "texts": 4,
2026-10-04T21:23:34.8887080Z       "grammar": 3,
2026-10-04T21:23:34.8887321Z       "homework": 30,
2026-10-04T21:23:34.8887739Z       "sha256": "1dda336fa54416b00a222f692ed2429c868950517a68bd0664f84f9d1f98f5e6"
2026-10-04T21:23:34.8888163Z     },
2026-10-04T21:23:34.8888362Z     {
2026-10-04T21:23:34.8888599Z       "id": "hsk3-fltrp-2026:l04",
2026-10-04T21:23:34.8888870Z       "level": 3,
2026-10-04T21:23:34.8889109Z       "number": 4,
2026-10-04T21:23:34.8889326Z       "title": {
2026-10-04T21:23:34.8889622Z         "zh": "这家宾馆跟别的都不一样",
2026-10-04T21:23:34.8890018Z         "vi": "Khách sạn này khác hẳn những nơi khác",
2026-10-04T21:23:34.8890655Z         "py": "Zhè jiā bīnguǎn gēn biéde dōu bù yíyàng"
2026-10-04T21:23:34.8890997Z       },
2026-10-04T21:23:34.8891232Z       "words": 28,
2026-10-04T21:23:34.8891476Z       "texts": 4,
2026-10-04T21:23:34.8891701Z       "grammar": 3,
2026-10-04T21:23:34.8891932Z       "homework": 30,
2026-10-04T21:23:34.8892447Z       "sha256": "dd1dc183be33fdec24c5b614c648ab64828333728dd6857a43e82fa7b92baf30"
2026-10-04T21:23:34.8892950Z     },
2026-10-04T21:23:34.8893183Z     {
2026-10-04T21:23:34.8893452Z       "id": "hsk3-fltrp-2026:l05",
2026-10-04T21:23:34.8893764Z       "level": 3,
2026-10-04T21:23:34.8894015Z       "number": 5,
2026-10-04T21:23:34.8894263Z       "title": {
2026-10-04T21:23:34.8894599Z         "zh": "这样的照片才好看",
2026-10-04T21:23:34.8895020Z         "vi": "Ảnh như thế này mới đẹp",
2026-10-04T21:23:34.8895471Z         "py": "Zhèyàng de zhàopiàn cái hǎokàn"
2026-10-04T21:23:34.8895816Z       },
2026-10-04T21:23:34.8896052Z       "words": 28,
2026-10-04T21:23:34.8896315Z       "texts": 4,
2026-10-04T21:23:34.8896716Z       "grammar": 4,
2026-10-04T21:23:34.8897004Z       "homework": 30,
2026-10-04T21:23:34.8897529Z       "sha256": "1330ba4fe33c7389921cc68a5b82fee147b9f4022911207e4b06be73235042d4"
2026-10-04T21:23:34.8897977Z     },
2026-10-04T21:23:34.8898238Z     {
2026-10-04T21:23:34.8898501Z       "id": "hsk3-fltrp-2026:l06",
2026-10-04T21:23:34.8898790Z       "level": 3,
2026-10-04T21:23:34.8899036Z       "number": 6,
2026-10-04T21:23:34.8899331Z       "title": {
2026-10-04T21:23:34.8899582Z         "zh": "高铁上还可以点外卖",
2026-10-04T21:23:34.8899942Z         "vi": "Trên tàu cao tốc còn có thể gọi đồ ăn giao tận nơi",
2026-10-04T21:23:34.8900544Z         "py": "Gāotiě shàng hái kěyǐ diǎn wàimài"
2026-10-04T21:23:34.8900792Z       },
2026-10-04T21:23:34.8901076Z       "words": 31,
2026-10-04T21:23:34.8901260Z       "texts": 4,
2026-10-04T21:23:34.8901446Z       "grammar": 3,
2026-10-04T21:23:34.8901640Z       "homework": 30,
2026-10-04T21:23:34.8901980Z       "sha256": "335f48814ea644fd9f635279975cc74962b54a3b20263e7cb99ebf3e6a0a7346"
2026-10-04T21:23:34.8902299Z     },
2026-10-04T21:23:34.8902475Z     {
2026-10-04T21:23:34.8902671Z       "id": "hsk3-fltrp-2026:l07",
2026-10-04T21:23:34.8902889Z       "level": 3,
2026-10-04T21:23:34.8903074Z       "number": 7,
2026-10-04T21:23:34.8903255Z       "title": {
2026-10-04T21:23:34.8903489Z         "zh": "那条裙子比短裤更好看",
2026-10-04T21:23:34.8903787Z         "vi": "Chiếc váy kia đẹp hơn quần soóc",
2026-10-04T21:23:34.8904136Z         "py": "Nà tiáo qúnzi bǐ duǎnkù gèng hǎokàn"
2026-10-04T21:23:34.8904381Z       },
2026-10-04T21:23:34.8904555Z       "words": 30,
2026-10-04T21:23:34.8904742Z       "texts": 4,
2026-10-04T21:23:34.8904933Z       "grammar": 4,
2026-10-04T21:23:34.8905126Z       "homework": 30,
2026-10-04T21:23:34.8905479Z       "sha256": "2fb4bac59590ec1121814ea7fbac4f5e8fb0923c2113f630dfcb0c822a1288c9"
2026-10-04T21:23:34.8905804Z     },
2026-10-04T21:23:34.8905971Z     {
2026-10-04T21:23:34.8906167Z       "id": "hsk3-fltrp-2026:l08",
2026-10-04T21:23:34.8906387Z       "level": 3,
2026-10-04T21:23:34.8906569Z       "number": 8,
2026-10-04T21:23:34.8906755Z       "title": {
2026-10-04T21:23:34.8907009Z         "zh": "今天我出院了",
2026-10-04T21:23:34.8907477Z         "vi": "Hôm nay tôi xuất viện",
2026-10-04T21:23:34.8907775Z         "py": "Jīntiān wǒ chūyuàn le"
2026-10-04T21:23:34.8907998Z       },
2026-10-04T21:23:34.8908228Z       "words": 31,
2026-10-04T21:23:34.8908489Z       "texts": 4,
2026-10-04T21:23:34.8908732Z       "grammar": 4,
2026-10-04T21:23:34.8908938Z       "homework": 30,
2026-10-04T21:23:34.8909271Z       "sha256": "060fe8ae8ac154b8b6cb9a64c9153b64d13b8d0e28b9a949b66651d00f3d0c24"
2026-10-04T21:23:34.8909594Z     },
2026-10-04T21:23:34.8909760Z     {
2026-10-04T21:23:34.8909968Z       "id": "hsk3-fltrp-2026:l09",
2026-10-04T21:23:34.8910482Z       "level": 3,
2026-10-04T21:23:34.8910671Z       "number": 9,
2026-10-04T21:23:34.8910856Z       "title": {
2026-10-04T21:23:34.8911092Z         "zh": "打不好没关系",
2026-10-04T21:23:34.8911454Z         "vi": "Chơi chưa tốt cũng không sao",
2026-10-04T21:23:34.8911767Z         "py": "Dǎ bu hǎo méi guānxi"
2026-10-04T21:23:34.8911988Z       },
2026-10-04T21:23:34.8912160Z       "words": 33,
2026-10-04T21:23:34.8912346Z       "texts": 4,
2026-10-04T21:23:34.8912531Z       "grammar": 3,
2026-10-04T21:23:34.8912722Z       "homework": 30,
2026-10-04T21:23:34.8913058Z       "sha256": "fecde40f8913de909cccf29f357ba27fa2dc9a92b0b6fe21e8f31348a764c937"
2026-10-04T21:23:34.8913400Z     },
2026-10-04T21:23:34.8913566Z     {
2026-10-04T21:23:34.8913764Z       "id": "hsk3-fltrp-2026:l10",
2026-10-04T21:23:34.8913979Z       "level": 3,
2026-10-04T21:23:34.8914163Z       "number": 10,
2026-10-04T21:23:34.8914345Z       "title": {
2026-10-04T21:23:34.8914581Z         "zh": "你明天再把书还给我",
2026-10-04T21:23:34.8914884Z         "vi": "Ngày mai bạn hãy trả sách cho tôi",
2026-10-04T21:23:34.8915221Z         "py": "Nǐ míngtiān zài bǎ shū huán gěi wǒ"
2026-10-04T21:23:34.8915465Z       },
2026-10-04T21:23:34.8915638Z       "words": 33,
2026-10-04T21:23:34.8915831Z       "texts": 4,
2026-10-04T21:23:34.8916023Z       "grammar": 3,
2026-10-04T21:23:34.8916208Z       "homework": 30,
2026-10-04T21:23:34.8916532Z       "sha256": "b7f106e2ece82f87921a16bf87b4dac345f9d5366c75fee0394da1b7597de828"
2026-10-04T21:23:34.8916855Z     },
2026-10-04T21:23:34.8917023Z     {
2026-10-04T21:23:34.8917219Z       "id": "hsk3-fltrp-2026:l11",
2026-10-04T21:23:34.8917444Z       "level": 3,
2026-10-04T21:23:34.8917628Z       "number": 11,
2026-10-04T21:23:34.8917813Z       "title": {
2026-10-04T21:23:34.8918050Z         "zh": "看来我没办法解决这个问题",
2026-10-04T21:23:34.8918393Z         "vi": "Xem ra tôi không có cách giải quyết vấn đề này",
2026-10-04T21:23:34.8918770Z         "py": "Kànlái wǒ méi bànfǎ jiějué zhège wèntí"
2026-10-04T21:23:34.8919109Z       },
2026-10-04T21:23:34.8919285Z       "words": 29,
2026-10-04T21:23:34.8919472Z       "texts": 4,
2026-10-04T21:23:34.8919658Z       "grammar": 4,
2026-10-04T21:23:34.8919849Z       "homework": 30,
2026-10-04T21:23:34.8920332Z       "sha256": "e54b04f5fba66b2201d4ab9b963c7f8cf977fe3a52e0347e13186e9eb24ce4e2"
2026-10-04T21:23:34.8920891Z     },
2026-10-04T21:23:34.8921066Z     {
2026-10-04T21:23:34.8921268Z       "id": "hsk3-fltrp-2026:l12",
2026-10-04T21:23:34.8921491Z       "level": 3,
2026-10-04T21:23:34.8921679Z       "number": 12,
2026-10-04T21:23:34.8921866Z       "title": {
2026-10-04T21:23:34.8922109Z         "zh": "这个季节天气变化很快",
2026-10-04T21:23:34.8922414Z         "vi": "Mùa này thời tiết thay đổi rất nhanh",
2026-10-04T21:23:34.8922759Z         "py": "Zhège jìjié tiānqì biànhuà hěn kuài"
2026-10-04T21:23:34.8923004Z       },
2026-10-04T21:23:34.8923180Z       "words": 28,
2026-10-04T21:23:34.8923364Z       "texts": 4,
2026-10-04T21:23:34.8923559Z       "grammar": 4,
2026-10-04T21:23:34.8923762Z       "homework": 30,
2026-10-04T21:23:34.8924089Z       "sha256": "deb3939089488474d986529d9b4c46615c3264d614cd246041d62d98cdee3b4d"
2026-10-04T21:23:34.8924401Z     },
2026-10-04T21:23:34.8924571Z     {
2026-10-04T21:23:34.8924780Z       "id": "hsk3-fltrp-2026:l13",
2026-10-04T21:23:34.8925018Z       "level": 3,
2026-10-04T21:23:34.8925206Z       "number": 13,
2026-10-04T21:23:34.8925390Z       "title": {
2026-10-04T21:23:34.8925622Z         "zh": "我的新邻居来自英国",
2026-10-04T21:23:34.8925911Z         "vi": "Hàng xóm mới của tôi đến từ Anh",
2026-10-04T21:23:34.8926239Z         "py": "Wǒ de xīn línjū láizì Yīngguó"
2026-10-04T21:23:34.8926472Z       },
2026-10-04T21:23:34.8926652Z       "words": 28,
2026-10-04T21:23:34.8926833Z       "texts": 4,
2026-10-04T21:23:34.8927033Z       "grammar": 3,
2026-10-04T21:23:34.8927223Z       "homework": 30,
2026-10-04T21:23:34.8927540Z       "sha256": "440776721226463550a6e0b45fd42dd178bd3fe57a62d9c643923d8d132c61cc"
2026-10-04T21:23:34.8927862Z     },
2026-10-04T21:23:34.8928040Z     {
2026-10-04T21:23:34.8928235Z       "id": "hsk3-fltrp-2026:l14",
2026-10-04T21:23:34.8928457Z       "level": 3,
2026-10-04T21:23:34.8928639Z       "number": 14,
2026-10-04T21:23:34.8928822Z       "title": {
2026-10-04T21:23:34.8929126Z         "zh": "这本书被别人借走了",
2026-10-04T21:23:34.8929460Z         "vi": "Cuốn sách này đã được người khác mượn rồi",
2026-10-04T21:23:34.8929808Z         "py": "Zhè běn shū bèi biérén jiè zǒu le"
2026-10-04T21:23:34.8930051Z       },
2026-10-04T21:23:34.8930349Z       "words": 28,
2026-10-04T21:23:34.8930539Z       "texts": 4,
2026-10-04T21:23:34.8930722Z       "grammar": 3,
2026-10-04T21:23:34.8930918Z       "homework": 30,
2026-10-04T21:23:34.8931252Z       "sha256": "4243e1cafafd148020c1ffbf22cca4c9c9a2f1b2a361fdf778c26c95f678012a"
2026-10-04T21:23:34.8931586Z     },
2026-10-04T21:23:34.8931753Z     {
2026-10-04T21:23:34.8931948Z       "id": "hsk3-fltrp-2026:l15",
2026-10-04T21:23:34.8932161Z       "level": 3,
2026-10-04T21:23:34.8932363Z       "number": 15,
2026-10-04T21:23:34.8932545Z       "title": {
2026-10-04T21:23:34.8932773Z         "zh": "我是半个南京人",
2026-10-04T21:23:34.8933073Z         "vi": "Tôi có thể coi là nửa người Nam Kinh",
2026-10-04T21:23:34.8933408Z         "py": "Wǒ shì bàn ge Nánjīngrén"
2026-10-04T21:23:34.8933639Z       },
2026-10-04T21:23:34.8933822Z       "words": 28,
2026-10-04T21:23:34.8934009Z       "texts": 4,
2026-10-04T21:23:34.8934195Z       "grammar": 4,
2026-10-04T21:23:34.8934384Z       "homework": 30,
2026-10-04T21:23:34.8934709Z       "sha256": "72fe01c3ec5cb1153815f78cc24962d5323f2f0d44d49197f4ad79160f388836"
2026-10-04T21:23:34.8935027Z     },
2026-10-04T21:23:34.8935201Z     {
2026-10-04T21:23:34.8935396Z       "id": "hsk3-fltrp-2026:l16",
2026-10-04T21:23:34.8935610Z       "level": 3,
2026-10-04T21:23:34.8935795Z       "number": 16,
2026-10-04T21:23:34.8935977Z       "title": {
2026-10-04T21:23:34.8936241Z         "zh": "我听说有的熊猫出国了",
2026-10-04T21:23:34.8936578Z         "vi": "Tôi nghe nói có gấu trúc đã ra nước ngoài",
2026-10-04T21:23:34.8937024Z         "py": "Wǒ tīngshuō yǒude xióngmāo chū guó le"
2026-10-04T21:23:34.8937275Z       },
2026-10-04T21:23:34.8937450Z       "words": 26,
2026-10-04T21:23:34.8937636Z       "texts": 4,
2026-10-04T21:23:34.8937837Z       "grammar": 4,
2026-10-04T21:23:34.8938034Z       "homework": 30,
2026-10-04T21:23:34.8938368Z       "sha256": "06357423b8ea5eba948b8b7deb495d23779efa3cc8467f9c43554eb3f6769139"
2026-10-04T21:23:34.8938682Z     },
2026-10-04T21:23:34.8938848Z     {
2026-10-04T21:23:34.8939043Z       "id": "hsk3-fltrp-2026:l17",
2026-10-04T21:23:34.8939256Z       "level": 3,
2026-10-04T21:23:34.8939436Z       "number": 17,
2026-10-04T21:23:34.8939623Z       "title": {
2026-10-04T21:23:34.8939850Z         "zh": "我要多向认真的人学习",
2026-10-04T21:23:34.8940432Z         "vi": "Tôi phải học hỏi nhiều hơn từ những người cẩn thận",
2026-10-04T21:23:34.8940832Z         "py": "Wǒ yào duō xiàng rènzhēn de rén xuéxí"
2026-10-04T21:23:34.8941079Z       },
2026-10-04T21:23:34.8941272Z       "words": 28,
2026-10-04T21:23:34.8941467Z       "texts": 4,
2026-10-04T21:23:34.8941653Z       "grammar": 4,
2026-10-04T21:23:34.8941844Z       "homework": 30,
2026-10-04T21:23:34.8942181Z       "sha256": "244aa2c25d66d7168b4dff8c5431e200fed68d6c2d54af530e0781c7772bfe2a"
2026-10-04T21:23:34.8942505Z     },
2026-10-04T21:23:34.8942670Z     {
2026-10-04T21:23:34.8942874Z       "id": "hsk3-fltrp-2026:l18",
2026-10-04T21:23:34.8943090Z       "level": 3,
2026-10-04T21:23:34.8943277Z       "number": 18,
2026-10-04T21:23:34.8943461Z       "title": {
2026-10-04T21:23:34.8943686Z         "zh": "我学会了包饺子",
2026-10-04T21:23:34.8943976Z         "vi": "Tôi đã học được cách gói sủi cảo",
2026-10-04T21:23:34.8944297Z         "py": "Wǒ xuéhuì le bāo jiǎozi"
2026-10-04T21:23:34.8944525Z       },
2026-10-04T21:23:34.8944699Z       "words": 30,
2026-10-04T21:23:34.8944883Z       "texts": 4,
2026-10-04T21:23:34.8945068Z       "grammar": 4,
2026-10-04T21:23:34.8945252Z       "homework": 30,
2026-10-04T21:23:34.8945620Z       "sha256": "939dcb25ee7cdd124e062a2810fea523a9193395fd56fa940d8c111a554c0f53"
2026-10-04T21:23:34.8946140Z     }
2026-10-04T21:23:34.8946315Z   ],
2026-10-04T21:23:34.8946493Z   "lexicons": [
2026-10-04T21:23:34.8946674Z     {
2026-10-04T21:23:34.8947000Z       "courseId": "hsk2-fltrp-2026",
2026-10-04T21:23:34.8947287Z       "counts": {
2026-10-04T21:23:34.8947528Z         "sourceRecords": 226,
2026-10-04T21:23:34.8947792Z         "senses": 226,
2026-10-04T21:23:34.8948050Z         "chineseForms": 209,
2026-10-04T21:23:34.8948360Z         "verifiedMerges": 0
2026-10-04T21:23:34.8948643Z       },
2026-10-04T21:23:34.8949059Z       "sha256": "ef5bfd9d4b03fd83e0eb735afca091ff3daa09dd1c5439f1e4453d118bef014c"
2026-10-04T21:23:34.8949396Z     },
2026-10-04T21:23:34.8949563Z     {
2026-10-04T21:23:34.8949766Z       "courseId": "hsk3-fltrp-2026",
2026-10-04T21:23:34.8949992Z       "counts": {
2026-10-04T21:23:34.8950332Z         "sourceRecords": 523,
2026-10-04T21:23:34.8950710Z         "senses": 523,
2026-10-04T21:23:34.8950938Z         "chineseForms": 487,
2026-10-04T21:23:34.8951161Z         "verifiedMerges": 0
2026-10-04T21:23:34.8951369Z       },
2026-10-04T21:23:34.8951691Z       "sha256": "a3c72056adcde40201c46d5dd04aee5d0a633508b90acb09ec4d4dadd14eeef3"
2026-10-04T21:23:34.8952022Z     }
2026-10-04T21:23:34.8952191Z   ],
2026-10-04T21:23:34.8952371Z   "issues": []
2026-10-04T21:23:34.8952557Z }
2026-10-04T21:23:34.9636419Z 
2026-10-04T21:23:34.9637247Z > hsk-shared-course-app@1.0.0 check
2026-10-04T21:23:34.9637801Z > tsc --noEmit
2026-10-04T21:23:34.9637987Z 
2026-10-04T21:23:35.7352197Z [36mvite v8.3.2 [32mbuilding client environment for production...[36m[39m
2026-10-04T21:23:35.7461242Z transforming...
2026-10-04T21:23:36.1089071Z ✓ 213 modules transformed.
2026-10-04T21:23:37.4872994Z rendering chunks...
2026-10-04T21:23:37.7915840Z computing gzip size...
2026-10-04T21:23:37.8326986Z .repro-output/b10-hsk23-adapter/dist/index.html                                                   0.45 kB │ gzip:   0.33 kB
2026-10-04T21:23:37.8328092Z .repro-output/b10-hsk23-adapter/dist/assets/course-index-BKGnz4SX.json                            4.87 kB │ gzip:   1.18 kB
2026-10-04T21:23:37.8328959Z .repro-output/b10-hsk23-adapter/dist/assets/textbook-display-revisions-DWScioD2.json             26.13 kB │ gzip:   4.78 kB
2026-10-04T21:23:37.8329762Z .repro-output/b10-hsk23-adapter/dist/content-manifest.json                                       53.70 kB │ gzip:  14.31 kB
2026-10-04T21:23:37.8330840Z .repro-output/b10-hsk23-adapter/dist/assets/stage2-bank-DOB9KrMv.json                           269.65 kB │ gzip:  47.51 kB
2026-10-04T21:23:37.8331994Z .repro-output/b10-hsk23-adapter/dist/assets/media-references-DD5E_5K_.json                      287.06 kB │ gzip:  57.51 kB
2026-10-04T21:23:37.8333188Z .repro-output/b10-hsk23-adapter/dist/assets/stage3-catalog-CH6Cx7h7.json                        384.02 kB │ gzip:  67.91 kB
2026-10-04T21:23:37.8334405Z .repro-output/b10-hsk23-adapter/dist/assets/textbook-ksDEYuz_.json                              741.67 kB │ gzip:  91.65 kB
2026-10-04T21:23:37.8335630Z .repro-output/b10-hsk23-adapter/dist/assets/progress-DgeKDxiU.css                                 1.57 kB │ gzip:   0.62 kB
2026-10-04T21:23:37.8336832Z .repro-output/b10-hsk23-adapter/dist/assets/archive-BMfTkVw2.css                                  1.93 kB │ gzip:   0.74 kB
2026-10-04T21:23:37.8338038Z .repro-output/b10-hsk23-adapter/dist/assets/hanzi-D0sNO2-t.css                                    2.24 kB │ gzip:   0.79 kB
2026-10-04T21:23:37.8339269Z .repro-output/b10-hsk23-adapter/dist/assets/data-panel-BgEWndCN.css                               3.56 kB │ gzip:   1.10 kB
2026-10-04T21:23:37.8340699Z .repro-output/b10-hsk23-adapter/dist/assets/source-activities-Cz6XgW02.css                        4.93 kB │ gzip:   1.37 kB
2026-10-04T21:23:37.8341848Z .repro-output/b10-hsk23-adapter/dist/assets/listening-DTyrhIy_.css                                5.80 kB │ gzip:   1.60 kB
2026-10-04T21:23:37.8342969Z .repro-output/b10-hsk23-adapter/dist/assets/view-BYaiqWuX.css                                     6.25 kB │ gzip:   1.79 kB
2026-10-04T21:23:37.8344323Z .repro-output/b10-hsk23-adapter/dist/assets/homework-8E-U9jBU.css                                 8.11 kB │ gzip:   2.06 kB
2026-10-04T21:23:37.8345538Z .repro-output/b10-hsk23-adapter/dist/assets/textbook-BGHTCm5n.css                                 9.57 kB │ gzip:   2.64 kB
2026-10-04T21:23:37.8346578Z .repro-output/b10-hsk23-adapter/dist/assets/index-CqoucPNO.css                                   34.61 kB │ gzip:   7.74 kB
2026-10-04T21:23:37.8347662Z .repro-output/b10-hsk23-adapter/dist/assets/official-vi-registry-Bgu-m4P4.js                      0.07 kB │ gzip:   0.09 kB
2026-10-04T21:23:37.8348853Z .repro-output/b10-hsk23-adapter/dist/assets/textbook-BNPI77hK.js                                  0.08 kB │ gzip:   0.10 kB
2026-10-04T21:23:37.8349879Z .repro-output/b10-hsk23-adapter/dist/assets/review-CPp3vOuA.js                                    0.08 kB │ gzip:   0.09 kB
2026-10-04T21:23:37.8350923Z .repro-output/b10-hsk23-adapter/dist/assets/stage3-catalog-BDgGKH7A.js                            0.08 kB │ gzip:   0.10 kB
2026-10-04T21:23:37.8351728Z .repro-output/b10-hsk23-adapter/dist/assets/media-references-DyNdsQyY.js                          0.09 kB │ gzip:   0.10 kB
2026-10-04T21:23:37.8352810Z .repro-output/b10-hsk23-adapter/dist/assets/vocabulary-D9l_DbYk.js                                0.09 kB │ gzip:   0.10 kB
2026-10-04T21:23:37.8353857Z .repro-output/b10-hsk23-adapter/dist/assets/textbook-display-revisions-CGs5GDJK.js                0.10 kB │ gzip:   0.11 kB
2026-10-04T21:23:37.8354965Z .repro-output/b10-hsk23-adapter/dist/assets/rolldown-runtime-DK3Fl9T5.js                          0.15 kB │ gzip:   0.15 kB
2026-10-04T21:23:37.8356142Z .repro-output/b10-hsk23-adapter/dist/assets/asset-base-DAkFL0yR.js                                0.16 kB │ gzip:   0.15 kB
2026-10-04T21:23:37.8357191Z .repro-output/b10-hsk23-adapter/dist/assets/ui-Ycjojolj.js                                        0.38 kB │ gzip:   0.27 kB
2026-10-04T21:23:37.8358492Z .repro-output/b10-hsk23-adapter/dist/assets/dom-DTOYh6FN.js                                       0.51 kB │ gzip:   0.35 kB
2026-10-04T21:23:37.8359660Z .repro-output/b10-hsk23-adapter/dist/assets/bilingual-YzyU8AOp.js                                 0.55 kB │ gzip:   0.29 kB
2026-10-04T21:23:37.8360831Z .repro-output/b10-hsk23-adapter/dist/assets/content-DhJTyjFh.js                                   1.03 kB │ gzip:   0.59 kB
2026-10-04T21:23:37.8361929Z .repro-output/b10-hsk23-adapter/dist/assets/textbook-restored-targets-BYEde6lT.js                 1.56 kB │ gzip:   0.31 kB
2026-10-04T21:23:37.8362949Z .repro-output/b10-hsk23-adapter/dist/assets/homework-C7rR7QKa.js                                  1.81 kB │ gzip:   1.01 kB
2026-10-04T21:23:37.8364005Z .repro-output/b10-hsk23-adapter/dist/assets/session-CVdP0my6.js                                   2.32 kB │ gzip:   1.18 kB
2026-10-04T21:23:37.8365182Z .repro-output/b10-hsk23-adapter/dist/assets/mixed-state-7Oiw2hir.js                               3.10 kB │ gzip:   1.40 kB
2026-10-04T21:23:37.8366040Z .repro-output/b10-hsk23-adapter/dist/assets/progress-BXGvc9g1.js                                  3.25 kB │ gzip:   1.53 kB
2026-10-04T21:23:37.8366801Z .repro-output/b10-hsk23-adapter/dist/assets/home-v7-Dh6uq.js                                      4.32 kB │ gzip:   2.02 kB
2026-10-04T21:23:37.8367542Z .repro-output/b10-hsk23-adapter/dist/assets/catalogue-C_U9rwbD.js                                 4.81 kB │ gzip:   2.04 kB
2026-10-04T21:23:37.8368298Z .repro-output/b10-hsk23-adapter/dist/assets/course-index-C5j4sptp.js                              4.90 kB │ gzip:   1.21 kB
2026-10-04T21:23:37.8369107Z .repro-output/b10-hsk23-adapter/dist/assets/audio-segments-hsk2-reviewed-sentences-bwYi0Zbf.js    5.11 kB │ gzip:   1.96 kB
2026-10-04T21:23:37.8369930Z .repro-output/b10-hsk23-adapter/dist/assets/engine-CBi3sj57.js                                    5.90 kB │ gzip:   2.45 kB
2026-10-04T21:23:37.8370869Z .repro-output/b10-hsk23-adapter/dist/assets/listening-Cmo2fjY4.js                                 6.03 kB │ gzip:   2.57 kB
2026-10-04T21:23:37.8371765Z .repro-output/b10-hsk23-adapter/dist/assets/pair-panel-5Cq5eM3_.js                                8.41 kB │ gzip:   3.71 kB
2026-10-04T21:23:37.8372538Z .repro-output/b10-hsk23-adapter/dist/assets/store-B7RoYmyQ.js                                     8.98 kB │ gzip:   3.49 kB
2026-10-04T21:23:37.8373296Z .repro-output/b10-hsk23-adapter/dist/assets/data-panel-DrPR8-24.js                                9.01 kB │ gzip:   3.69 kB
2026-10-04T21:23:37.8374058Z .repro-output/b10-hsk23-adapter/dist/assets/backup-view-CWyynbNT.js                               9.02 kB │ gzip:   3.91 kB
2026-10-04T21:23:37.8374855Z .repro-output/b10-hsk23-adapter/dist/assets/vi-presentation-state-BY8rTZSh.js                     9.76 kB │ gzip:   3.50 kB
2026-10-04T21:23:37.8375646Z .repro-output/b10-hsk23-adapter/dist/assets/course-index-CFabwrzu.js                             10.55 kB │ gzip:   2.92 kB
2026-10-04T21:23:37.8376425Z .repro-output/b10-hsk23-adapter/dist/assets/browser-pair-DrWU6cRA.js                             10.81 kB │ gzip:   3.85 kB
2026-10-04T21:23:37.8377187Z .repro-output/b10-hsk23-adapter/dist/assets/engine-BAT6QHsN.js                                   16.10 kB │ gzip:   6.03 kB
2026-10-04T21:23:37.8377939Z .repro-output/b10-hsk23-adapter/dist/assets/listening-VTrtSSOE.js                                16.46 kB │ gzip:   6.07 kB
2026-10-04T21:23:37.8378735Z .repro-output/b10-hsk23-adapter/dist/assets/official-vi-revisions-rcPMbsa1.js                    18.00 kB │ gzip:   6.04 kB
2026-10-04T21:23:37.8379510Z .repro-output/b10-hsk23-adapter/dist/assets/copy-yY9kyqvF.js                                     18.33 kB │ gzip:   6.90 kB
2026-10-04T21:23:37.8380375Z .repro-output/b10-hsk23-adapter/dist/assets/listening-BXM9emsG.js                                19.05 kB │ gzip:   7.03 kB
2026-10-04T21:23:37.8381143Z .repro-output/b10-hsk23-adapter/dist/assets/archive-BKNR7YxA.js                                  21.22 kB │ gzip:   8.81 kB
2026-10-04T21:23:37.8381988Z .repro-output/b10-hsk23-adapter/dist/assets/textbook-CBO9XXmL.js                                 21.78 kB │ gzip:   8.69 kB
2026-10-04T21:23:37.8382744Z .repro-output/b10-hsk23-adapter/dist/assets/engine-DJNGzNN8.js                                   22.15 kB │ gzip:   7.49 kB
2026-10-04T21:23:37.8383490Z .repro-output/b10-hsk23-adapter/dist/assets/view-DuzNkBNi.js                                     24.25 kB │ gzip:   9.18 kB
2026-10-04T21:23:37.8384232Z .repro-output/b10-hsk23-adapter/dist/assets/progress-B_L0xZFS.js                                 24.58 kB │ gzip:   9.30 kB
2026-10-04T21:23:37.8385020Z .repro-output/b10-hsk23-adapter/dist/assets/textbook-display-revisions-CnZaZMsm.js               26.16 kB │ gzip:   4.81 kB
2026-10-04T21:23:37.8385835Z .repro-output/b10-hsk23-adapter/dist/assets/source-activities-AxfrbuzF.js                        32.56 kB │ gzip:   9.76 kB
2026-10-04T21:23:37.8386699Z .repro-output/b10-hsk23-adapter/dist/assets/textbook-Dvy-kwXN.js                                 33.88 kB │ gzip:  12.80 kB
2026-10-04T21:23:37.8387526Z .repro-output/b10-hsk23-adapter/dist/assets/homework-qvJ7Q7he.js                                 36.52 kB │ gzip:  11.05 kB
2026-10-04T21:23:37.8388352Z .repro-output/b10-hsk23-adapter/dist/assets/compatibility-Be5HYyjA.js                            36.80 kB │ gzip:  13.17 kB
2026-10-04T21:23:37.8389124Z .repro-output/b10-hsk23-adapter/dist/assets/hanzi-DdttLzKe.js                                    55.11 kB │ gzip:  18.43 kB
2026-10-04T21:23:37.8389908Z .repro-output/b10-hsk23-adapter/dist/assets/audio-segments-pilot-vPaBRnCF.js                    101.16 kB │ gzip:  11.25 kB
2026-10-04T21:23:37.8390856Z .repro-output/b10-hsk23-adapter/dist/assets/audio-segments-hsk2-lessons02-03-DhnzM86H.js        112.98 kB │ gzip:  13.28 kB
2026-10-04T21:23:37.8391792Z .repro-output/b10-hsk23-adapter/dist/assets/hsk2-lexicon-wUvhkUMW.js                            134.69 kB │ gzip:  11.62 kB
2026-10-04T21:23:37.8392647Z .repro-output/b10-hsk23-adapter/dist/assets/lesson-04-BtdyS7b3.js                               169.82 kB │ gzip:  24.29 kB
2026-10-04T21:23:37.8393690Z .repro-output/b10-hsk23-adapter/dist/assets/lesson-01-B6y49trV.js                               173.17 kB │ gzip:  26.11 kB
2026-10-04T21:23:37.8394589Z .repro-output/b10-hsk23-adapter/dist/assets/lesson-02-09Zu8o0d.js                               179.88 kB │ gzip:  26.43 kB
2026-10-04T21:23:37.8395493Z .repro-output/b10-hsk23-adapter/dist/assets/lesson-07-DrhdAyE7.js                               184.00 kB │ gzip:  24.13 kB
2026-10-04T21:23:37.8396448Z .repro-output/b10-hsk23-adapter/dist/assets/lesson-13-Di1u_uT9.js                               186.28 kB │ gzip:  28.11 kB
2026-10-04T21:23:37.8397648Z .repro-output/b10-hsk23-adapter/dist/assets/lesson-08-C-FQ2jVr.js                               187.54 kB │ gzip:  26.97 kB
2026-10-04T21:23:37.8398791Z .repro-output/b10-hsk23-adapter/dist/assets/lesson-10-CzsyRwT3.js                               187.77 kB │ gzip:  26.99 kB
2026-10-04T21:23:37.8399937Z .repro-output/b10-hsk23-adapter/dist/assets/lesson-03-EwlaEipJ.js                               188.34 kB │ gzip:  27.61 kB
2026-10-04T21:23:37.8401181Z .repro-output/b10-hsk23-adapter/dist/assets/lesson-14-DLzfaxX-.js                               191.43 kB │ gzip:  28.45 kB
2026-10-04T21:23:37.8402362Z .repro-output/b10-hsk23-adapter/dist/assets/lesson-11-JwG7bNPw.js                               192.99 kB │ gzip:  28.14 kB
2026-10-04T21:23:37.8403540Z .repro-output/b10-hsk23-adapter/dist/assets/lesson-05-DebTCdfE.js                               202.07 kB │ gzip:  29.16 kB
2026-10-04T21:23:37.8404685Z .repro-output/b10-hsk23-adapter/dist/assets/lesson-15-Dbn5g1yN.js                               204.37 kB │ gzip:  30.55 kB
2026-10-04T21:23:37.8405842Z .repro-output/b10-hsk23-adapter/dist/assets/lesson-12-CQf_4N30.js                               207.62 kB │ gzip:  30.09 kB
2026-10-04T21:23:37.8407087Z .repro-output/b10-hsk23-adapter/dist/assets/lesson-09-AP7lb0t0.js                               215.70 kB │ gzip:  31.16 kB
2026-10-04T21:23:37.8408225Z .repro-output/b10-hsk23-adapter/dist/assets/lesson-06-CMSvSq98.js                               217.60 kB │ gzip:  30.40 kB
2026-10-04T21:23:37.8409376Z .repro-output/b10-hsk23-adapter/dist/assets/lesson-01-D4ntTNNS.js                               228.18 kB │ gzip:  34.26 kB
2026-10-04T21:23:37.8410646Z .repro-output/b10-hsk23-adapter/dist/assets/lesson-16-DLAde_AX.js                               232.25 kB │ gzip:  35.64 kB
2026-10-04T21:23:37.8411587Z .repro-output/b10-hsk23-adapter/dist/assets/lesson-14-CfUUOHo4.js                               233.09 kB │ gzip:  33.96 kB
2026-10-04T21:23:37.8412486Z .repro-output/b10-hsk23-adapter/dist/assets/lesson-13-SGHkdqj8.js                               235.65 kB │ gzip:  34.96 kB
2026-10-04T21:23:37.8413363Z .repro-output/b10-hsk23-adapter/dist/assets/lesson-17-B7nDVG_1.js                               246.32 kB │ gzip:  36.10 kB
2026-10-04T21:23:37.8414353Z .repro-output/b10-hsk23-adapter/dist/assets/lesson-08-Bo-t8qts.js                               263.60 kB │ gzip:  38.12 kB
2026-10-04T21:23:37.8415512Z .repro-output/b10-hsk23-adapter/dist/assets/lesson-04-CQ8HqNvE.js                               264.99 kB │ gzip:  35.81 kB
2026-10-04T21:23:37.8416689Z .repro-output/b10-hsk23-adapter/dist/assets/lesson-11-DsggHZh3.js                               265.70 kB │ gzip:  37.36 kB
2026-10-04T21:23:37.8417873Z .repro-output/b10-hsk23-adapter/dist/assets/lesson-02-D17a6gXc.js                               265.75 kB │ gzip:  36.41 kB
2026-10-04T21:23:37.8419051Z .repro-output/b10-hsk23-adapter/dist/assets/lesson-10-C1CqfBx5.js                               268.46 kB │ gzip:  37.57 kB
2026-10-04T21:23:37.8420412Z .repro-output/b10-hsk23-adapter/dist/assets/stage2-bank-Bjx02knS.js                             269.68 kB │ gzip:  47.54 kB
2026-10-04T21:23:37.8421586Z .repro-output/b10-hsk23-adapter/dist/assets/lesson-12-CRiO_jtq.js                               280.06 kB │ gzip:  39.92 kB
2026-10-04T21:23:37.8422783Z .repro-output/b10-hsk23-adapter/dist/assets/lesson-15-BFO4WQRr.js                               282.49 kB │ gzip:  40.38 kB
2026-10-04T21:23:37.8424118Z .repro-output/b10-hsk23-adapter/dist/assets/lesson-09-B98faFOI.js                               283.21 kB │ gzip:  38.94 kB
2026-10-04T21:23:37.8425303Z .repro-output/b10-hsk23-adapter/dist/assets/lesson-05-BlBN05UY.js                               286.45 kB │ gzip:  37.99 kB
2026-10-04T21:23:37.8426530Z .repro-output/b10-hsk23-adapter/dist/assets/media-references-Bx99NyHN.js                        287.09 kB │ gzip:  57.55 kB
2026-10-04T21:23:37.8427573Z .repro-output/b10-hsk23-adapter/dist/assets/lesson-18-bT4fWwB0.js                               288.25 kB │ gzip:  41.33 kB
2026-10-04T21:23:37.8428494Z .repro-output/b10-hsk23-adapter/dist/assets/lesson-03-6BI1MIjF.js                               293.30 kB │ gzip:  39.56 kB
2026-10-04T21:23:37.8429422Z .repro-output/b10-hsk23-adapter/dist/assets/lesson-07-P-ybnya4.js                               299.98 kB │ gzip:  39.59 kB
2026-10-04T21:23:37.8430619Z .repro-output/b10-hsk23-adapter/dist/assets/lesson-06-C-5GFuBQ.js                               302.63 kB │ gzip:  39.20 kB
2026-10-04T21:23:37.8431551Z .repro-output/b10-hsk23-adapter/dist/assets/hsk3-lexicon-i9XNkSdh.js                            308.92 kB │ gzip:  23.64 kB
2026-10-04T21:23:37.8432478Z .repro-output/b10-hsk23-adapter/dist/assets/legacy-exercises-Bz3UuW2N.js                        326.82 kB │ gzip:  82.57 kB
2026-10-04T21:23:37.8433374Z .repro-output/b10-hsk23-adapter/dist/assets/index-CdA3DiQm.js                                   343.78 kB │ gzip:  84.81 kB
2026-10-04T21:23:37.8434247Z .repro-output/b10-hsk23-adapter/dist/assets/stage3-catalog-Bs1Y2M7l.js                          384.05 kB │ gzip:  67.94 kB
2026-10-04T21:23:37.8435155Z .repro-output/b10-hsk23-adapter/dist/assets/legacy-exercises-BfEaU4Qq.js                        446.69 kB │ gzip:  84.96 kB
2026-10-04T21:23:37.8436072Z .repro-output/b10-hsk23-adapter/dist/assets/homework30-BVBKAbRf.js                              613.90 kB │ gzip: 135.38 kB
2026-10-04T21:23:37.8436967Z .repro-output/b10-hsk23-adapter/dist/assets/textbook-Bkb8B-ul.js                                741.70 kB │ gzip:  91.70 kB
2026-10-04T21:23:37.8437847Z .repro-output/b10-hsk23-adapter/dist/assets/content-ChH95uYd.js                                 852.80 kB │ gzip: 144.56 kB
2026-10-04T21:23:37.8438743Z .repro-output/b10-hsk23-adapter/dist/assets/homework30-bank-Bti0xGBV.js                         854.25 kB │ gzip: 143.01 kB
2026-10-04T21:23:37.8439157Z 
2026-10-04T21:23:37.8439467Z [33m[plugin builtin:vite-reporter] 
2026-10-04T21:23:37.8439912Z (!) Some chunks are larger than 500 kB after minification. Consider:
2026-10-04T21:23:37.8440473Z - Using dynamic import() to code-split the application
2026-10-04T21:23:37.8441222Z - Use build.rolldownOptions.output.codeSplitting to improve chunking: https://rolldown.rs/reference/OutputOptions.codeSplitting
2026-10-04T21:23:37.8442044Z - Adjust chunk size limit for this warning via build.chunkSizeWarningLimit.[39m
2026-10-04T21:23:37.8442545Z [32m✓ built in 2.10s[39m
2026-10-04T21:23:37.9630041Z 
2026-10-04T21:23:37.9630897Z > hsk1-modular-app@0.1.0 assets:check
2026-10-04T21:23:37.9631540Z > node tools/check-course-assets.mjs
2026-10-04T21:23:37.9632129Z 
2026-10-04T21:23:38.0732020Z {
2026-10-04T21:23:38.0732615Z   "schemaVersion": 1,
2026-10-04T21:23:38.0733383Z   "baseline": "71b39192133c82f684384f450dda6079d3253440",
2026-10-04T21:23:38.0733969Z   "output": "dist/course-assets",
2026-10-04T21:23:38.0734466Z   "audio": {
2026-10-04T21:23:38.0735254Z     "files": 93,
2026-10-04T21:23:38.0735536Z     "bytes": 27491142,
2026-10-04T21:23:38.0735813Z     "manifestHashesVerified": 93,
2026-10-04T21:23:38.0736104Z     "originalFilesUnchanged": 93
2026-10-04T21:23:38.0736345Z   },
2026-10-04T21:23:38.0736536Z   "hanzi": {
2026-10-04T21:23:38.0736756Z     "files": 267,
2026-10-04T21:23:38.0737000Z     "bytes": 567732,
2026-10-04T21:23:38.0737238Z     "originalLocalFiles": 250,
2026-10-04T21:23:38.0737525Z     "supplements": 17,
2026-10-04T21:23:38.0737826Z     "strokeDataValidated": 267,
2026-10-04T21:23:38.0738367Z     "sourceCopiesEqual": 267,
2026-10-04T21:23:38.0738772Z     "supplementHashesVerified": 17
2026-10-04T21:23:38.0739099Z   },
2026-10-04T21:23:38.0739368Z   "licenses": [
2026-10-04T21:23:38.0739647Z     {
2026-10-04T21:23:38.0739945Z       "path": "HANZI-DATA-LICENSE.txt",
2026-10-04T21:23:38.0740422Z       "bytes": 6900,
2026-10-04T21:23:38.0740874Z       "sha256": "5590533436c70f10f2f524ee61456238c290175c6662fbe1c700b5f038a6d328"
2026-10-04T21:23:38.0741334Z     },
2026-10-04T21:23:38.0741597Z     {
2026-10-04T21:23:38.0741906Z       "path": "HANZI-WRITER-LICENSE.txt",
2026-10-04T21:23:38.0742238Z       "bytes": 1079,
2026-10-04T21:23:38.0742679Z       "sha256": "7735d83cdf892c8db41c27103b42c89b4b63149770c1e08ae13cbbebb81da637"
2026-10-04T21:23:38.0743170Z     }
2026-10-04T21:23:38.0743555Z   ],
2026-10-04T21:23:38.0743832Z   "totalBytes": 28066853,
2026-10-04T21:23:38.0744314Z   "assetManifestSha256": "5311f266eb62db26974f673ac03a257991538ddfb0af6cb03bbc920bb20df9d4"
2026-10-04T21:23:38.0744790Z }
2026-10-04T21:23:40.9987152Z ##[group]Run node course-app/docs/resume-20261004/b10-adapter-ci/run-command.mjs hsk1-native . hsk1-app/node_modules/.bin/playwright test --config=course-app/docs/resume-20261004/b10-adapter-ci/playwright.hsk1.ci.config.ts --project=chromium
2026-10-04T21:23:40.9988563Z [36;1mnode course-app/docs/resume-20261004/b10-adapter-ci/run-command.mjs hsk1-native . hsk1-app/node_modules/.bin/playwright test --config=course-app/docs/resume-20261004/b10-adapter-ci/playwright.hsk1.ci.config.ts --project=chromium[0m
2026-10-04T21:23:41.0025850Z shell: /usr/bin/bash -e {0}
2026-10-04T21:23:41.0026108Z env:
2026-10-04T21:23:41.0026320Z   HSK_ADAPTER_CI_BROWSER: chromium
2026-10-04T21:23:41.0026555Z ##[endgroup]
2026-10-04T21:23:41.9897878Z 
2026-10-04T21:23:41.9898742Z Running 3 tests using 1 worker
2026-10-04T21:23:41.9899374Z 
2026-10-04T21:23:44.2308492Z   ✓  1 [chromium] › hsk1-app/tests/browser/official-vi-history.spec.ts:6:1 › synthetic same-clock receipt survives reload and shows first/latest immutable text with original answer indices (1.7s)
2026-10-04T21:23:45.7203354Z   ✓  2 [chromium] › hsk1-app/tests/browser/official-vi-history.spec.ts:13:1 › legacy archive shows each saved display binding and keeps raw task and answer visible (1.5s)
2026-10-04T21:23:47.1251007Z   ✓  3 [chromium] › hsk1-app/tests/browser/official-vi-history.spec.ts:19:1 › listening shuffled labels use original indices and fixed round text after native reload (1.4s)
2026-10-04T21:23:47.1737888Z 
2026-10-04T21:23:47.1739790Z   3 passed (5.6s)
2026-10-04T21:23:47.1922725Z ##[group]Run node course-app/docs/resume-20261004/b10-adapter-ci/run-command.mjs hsk23-native . course-app/node_modules/.bin/playwright test --config=course-app/docs/resume-20261004/b10-adapter-ci/playwright.hsk23.ci.config.ts --project=chromium
2026-10-04T21:23:47.1924019Z [36;1mnode course-app/docs/resume-20261004/b10-adapter-ci/run-command.mjs hsk23-native . course-app/node_modules/.bin/playwright test --config=course-app/docs/resume-20261004/b10-adapter-ci/playwright.hsk23.ci.config.ts --project=chromium[0m
2026-10-04T21:23:47.1959366Z shell: /usr/bin/bash -e {0}
2026-10-04T21:23:47.1959633Z env:
2026-10-04T21:23:47.1959837Z   HSK_ADAPTER_CI_BROWSER: chromium
2026-10-04T21:23:47.1960175Z ##[endgroup]
2026-10-04T21:24:47.7679035Z Error: Timed out waiting 60000ms from config.webServer.
2026-10-04T21:24:47.7682614Z 
2026-10-04T21:24:47.7851643Z ##[error]Process completed with exit code 1.
2026-10-04T21:24:47.7893692Z ##[group]Run node course-app/docs/resume-20261004/b10-adapter-ci/checkpoint-records.mjs after
2026-10-04T21:24:47.7894246Z [36;1mnode course-app/docs/resume-20261004/b10-adapter-ci/checkpoint-records.mjs after[0m
2026-10-04T21:24:47.7929876Z shell: /usr/bin/bash -e {0}
2026-10-04T21:24:47.7930342Z env:
2026-10-04T21:24:47.7930573Z   HSK_ADAPTER_CI_BROWSER: chromium
2026-10-04T21:24:47.7930823Z ##[endgroup]
2026-10-04T21:24:49.4613106Z AssertionError [ERR_ASSERTION]: hsk23-native command failed
2026-10-04T21:24:49.4613566Z 
2026-10-04T21:24:49.4613683Z 1 !== 0
2026-10-04T21:24:49.4613842Z 
2026-10-04T21:24:49.4689639Z ##[error]Process completed with exit code 1.
2026-10-04T21:24:49.4745046Z ##[group]Run actions/upload-artifact@v4
2026-10-04T21:24:49.4745303Z with:
2026-10-04T21:24:49.4745519Z   name: hsk-official-vi-adapter-chromium
2026-10-04T21:24:49.4745779Z   include-hidden-files: true
2026-10-04T21:24:49.4746005Z   if-no-files-found: error
2026-10-04T21:24:49.4747548Z   path: course-app/.repro-output/b10-adapter-ci/chromium/
course-app/.repro-output/b10-hsk23-adapter/dist/index.html
course-app/.repro-output/b10-hsk23-adapter/dist/assets/**/*.js
course-app/.repro-output/b10-hsk23-adapter/dist/assets/**/*.css
course-app/.repro-output/b10-hsk23-adapter/dist/assets/**/*.json
hsk1-app/dist/*.html
hsk1-app/dist/assets/**/*.js
hsk1-app/dist/assets/**/*.css
hsk1-app/dist/assets/**/*.json
course-app/docs/resume-20261004/b10-hsk1-adapter/native-ci-receipt-first.png
course-app/docs/resume-20261004/b10-hsk1-adapter/native-ci-archive.png

2026-10-04T21:24:49.4749245Z   compression-level: 6
2026-10-04T21:24:49.4749457Z   overwrite: false
2026-10-04T21:24:49.4749645Z env:
2026-10-04T21:24:49.4749878Z   HSK_ADAPTER_CI_BROWSER: chromium
2026-10-04T21:24:49.4750214Z ##[endgroup]
2026-10-04T21:24:49.6226847Z (node:5684) [DEP0040] DeprecationWarning: The `punycode` module is deprecated. Please use a userland alternative instead.
2026-10-04T21:24:49.6227495Z (Use `node --trace-deprecation ...` to show where the warning was created)
2026-10-04T21:24:49.6707995Z Multiple search paths detected. Calculating the least common ancestor of all paths
2026-10-04T21:24:49.6710745Z The least common ancestor is /home/runner/work/hsk-hub/hsk-hub. This will be the root directory of the artifact
2026-10-04T21:24:49.6711734Z With the provided path, there will be 232 files uploaded
2026-10-04T21:24:49.6714801Z Artifact name is valid!
2026-10-04T21:24:49.6715185Z Root directory input is valid!
2026-10-04T21:24:49.9469483Z Beginning upload of artifact content to blob storage
2026-10-04T21:24:50.4516208Z (node:5684) [DEP0169] DeprecationWarning: `url.parse()` behavior is not standardized and prone to errors that have security implications. Use the WHATWG URL API instead. CVEs are not issued for `url.parse()` vulnerabilities.
2026-10-04T21:24:50.8594685Z Uploaded bytes 5244480
2026-10-04T21:24:50.8998429Z Finished uploading artifact content to blob storage!
2026-10-04T21:24:50.8999764Z SHA256 digest of uploaded artifact zip is 1367d761b212ef67a871259af2c565b13727d664e712de38be049d12ffe2b2bf
2026-10-04T21:24:50.9002200Z Finalizing artifact upload
2026-10-04T21:24:51.1293998Z Artifact hsk-official-vi-adapter-chromium.zip successfully finalized. Artifact ID 11315303740
2026-10-04T21:24:51.1295196Z Artifact hsk-official-vi-adapter-chromium has been successfully uploaded! Final size is 5244480 bytes. Artifact ID is 11315303740
2026-10-04T21:24:51.1299509Z Artifact download URL: https://github.com/nhiennhientran/hsk-hub/actions/runs/37235796333/artifacts/11315303740
2026-10-04T21:24:51.1467576Z Post job cleanup.
2026-10-04T21:24:51.2190043Z [command]/usr/bin/git version
2026-10-04T21:24:51.2229985Z git version 2.55.0
2026-10-04T21:24:51.2265481Z Temporarily overriding HOME='/home/runner/work/_temp/aa375e21-1cff-466c-b0ad-da6e31c8eeb5' before making global git config changes
2026-10-04T21:24:51.2266592Z Adding repository directory to the temporary git global config as a safe directory
2026-10-04T21:24:51.2271190Z [command]/usr/bin/git config --global --add safe.directory /home/runner/work/hsk-hub/hsk-hub
2026-10-04T21:24:51.2303069Z [command]/usr/bin/git config --local --name-only --get-regexp core\.sshCommand
2026-10-04T21:24:51.2332836Z [command]/usr/bin/git submodule foreach --recursive sh -c "git config --local --name-only --get-regexp 'core\.sshCommand' && git config --local --unset-all 'core.sshCommand' || :"
2026-10-04T21:24:51.2517423Z [command]/usr/bin/git config --local --name-only --get-regexp http\.https\:\/\/github\.com\/\.extraheader
2026-10-04T21:24:51.2536804Z http.https://github.com/.extraheader
2026-10-04T21:24:51.2545769Z [command]/usr/bin/git config --local --unset-all http.https://github.com/.extraheader
2026-10-04T21:24:51.2575221Z [command]/usr/bin/git submodule foreach --recursive sh -c "git config --local --name-only --get-regexp 'http\.https\:\/\/github\.com\/\.extraheader' && git config --local --unset-all 'http.https://github.com/.extraheader' || :"
2026-10-04T21:24:51.2771480Z [command]/usr/bin/git config --local --name-only --get-regexp ^includeIf\.gitdir:
2026-10-04T21:24:51.2808068Z [command]/usr/bin/git submodule foreach --recursive git config --local --show-origin --name-only --get-regexp remote.origin.url
2026-10-04T21:24:51.3116963Z Cleaning up orphan processes
2026-10-04T21:24:51.3370784Z ##[warning]Node.js 20 is deprecated. The following actions target Node.js 20 but are being forced to run on Node.js 24: actions/checkout@v4, actions/setup-node@v4, actions/upload-artifact@v4. For more information see: https://github.blog/changelog/2025-09-19-deprecation-of-node-20-on-github-actions-runners/

