2026-10-04T21:22:02.1270877Z Current runner version: '2.337.0'
2026-10-04T21:22:02.1298142Z ##[group]Runner Image Provisioner
2026-10-04T21:22:02.1299188Z Hosted Compute Agent
2026-10-04T21:22:02.1299816Z Version: 20260901.588
2026-10-04T21:22:02.1300490Z Commit: f88ec8081b781fac6c440065ac7ff9e710ce3d0b
2026-10-04T21:22:02.1301279Z Build Date: 2026-09-01T19:56:44Z
2026-10-04T21:22:02.1301960Z Worker ID: {4ded135f-b75b-4c4e-92f9-9464c83a7540}
2026-10-04T21:22:02.1302771Z Azure Region: westcentralus
2026-10-04T21:22:02.1303411Z ##[endgroup]
2026-10-04T21:22:02.1306360Z ##[group]Operating System
2026-10-04T21:22:02.1307058Z Ubuntu
2026-10-04T21:22:02.1307625Z 24.04.5
2026-10-04T21:22:02.1308630Z LTS
2026-10-04T21:22:02.1309150Z ##[endgroup]
2026-10-04T21:22:02.1309690Z ##[group]Runner Image
2026-10-04T21:22:02.1310360Z Image: ubuntu-24.04
2026-10-04T21:22:02.1310996Z Version: 20260927.320.1
2026-10-04T21:22:02.1313370Z Included Software: https://github.com/actions/runner-images/blob/ubuntu24/20260927.320/images/ubuntu/Ubuntu2404-Readme.md
2026-10-04T21:22:02.1316479Z Image Release: https://github.com/actions/runner-images/releases/tag/ubuntu24%2F20260927.320
2026-10-04T21:22:02.1318301Z ##[endgroup]
2026-10-04T21:22:02.1320257Z ##[group]GITHUB_TOKEN Permissions
2026-10-04T21:22:02.1323850Z Contents: read
2026-10-04T21:22:02.1324882Z Metadata: read
2026-10-04T21:22:02.1326232Z ##[endgroup]
2026-10-04T21:22:02.1329471Z Secret source: Actions
2026-10-04T21:22:02.1331301Z Cache mode: write
2026-10-04T21:22:02.1332785Z Prepare workflow directory
2026-10-04T21:22:02.1979464Z Prepare all required actions
2026-10-04T21:22:02.2054439Z Getting action download info
2026-10-04T21:22:02.5141698Z Download action repository 'actions/checkout@v4' (SHA:11d5960a326750d5838078e36cf38b85af677262)
2026-10-04T21:22:02.6179341Z Download action repository 'actions/setup-node@v4' (SHA:49933ea5288caeca8642d1e84afbd3f7d6820020)
2026-10-04T21:22:02.7460662Z Download action repository 'actions/upload-artifact@v4' (SHA:ea165f8d65b6e75b540449e92b4886f43607fa02)
2026-10-04T21:22:02.9550440Z Complete job name: adapters (webkit)
2026-10-04T21:22:03.0317991Z ##[group]Run actions/checkout@v4
2026-10-04T21:22:03.0318913Z with:
2026-10-04T21:22:03.0319353Z   fetch-depth: 0
2026-10-04T21:22:03.0319838Z   repository: nhiennhientran/hsk-hub
2026-10-04T21:22:03.0324123Z   token: ***
2026-10-04T21:22:03.0324636Z   ssh-strict: true
2026-10-04T21:22:03.0325078Z   ssh-user: git
2026-10-04T21:22:03.0325527Z   persist-credentials: true
2026-10-04T21:22:03.0326011Z   clean: true
2026-10-04T21:22:03.0326461Z   sparse-checkout-cone-mode: true
2026-10-04T21:22:03.0326986Z   fetch-tags: false
2026-10-04T21:22:03.0327456Z   show-progress: true
2026-10-04T21:22:03.0327911Z   lfs: false
2026-10-04T21:22:03.0328329Z   submodules: false
2026-10-04T21:22:03.0328782Z   set-safe-directory: true
2026-10-04T21:22:03.0329296Z   allow-unsafe-pr-checkout: false
2026-10-04T21:22:03.0330098Z env:
2026-10-04T21:22:03.0330537Z   HSK_ADAPTER_CI_BROWSER: webkit
2026-10-04T21:22:03.0331048Z ##[endgroup]
2026-10-04T21:22:03.1418187Z Syncing repository: nhiennhientran/hsk-hub
2026-10-04T21:22:03.1420954Z ##[group]Getting Git version info
2026-10-04T21:22:03.1422086Z Working directory is '/home/runner/work/hsk-hub/hsk-hub'
2026-10-04T21:22:03.1423946Z [command]/usr/bin/git version
2026-10-04T21:22:03.1510101Z git version 2.55.0
2026-10-04T21:22:03.1547175Z ##[endgroup]
2026-10-04T21:22:03.1563466Z Temporarily overriding HOME='/home/runner/work/_temp/87f3090d-424f-4586-bed2-92e0d2c25756' before making global git config changes
2026-10-04T21:22:03.1566667Z Adding repository directory to the temporary git global config as a safe directory
2026-10-04T21:22:03.1570954Z [command]/usr/bin/git config --global --add safe.directory /home/runner/work/hsk-hub/hsk-hub
2026-10-04T21:22:03.1642462Z Deleting the contents of '/home/runner/work/hsk-hub/hsk-hub'
2026-10-04T21:22:03.1651715Z ##[group]Initializing the repository
2026-10-04T21:22:03.1653250Z [command]/usr/bin/git init /home/runner/work/hsk-hub/hsk-hub
2026-10-04T21:22:03.1809290Z hint: Using 'master' as the name for the initial branch. This default branch name
2026-10-04T21:22:03.1811587Z hint: will change to "main" in Git 3.0. To configure the initial branch name
2026-10-04T21:22:03.1813436Z hint: to use in all of your new repositories, which will suppress this warning,
2026-10-04T21:22:03.1815220Z hint: call:
2026-10-04T21:22:03.1816827Z hint:
2026-10-04T21:22:03.1817979Z hint: 	git config --global init.defaultBranch <name>
2026-10-04T21:22:03.1820444Z hint:
2026-10-04T21:22:03.1821605Z hint: Names commonly chosen instead of 'master' are 'main', 'trunk' and
2026-10-04T21:22:03.1823367Z hint: 'development'. The just-created branch can be renamed via this command:
2026-10-04T21:22:03.1825090Z hint:
2026-10-04T21:22:03.1825882Z hint: 	git branch -m <name>
2026-10-04T21:22:03.1826794Z hint:
2026-10-04T21:22:03.1827947Z hint: Disable this message with "git config set advice.defaultBranchName false"
2026-10-04T21:22:03.1830839Z Initialized empty Git repository in /home/runner/work/hsk-hub/hsk-hub/.git/
2026-10-04T21:22:03.1834306Z [command]/usr/bin/git remote add origin https://github.com/nhiennhientran/hsk-hub
2026-10-04T21:22:03.1937518Z ##[endgroup]
2026-10-04T21:22:03.1939025Z ##[group]Disabling automatic garbage collection
2026-10-04T21:22:03.1944418Z [command]/usr/bin/git config --local gc.auto 0
2026-10-04T21:22:03.1996028Z ##[endgroup]
2026-10-04T21:22:03.1997529Z ##[group]Setting up auth
2026-10-04T21:22:03.2007314Z [command]/usr/bin/git config --local --name-only --get-regexp core\.sshCommand
2026-10-04T21:22:03.2060082Z [command]/usr/bin/git submodule foreach --recursive sh -c "git config --local --name-only --get-regexp 'core\.sshCommand' && git config --local --unset-all 'core.sshCommand' || :"
2026-10-04T21:22:03.2501414Z [command]/usr/bin/git config --local --name-only --get-regexp http\.https\:\/\/github\.com\/\.extraheader
2026-10-04T21:22:03.2541028Z [command]/usr/bin/git submodule foreach --recursive sh -c "git config --local --name-only --get-regexp 'http\.https\:\/\/github\.com\/\.extraheader' && git config --local --unset-all 'http.https://github.com/.extraheader' || :"
2026-10-04T21:22:03.2787257Z [command]/usr/bin/git config --local --name-only --get-regexp ^includeIf\.gitdir:
2026-10-04T21:22:03.2831996Z [command]/usr/bin/git submodule foreach --recursive git config --local --show-origin --name-only --get-regexp remote.origin.url
2026-10-04T21:22:03.3073271Z [command]/usr/bin/git config --local http.https://github.com/.extraheader AUTHORIZATION: basic ***
2026-10-04T21:22:03.3119287Z ##[endgroup]
2026-10-04T21:22:03.3120180Z ##[group]Fetching the repository
2026-10-04T21:22:03.3130911Z [command]/usr/bin/git -c protocol.version=2 fetch --prune --no-recurse-submodules origin +refs/heads/*:refs/remotes/origin/* +refs/tags/*:refs/tags/*
2026-10-04T21:22:20.3688848Z From https://github.com/nhiennhientran/hsk-hub
2026-10-04T21:22:20.3690043Z  * [new branch]      agent/fix-hsk12-audit-newhsk-false-positive -> origin/agent/fix-hsk12-audit-newhsk-false-positive
2026-10-04T21:22:20.3691203Z  * [new branch]      agent/hsk-hub-structural-audit -> origin/agent/hsk-hub-structural-audit
2026-10-04T21:22:20.3692533Z  * [new branch]      agent/hsk1-audio-architecture-cache-bust -> origin/agent/hsk1-audio-architecture-cache-bust
2026-10-04T21:22:20.3694413Z  * [new branch]      agent/hsk1-audio-architecture-cleanup -> origin/agent/hsk1-audio-architecture-cleanup
2026-10-04T21:22:20.3695938Z  * [new branch]      agent/hsk1-audio-code  -> origin/agent/hsk1-audio-code
2026-10-04T21:22:20.3697030Z  * [new branch]      agent/hsk1-audio-integrated -> origin/agent/hsk1-audio-integrated
2026-10-04T21:22:20.3697996Z  * [new branch]      agent/hsk1-audio-one   -> origin/agent/hsk1-audio-one
2026-10-04T21:22:20.3699004Z  * [new branch]      agent/hsk1-audio-ready -> origin/agent/hsk1-audio-ready
2026-10-04T21:22:20.3700022Z  * [new branch]      agent/hsk1-audio-stage -> origin/agent/hsk1-audio-stage
2026-10-04T21:22:20.3701020Z  * [new branch]      agent/hsk1-audio-step8 -> origin/agent/hsk1-audio-step8
2026-10-04T21:22:20.3702759Z  * [new branch]      agent/hsk1-official-audio-release -> origin/agent/hsk1-official-audio-release
2026-10-04T21:22:20.3704523Z  * [new branch]      agent/hsk1-official-audio-segments -> origin/agent/hsk1-official-audio-segments
2026-10-04T21:22:20.3706022Z  * [new branch]      agent/hsk1-official-audio-segments-step2 -> origin/agent/hsk1-official-audio-segments-step2
2026-10-04T21:22:20.3707872Z  * [new branch]      agent/hsk1-official-audio-segments-step2-backup -> origin/agent/hsk1-official-audio-segments-step2-backup
2026-10-04T21:22:20.3709770Z  * [new branch]      agent/hsk1-official-audio-segments-step2-commit -> origin/agent/hsk1-official-audio-segments-step2-commit
2026-10-04T21:22:20.3711608Z  * [new branch]      agent/hsk1-official-audio-segments-step2-data -> origin/agent/hsk1-official-audio-segments-step2-data
2026-10-04T21:22:20.3713523Z  * [new branch]      agent/hsk1-official-audio-segments-step2-final -> origin/agent/hsk1-official-audio-segments-step2-final
2026-10-04T21:22:20.3715523Z  * [new branch]      agent/hsk1-official-audio-segments-step2-save -> origin/agent/hsk1-official-audio-segments-step2-save
2026-10-04T21:22:20.3716899Z  * [new branch]      agent/hsk1-parity-official-vocab -> origin/agent/hsk1-parity-official-vocab
2026-10-04T21:22:20.3718006Z  * [new branch]      agent/hsk1-segment-audio -> origin/agent/hsk1-segment-audio
2026-10-04T21:22:20.3718894Z  * [new branch]      agent/hsk1-textbook-audio -> origin/agent/hsk1-textbook-audio
2026-10-04T21:22:20.3719922Z  * [new branch]      agent/hsk1-textbook-audio-check -> origin/agent/hsk1-textbook-audio-check
2026-10-04T21:22:20.3721149Z  * [new branch]      agent/hsk1-textbook-audio-final -> origin/agent/hsk1-textbook-audio-final
2026-10-04T21:22:20.3722307Z  * [new branch]      agent/hsk1-textbook-audio-v2 -> origin/agent/hsk1-textbook-audio-v2
2026-10-04T21:22:20.3723919Z  * [new branch]      backup/hsk1-pre-legacy-restoration-20261002 -> origin/backup/hsk1-pre-legacy-restoration-20261002
2026-10-04T21:22:20.3726029Z  * [new branch]      backup/hsk1-pre-mixed-cards-20261002 -> origin/backup/hsk1-pre-mixed-cards-20261002
2026-10-04T21:22:20.3727239Z  * [new branch]      backup/hsk1-pre-modular-step9-20261002 -> origin/backup/hsk1-pre-modular-step9-20261002
2026-10-04T21:22:20.3728167Z  * [new branch]      backup/hsk1-pre-simplification-20261002 -> origin/backup/hsk1-pre-simplification-20261002
2026-10-04T21:22:20.3729415Z  * [new branch]      backup/hsk23-pre-upgrade-20261002 -> origin/backup/hsk23-pre-upgrade-20261002
2026-10-04T21:22:20.3730689Z  * [new branch]      backup/pre-grammar-audit-20260815 -> origin/backup/pre-grammar-audit-20260815
2026-10-04T21:22:20.3731994Z  * [new branch]      feature/hsk123-unified-learning-20261003 -> origin/feature/hsk123-unified-learning-20261003
2026-10-04T21:22:20.3733250Z  * [new branch]      feature/hsk23-course-upgrade -> origin/feature/hsk23-course-upgrade
2026-10-04T21:22:20.3734594Z  * [new branch]      fix/236-grammar-audit-20260815 -> origin/fix/236-grammar-audit-20260815
2026-10-04T21:22:20.3735775Z  * [new branch]      fix/hsk4-lower-duplicate-auth -> origin/fix/hsk4-lower-duplicate-auth
2026-10-04T21:22:20.3737004Z  * [new branch]      fix/hsk4-smoke-auth-harness-20261003 -> origin/fix/hsk4-smoke-auth-harness-20261003
2026-10-04T21:22:20.3738083Z  * [new branch]      gh-pages               -> origin/gh-pages
2026-10-04T21:22:20.3738845Z  * [new branch]      main                   -> origin/main
2026-10-04T21:22:20.3739826Z  * [new branch]      preview/restore-legacy-experience -> origin/preview/restore-legacy-experience
2026-10-04T21:22:20.3741197Z  * [new branch]      review/hsk1-integration-step1-20261001 -> origin/review/hsk1-integration-step1-20261001
2026-10-04T21:22:20.3742629Z  * [new branch]      verify/hsk1-frozen-dist-20261002 -> origin/verify/hsk1-frozen-dist-20261002
2026-10-04T21:22:20.3744125Z  * [new branch]      verify/hsk1-modular-live-20261002 -> origin/verify/hsk1-modular-live-20261002
2026-10-04T21:22:20.3745435Z  * [new branch]      verify/hsk1-native-seek-20261001 -> origin/verify/hsk1-native-seek-20261001
2026-10-04T21:22:20.3746867Z  * [new branch]      verify/hsk1-release-20261001 -> origin/verify/hsk1-release-20261001
2026-10-04T21:22:20.3748045Z  * [new branch]      verify/hsk1-restoration-live-20261002 -> origin/verify/hsk1-restoration-live-20261002
2026-10-04T21:22:20.3749247Z  * [new branch]      verify/hsk23-live-20261002 -> origin/verify/hsk23-live-20261002
2026-10-04T21:22:20.3750344Z  * [new branch]      work/codex-hsk-resume-20261004 -> origin/work/codex-hsk-resume-20261004
2026-10-04T21:22:20.3751511Z  * [new branch]      work/codex-hsk-stage1-20261004 -> origin/work/codex-hsk-stage1-20261004
2026-10-04T21:22:20.3752773Z  * [new branch]      work/hsk-a5-source-checkpoint-20261004 -> origin/work/hsk-a5-source-checkpoint-20261004
2026-10-04T21:22:20.3754507Z  * [new branch]      work/hsk-a7-evidence-checkpoint-20261004 -> origin/work/hsk-a7-evidence-checkpoint-20261004
2026-10-04T21:22:20.3755977Z  * [new branch]      work/hsk-a9-engineering-freeze-20261004 -> origin/work/hsk-a9-engineering-freeze-20261004
2026-10-04T21:22:20.3757419Z  * [new branch]      work/hsk-a9-guarded-checkpoint-20261004 -> origin/work/hsk-a9-guarded-checkpoint-20261004
2026-10-04T21:22:20.3758816Z  * [new branch]      work/hsk-a9-inputs-checkpoint-20261004 -> origin/work/hsk-a9-inputs-checkpoint-20261004
2026-10-04T21:22:20.3760133Z  * [new branch]      work/hsk-audio-asr-pilot-20261004 -> origin/work/hsk-audio-asr-pilot-20261004
2026-10-04T21:22:20.3761454Z  * [new branch]      work/hsk-autonomous-execution-20261004 -> origin/work/hsk-autonomous-execution-20261004
2026-10-04T21:22:20.3762769Z  * [new branch]      work/hsk-autonomous-plan-20261004 -> origin/work/hsk-autonomous-plan-20261004
2026-10-04T21:22:20.3764192Z  * [new branch]      work/hsk-b10-adapter-ci-20261004 -> origin/work/hsk-b10-adapter-ci-20261004
2026-10-04T21:22:20.3765511Z  * [new branch]      work/hsk-b10-source-checkpoint-20261004 -> origin/work/hsk-b10-source-checkpoint-20261004
2026-10-04T21:22:20.3767128Z  * [new branch]      work/hsk-flow-package-ci-20261004 -> origin/work/hsk-flow-package-ci-20261004
2026-10-04T21:22:20.3768648Z  * [new branch]      work/hsk1-free-card-navigation-preview-20261002 -> origin/work/hsk1-free-card-navigation-preview-20261002
2026-10-04T21:22:20.3770176Z  * [new branch]      work/hsk1-integration-step2-20261001 -> origin/work/hsk1-integration-step2-20261001
2026-10-04T21:22:20.3771399Z  * [new branch]      work/hsk1-modular-step1-20261001 -> origin/work/hsk1-modular-step1-20261001
2026-10-04T21:22:20.3772240Z  * [new branch]      work/hsk1-modular-step2-20261001 -> origin/work/hsk1-modular-step2-20261001
2026-10-04T21:22:20.3772914Z  * [new branch]      work/hsk1-modular-step3-20261001 -> origin/work/hsk1-modular-step3-20261001
2026-10-04T21:22:20.3773880Z  * [new branch]      work/hsk1-modular-step4-20261001 -> origin/work/hsk1-modular-step4-20261001
2026-10-04T21:22:20.3775122Z  * [new branch]      work/hsk1-modular-step5-20261002 -> origin/work/hsk1-modular-step5-20261002
2026-10-04T21:22:20.3776183Z  * [new branch]      work/hsk1-modular-step6-20261002 -> origin/work/hsk1-modular-step6-20261002
2026-10-04T21:22:20.3776891Z  * [new branch]      work/hsk1-modular-step7-20261002 -> origin/work/hsk1-modular-step7-20261002
2026-10-04T21:22:20.3777565Z  * [new branch]      work/hsk1-modular-step8-20261002 -> origin/work/hsk1-modular-step8-20261002
2026-10-04T21:22:20.3778256Z  * [new branch]      work/hsk1-modular-step9-20261002 -> origin/work/hsk1-modular-step9-20261002
2026-10-04T21:22:20.3778920Z  * [new branch]      work/hsk1-stage1-20261001 -> origin/work/hsk1-stage1-20261001
2026-10-04T21:22:20.3779489Z  * [new branch]      work/hsk1-stage2-20261001 -> origin/work/hsk1-stage2-20261001
2026-10-04T21:22:20.3780068Z  * [new branch]      work/hsk1-stage3-20261001 -> origin/work/hsk1-stage3-20261001
2026-10-04T21:22:20.3780666Z  * [new branch]      work/hsk1-stage4-1-20261001 -> origin/work/hsk1-stage4-1-20261001
2026-10-04T21:22:20.3781366Z  * [new branch]      work/hsk1-stage4-1-runtime-20261001 -> origin/work/hsk1-stage4-1-runtime-20261001
2026-10-04T21:22:20.3783289Z [command]/usr/bin/git branch --list --remote origin/work/hsk-b10-adapter-ci-20261004
2026-10-04T21:22:20.3784500Z   origin/work/hsk-b10-adapter-ci-20261004
2026-10-04T21:22:20.3877098Z [command]/usr/bin/git rev-parse refs/remotes/origin/work/hsk-b10-adapter-ci-20261004
2026-10-04T21:22:20.3878360Z e0f811e47ca148ad257f19cb2867f56c71a427e4
2026-10-04T21:22:20.3879962Z ##[endgroup]
2026-10-04T21:22:20.3880801Z ##[group]Determining the checkout info
2026-10-04T21:22:20.3881727Z ##[endgroup]
2026-10-04T21:22:20.3882241Z [command]/usr/bin/git sparse-checkout disable
2026-10-04T21:22:20.5049539Z [command]/usr/bin/git config --local --unset-all extensions.worktreeConfig
2026-10-04T21:22:20.5488792Z ##[group]Checking out the ref
2026-10-04T21:22:20.5493414Z [command]/usr/bin/git checkout --progress --force -B work/hsk-b10-adapter-ci-20261004 refs/remotes/origin/work/hsk-b10-adapter-ci-20261004
2026-10-04T21:22:21.6060106Z Updating files:  55% (2317/4179)
2026-10-04T21:22:21.6812304Z Updating files:  56% (2341/4179)
2026-10-04T21:22:21.7179853Z Updating files:  57% (2383/4179)
2026-10-04T21:22:21.7198140Z Updating files:  58% (2424/4179)
2026-10-04T21:22:21.7217690Z Updating files:  59% (2466/4179)
2026-10-04T21:22:21.7245128Z Updating files:  60% (2508/4179)
2026-10-04T21:22:21.7268924Z Updating files:  61% (2550/4179)
2026-10-04T21:22:21.7296850Z Updating files:  62% (2591/4179)
2026-10-04T21:22:21.7320649Z Updating files:  63% (2633/4179)
2026-10-04T21:22:21.7343650Z Updating files:  64% (2675/4179)
2026-10-04T21:22:21.7367573Z Updating files:  65% (2717/4179)
2026-10-04T21:22:21.7389492Z Updating files:  66% (2759/4179)
2026-10-04T21:22:21.7433506Z Updating files:  67% (2800/4179)
2026-10-04T21:22:21.7458864Z Updating files:  68% (2842/4179)
2026-10-04T21:22:21.7489189Z Updating files:  69% (2884/4179)
2026-10-04T21:22:21.7542119Z Updating files:  70% (2926/4179)
2026-10-04T21:22:21.7691744Z Updating files:  71% (2968/4179)
2026-10-04T21:22:21.7738696Z Updating files:  72% (3009/4179)
2026-10-04T21:22:21.7773720Z Updating files:  73% (3051/4179)
2026-10-04T21:22:21.7865466Z Updating files:  74% (3093/4179)
2026-10-04T21:22:21.7938601Z Updating files:  75% (3135/4179)
2026-10-04T21:22:21.8017225Z Updating files:  76% (3177/4179)
2026-10-04T21:22:21.8116128Z Updating files:  77% (3218/4179)
2026-10-04T21:22:21.8151982Z Updating files:  78% (3260/4179)
2026-10-04T21:22:21.8182463Z Updating files:  79% (3302/4179)
2026-10-04T21:22:21.8214287Z Updating files:  80% (3344/4179)
2026-10-04T21:22:21.8251012Z Updating files:  81% (3385/4179)
2026-10-04T21:22:21.8283868Z Updating files:  82% (3427/4179)
2026-10-04T21:22:21.8321436Z Updating files:  83% (3469/4179)
2026-10-04T21:22:21.8352534Z Updating files:  84% (3511/4179)
2026-10-04T21:22:21.8377126Z Updating files:  85% (3553/4179)
2026-10-04T21:22:21.8396975Z Updating files:  86% (3594/4179)
2026-10-04T21:22:21.8416067Z Updating files:  87% (3636/4179)
2026-10-04T21:22:21.8437374Z Updating files:  88% (3678/4179)
2026-10-04T21:22:21.8460348Z Updating files:  89% (3720/4179)
2026-10-04T21:22:21.8484667Z Updating files:  90% (3762/4179)
2026-10-04T21:22:21.8511902Z Updating files:  91% (3803/4179)
2026-10-04T21:22:21.8539807Z Updating files:  92% (3845/4179)
2026-10-04T21:22:21.8722159Z Updating files:  93% (3887/4179)
2026-10-04T21:22:21.9214169Z Updating files:  94% (3929/4179)
2026-10-04T21:22:21.9602384Z Updating files:  95% (3971/4179)
2026-10-04T21:22:21.9839338Z Updating files:  96% (4012/4179)
2026-10-04T21:22:22.0078132Z Updating files:  97% (4054/4179)
2026-10-04T21:22:22.0104095Z Updating files:  98% (4096/4179)
2026-10-04T21:22:22.0131519Z Updating files:  99% (4138/4179)
2026-10-04T21:22:22.0132236Z Updating files: 100% (4179/4179)
2026-10-04T21:22:22.0133011Z Updating files: 100% (4179/4179), done.
2026-10-04T21:22:22.0192180Z Switched to a new branch 'work/hsk-b10-adapter-ci-20261004'
2026-10-04T21:22:22.0198878Z branch 'work/hsk-b10-adapter-ci-20261004' set up to track 'origin/work/hsk-b10-adapter-ci-20261004'.
2026-10-04T21:22:22.0267398Z ##[endgroup]
2026-10-04T21:22:22.0328816Z [command]/usr/bin/git log -1 --format=%H
2026-10-04T21:22:22.0361972Z e0f811e47ca148ad257f19cb2867f56c71a427e4
2026-10-04T21:22:22.0643189Z ##[group]Run actions/setup-node@v4
2026-10-04T21:22:22.0643498Z with:
2026-10-04T21:22:22.0644106Z   node-version: 24.19.0
2026-10-04T21:22:22.0644344Z   always-auth: false
2026-10-04T21:22:22.0644566Z   check-latest: false
2026-10-04T21:22:22.0647234Z   token: ***
2026-10-04T21:22:22.0647435Z env:
2026-10-04T21:22:22.0647633Z   HSK_ADAPTER_CI_BROWSER: webkit
2026-10-04T21:22:22.0647881Z ##[endgroup]
2026-10-04T21:22:22.2122328Z Attempting to download 24.19.0...
2026-10-04T21:22:22.2236175Z (node:2346) [DEP0040] DeprecationWarning: The `punycode` module is deprecated. Please use a userland alternative instead.
2026-10-04T21:22:22.2236994Z (Use `node --trace-deprecation ...` to show where the warning was created)
2026-10-04T21:22:23.0899357Z Acquiring 24.19.0 - x64 from https://github.com/actions/node-versions/releases/download/24.19.0-30872449280/node-24.19.0-linux-x64.tar.gz
2026-10-04T21:22:23.8426385Z Extracting ...
2026-10-04T21:22:23.8561310Z [command]/usr/bin/tar xz --strip 1 --warning=no-unknown-keyword --overwrite -C /home/runner/work/_temp/0340df19-5335-440b-ab5e-89fecac84d0c -f /home/runner/work/_temp/c9b882b4-8570-467e-a908-8d86cb16502b
2026-10-04T21:22:25.1209363Z Adding to the cache ...
2026-10-04T21:22:27.0995651Z ##[group]Environment details
2026-10-04T21:22:27.3449933Z node: v24.19.0
2026-10-04T21:22:27.3450421Z npm: 11.17.0
2026-10-04T21:22:27.3450765Z yarn: 1.22.22
2026-10-04T21:22:27.3451437Z ##[endgroup]
2026-10-04T21:22:27.3646125Z ##[group]Run node course-app/docs/resume-20261004/b10-adapter-ci/checkpoint-records.mjs before
2026-10-04T21:22:27.3646881Z [36;1mnode course-app/docs/resume-20261004/b10-adapter-ci/checkpoint-records.mjs before[0m
2026-10-04T21:22:27.3961339Z shell: /usr/bin/bash -e {0}
2026-10-04T21:22:27.3961684Z env:
2026-10-04T21:22:27.3961977Z   HSK_ADAPTER_CI_BROWSER: webkit
2026-10-04T21:22:27.3962295Z ##[endgroup]
2026-10-04T21:22:29.0547015Z ##[group]Run node course-app/docs/resume-20261004/b10-adapter-ci/run-command.mjs course-install . npm ci --prefix course-app
2026-10-04T21:22:29.0547985Z [36;1mnode course-app/docs/resume-20261004/b10-adapter-ci/run-command.mjs course-install . npm ci --prefix course-app[0m
2026-10-04T21:22:29.0548833Z [36;1mnode course-app/docs/resume-20261004/b10-adapter-ci/run-command.mjs hsk1-install . npm ci --prefix hsk1-app[0m
2026-10-04T21:22:29.0616399Z shell: /usr/bin/bash -e {0}
2026-10-04T21:22:29.0616695Z env:
2026-10-04T21:22:29.0616908Z   HSK_ADAPTER_CI_BROWSER: webkit
2026-10-04T21:22:29.0617175Z ##[endgroup]
2026-10-04T21:22:33.0967706Z 
2026-10-04T21:22:33.0980214Z added 25 packages, and audited 26 packages in 4s
2026-10-04T21:22:33.0980998Z 
2026-10-04T21:22:33.0981641Z 9 packages are looking for funding
2026-10-04T21:22:33.0982237Z   run `npm fund` for details
2026-10-04T21:22:33.0982591Z 
2026-10-04T21:22:33.0982807Z found 0 vulnerabilities
2026-10-04T21:22:34.3394267Z 
2026-10-04T21:22:34.3395441Z added 24 packages, and audited 25 packages in 1s
2026-10-04T21:22:34.3404289Z 
2026-10-04T21:22:34.3404785Z 9 packages are looking for funding
2026-10-04T21:22:34.3405333Z   run `npm fund` for details
2026-10-04T21:22:34.3405624Z 
2026-10-04T21:22:34.3405836Z found 0 vulnerabilities
2026-10-04T21:22:34.3657694Z ##[group]Run node course-app/docs/resume-20261004/b10-adapter-ci/run-command.mjs course-units . npm test --prefix course-app
2026-10-04T21:22:34.3658674Z [36;1mnode course-app/docs/resume-20261004/b10-adapter-ci/run-command.mjs course-units . npm test --prefix course-app[0m
2026-10-04T21:22:34.3659492Z [36;1mnode course-app/docs/resume-20261004/b10-adapter-ci/run-command.mjs hsk1-units . npm test --prefix hsk1-app[0m
2026-10-04T21:22:34.3660355Z [36;1mnode course-app/docs/resume-20261004/b10-adapter-ci/run-command.mjs course-source . npm run content:check --prefix course-app[0m
2026-10-04T21:22:34.3661434Z [36;1mnode course-app/docs/resume-20261004/b10-adapter-ci/run-command.mjs hsk1-source . npm run catalog:check --prefix hsk1-app[0m
2026-10-04T21:22:34.3662398Z [36;1mnode course-app/docs/resume-20261004/b10-adapter-ci/run-command.mjs hsk1-migration-fixtures . npm run fixtures:check --prefix hsk1-app[0m
2026-10-04T21:22:34.3663393Z [36;1mnode course-app/docs/resume-20261004/b10-adapter-ci/run-command.mjs course-types . npm run check --prefix course-app[0m
2026-10-04T21:22:34.3664759Z [36;1mnode course-app/docs/resume-20261004/b10-adapter-ci/run-command.mjs hsk1-types . npm run check --prefix hsk1-app[0m
2026-10-04T21:22:34.3665909Z [36;1mnode course-app/docs/resume-20261004/b10-adapter-ci/run-command.mjs native-fixture-types . course-app/node_modules/.bin/tsc -p course-app/docs/resume-20261004/b10-adapter-ci/tsconfig.json[0m
2026-10-04T21:22:34.3667284Z [36;1mnode course-app/docs/resume-20261004/b10-adapter-ci/run-command.mjs native-report-guards . node --test course-app/docs/resume-20261004/b10-adapter-ci/verify-native-results.test.mjs[0m
2026-10-04T21:22:34.3731411Z shell: /usr/bin/bash -e {0}
2026-10-04T21:22:34.3731680Z env:
2026-10-04T21:22:34.3731883Z   HSK_ADAPTER_CI_BROWSER: webkit
2026-10-04T21:22:34.3732145Z ##[endgroup]
2026-10-04T21:22:34.5096663Z 
2026-10-04T21:22:34.5097652Z > hsk-shared-course-app@1.0.0 test
2026-10-04T21:22:34.5098749Z > node --experimental-strip-types --test tests/*.test.mjs
2026-10-04T21:22:34.5099276Z 
2026-10-04T21:22:34.9336075Z ✔ existing pilot activities and a separately bound self-assessment matrix are structurally sound (10.165689ms)
2026-10-04T21:22:34.9356944Z ✔ matrix cannot drop, repeat, misorder dimensions or bind non-checkbox answers (11.824754ms)
2026-10-04T21:22:34.9365849Z ✔ editorial references never acquire automatic grading answers or unrelated picture IDs (4.068724ms)
2026-10-04T21:22:34.9392558Z ✔ source surveys retain text/select/checkbox matrix bindings and reject mismatched context columns (7.652014ms)
2026-10-04T21:22:34.9394856Z ✔ cross-page activities reject unrelated or inconsistent per-field source pages (4.573435ms)
2026-10-04T21:22:34.9396724Z ✔ every approved instructional illustration exists with its reviewed bytes and no external source (124.850078ms)
2026-10-04T21:22:34.9398483Z ✔ source survey headers bind editable names independently from all body responses (2.591401ms)
2026-10-04T21:22:34.9400175Z ✔ editable survey headers cannot hide, duplicate, omit, mismatch or auto-grade a name (22.182706ms)
2026-10-04T21:22:34.9401812Z ✔ field-level question provenance cannot point outside actual source questions (10.575611ms)
2026-10-04T21:22:34.9405581Z ✔ frequency matrix permits only an explicit bilingual blank corner and retains caption context (2.85596ms)
2026-10-04T21:22:34.9407692Z ✔ matrix corner rejects one-sided empty, missing language, non-string and whitespace-only headings (27.219522ms)
2026-10-04T21:22:34.9409641Z ✔ explicit optional fields are boolean ungraded text only and do not infer from prompt language (42.010985ms)
2026-10-04T21:22:34.9411601Z ✔ optional illustration label requires nonempty bilingual text and absent legacy label remains valid (31.497411ms)
2026-10-04T21:22:34.9785990Z ✔ HSK2 failed candidate never enters draft and later ordinary save cannot invent submission (18.455975ms)
2026-10-04T21:22:34.9788605Z ✔ HSK2 waiting candidate stays unsubmitted and confirmed reload preserves old record (1.270543ms)
2026-10-04T21:22:34.9790682Z ✔ HSK2 lock-wait edit invalidates candidate without losing newer draft (2.668406ms)
2026-10-04T21:22:34.9792467Z ✔ HSK2 composition and cancelled pending view never commit a marker (0.682786ms)
2026-10-04T21:22:34.9794665Z ✔ HSK3 failed candidate never enters draft and later ordinary save cannot invent submission (0.724174ms)
2026-10-04T21:22:34.9796731Z ✔ HSK3 waiting candidate stays unsubmitted and confirmed reload preserves old record (1.073522ms)
2026-10-04T21:22:34.9798540Z ✔ HSK3 lock-wait edit invalidates candidate without losing newer draft (1.273369ms)
2026-10-04T21:22:34.9800613Z ✔ HSK3 composition and cancelled pending view never commit a marker (0.521772ms)
2026-10-04T21:22:34.9802288Z ✔ stale values and unsafe unavailable lock fail closed without adopting submissions (0.79094ms)
2026-10-04T21:22:34.9804512Z ✔ prior fallback records remain separate immutable history with human-readable source context (17.513109ms)
2026-10-04T21:22:34.9806624Z ✔ active controls, another lesson and another edition never enter this lesson archive (3.696864ms)
2026-10-04T21:22:34.9808844Z ✔ nonempty old records survive actual storage save reload export restore without creating new activity submissions (5.217328ms)
2026-10-04T21:22:34.9810807Z ✔ one source page keeps the group citation without duplicate field notes (1.255534ms)
2026-10-04T21:22:34.9812696Z ✔ cross-page fields and differing group page always retain field-level citations (0.294214ms)
2026-10-04T21:22:34.9814944Z ✔ row citation combines only matching effective provenance and never changes source objects (0.464605ms)
2026-10-04T21:22:35.5202172Z ✔ assembly preserves1140 baseline files and rejects changed baseline/frozen bytes (633.487451ms)
2026-10-04T21:22:35.5365767Z ✔ HSK2 homework quota rejection leaves receipts out of the live draft and later ordinary saves (14.72136ms)
2026-10-04T21:22:35.5370082Z ✔ HSK2 homework waits without an adopted receipt and confirms exactly one immutable attempt (2.475092ms)
2026-10-04T21:22:35.5376924Z ✔ HSK2 homework cancelled lock wait cannot reappear in a later draft save (2.193312ms)
2026-10-04T21:22:35.5395876Z ✔ HSK2 homework newer answer during a lock wait wins without a submission (2.986094ms)
2026-10-04T21:22:35.5425400Z ✔ HSK2 individual listening quota rejection leaves receipts out of the live draft and later ordinary saves (3.646288ms)
2026-10-04T21:22:35.5435278Z ✔ HSK2 individual listening waits without an adopted receipt and confirms exactly one immutable attempt (3.474705ms)
2026-10-04T21:22:35.5450000Z ✔ HSK2 individual listening cancelled lock wait cannot reappear in a later draft save (3.409672ms)
2026-10-04T21:22:35.5468498Z ✔ HSK2 individual listening newer answer during a lock wait wins without a submission (2.936772ms)
2026-10-04T21:22:35.5470502Z ✔ HSK3 homework quota rejection leaves receipts out of the live draft and later ordinary saves (2.456537ms)
2026-10-04T21:22:35.5472440Z ✔ HSK3 homework waits without an adopted receipt and confirms exactly one immutable attempt (2.078646ms)
2026-10-04T21:22:35.5474489Z ✔ HSK3 homework cancelled lock wait cannot reappear in a later draft save (1.663574ms)
2026-10-04T21:22:35.5476111Z ✔ HSK3 homework newer answer during a lock wait wins without a submission (1.644988ms)
2026-10-04T21:22:35.5478042Z ✔ HSK3 individual listening quota rejection leaves receipts out of the live draft and later ordinary saves (2.435738ms)
2026-10-04T21:22:35.5480517Z ✔ HSK3 individual listening waits without an adopted receipt and confirms exactly one immutable attempt (2.768305ms)
2026-10-04T21:22:35.5525286Z ✔ HSK3 individual listening cancelled lock wait cannot reappear in a later draft save (3.033554ms)
2026-10-04T21:22:35.5534914Z ✔ HSK3 individual listening newer answer during a lock wait wins without a submission (1.43881ms)
2026-10-04T21:22:35.5545905Z ✔ individual listening rejects stale rounds, answers and already submitted questions (2.529304ms)
2026-10-04T21:22:35.5547888Z ✔ an unavailable write lock never adopts a homework receipt (1.506678ms)
2026-10-04T21:22:35.5549862Z ✔ frozen independent review authorizes exactly two source-frame sentences and retains low probability observations (11.735995ms)
2026-10-04T21:22:35.5551990Z ✔ subset source pinyin, actual lesson bytes, parent and ordinal match unchanged Chinese metadata (7.519775ms)
2026-10-04T21:22:35.5554065Z ✔ wrong ranges, missing gates, source substitutions and invented precision are rejected (15.428422ms)
2026-10-04T21:22:35.5555805Z ✔ joint overlay and authority tampering cannot create a new independent-review acceptance (16.305394ms)
2026-10-04T21:22:35.5557505Z ✔ legacy manifest bytes and all 61 words, 13 holds, 78 lines and 33 children remain unchanged (10.888811ms)
2026-10-04T21:22:35.5559736Z ✔ partial child keeps original ordinal 2 without a precise parent, sibling or color word; legacy children retain sequence (5.750302ms)
2026-10-04T21:22:35.5561584Z (node:2560) ExperimentalWarning: stripTypeScriptTypes is an experimental feature and might change at any time
2026-10-04T21:22:35.5563052Z (Use `node --trace-warnings ...` to show where the warning was created)
2026-10-04T21:22:35.5564986Z Reviewed sentence overlay rejected; previously reviewed segments and original tracks remain available.
2026-10-04T21:22:35.5566628Z Reviewed sentence overlay rejected; previously reviewed segments and original tracks remain available.
2026-10-04T21:22:35.5568511Z ✔ concurrent callers await the same delayed actual crypto gate before overlay-ready (30.042493ms)
2026-10-04T21:22:35.5570322Z ✔ concurrent rejection retains baseline and resolves only after rejection, with no phantom subset (9.070466ms)
2026-10-04T21:22:35.5572133Z ✔ invalid legacy input rejects every concurrent caller and cannot cache false readiness (6.023764ms)
2026-10-04T21:22:35.5573967Z ✔ optional new overlay chunk load failure preserves completed legacy registry (7.123599ms)
2026-10-04T21:22:35.5575521Z ✔ verified pilot clip ranges carry exact original identities and source text (8.309913ms)
2026-10-04T21:22:35.5578569Z ✔ unverified, foreign, out-of-track and source-hash substitutions are rejected (7.116025ms)
2026-10-04T21:22:35.5579950Z ✔ multi-sentence source fragments cannot be swapped or replaced (3.305607ms)
2026-10-04T21:22:35.5581388Z ✔ source text, pinyin, per-entry hash, scope and reviewed timing cannot be forged (9.769065ms)
2026-10-04T21:22:35.5583133Z ✔ word partitions and actual sentence coverage reject losses, orphans and relabeled whole paragraphs (6.82143ms)
2026-10-04T21:22:35.5585153Z ✔ no source authority or duplicate merged IDs can silently expose segments (1.434802ms)
2026-10-04T21:22:35.5587048Z ✔ pending bounds, inflated decoded duration, claimed certification and forged transcript are rejected (5.517212ms)
2026-10-04T21:22:35.5589325Z ✔ reviewed HSK2 lessons 2–3 retain exact 25 verified and seven pending words after runtime merge (11.37125ms)
2026-10-04T21:22:35.7838228Z ✔ grammar group metadata cannot omit duplicate reorder or replace baseline examples or lose bilingual sources (43.167766ms)
2026-10-04T21:22:35.7876731Z ✔ actual grouped grammar retains full baseline summary and interleaves every original bilingual pinyin example once (13.541419ms)
2026-10-04T21:22:35.7895810Z ✔ both supplemental picture-description labels retain full bilingual text after the source activity (25.232397ms)
2026-10-04T21:22:35.7925426Z ✔ cross-page grammar examples retain their own visible source beside the unchanged explanation page (7.367208ms)
2026-10-04T21:22:35.7945083Z ✔ source grammar explanations are additive, bilingual and tied to one real source grammar (30.229118ms)
2026-10-04T21:22:35.7955563Z ✔ unmapped supplemental picture paragraphs collapse without hiding textbook text tasks or safety notes (7.484408ms)
2026-10-04T21:22:35.8535820Z ✔ HSK3 glossary has all22 starred heads and23 stable word-sense records (47.454498ms)
2026-10-04T21:22:35.8544985Z ✔ HSK3 star patch does not alter any existing lesson values (138.596383ms)
2026-10-04T21:22:35.8666438Z ✔ all18 additional official-source registries and523 word anchors retain every complete old word and source (60.333609ms)
2026-10-04T21:22:35.9025559Z ✔ HSK3 L10 reviewed source fields keys and figures stay complete (13.639733ms)
2026-10-04T21:22:35.9049859Z ✔ HSK3 L11 reviewed source fields keys and figures stay complete (5.870291ms)
2026-10-04T21:22:35.9051579Z ✔ HSK3 L10 education source task retains optional read-aloud marker, source retelling and ungraded personal comparison (6.566006ms)
2026-10-04T21:22:35.9096470Z ✔ HSK3 L11 split listening answer pages and no invented culture/review survive integration (3.260646ms)
2026-10-04T21:22:35.9127173Z ✔ all25 independently reviewed Vietnamese corrections remain in their exact new-layer locations (65.980113ms)
2026-10-04T21:22:35.9148279Z ✔ source explanation groups preserve every original example once (10.111428ms)
2026-10-04T21:22:35.9150113Z ✔ HSK3 L12 reviewed source activities preserve field counts official keys and source-specific shapes (8.89357ms)
2026-10-04T21:22:35.9172133Z ✔ HSK3 L13 reviewed source activities preserve field counts official keys and source-specific shapes (2.510649ms)
2026-10-04T21:22:35.9174229Z ✔ HSK3 L12 and13 source and answer page continuations stay attached to individual fields (4.780957ms)
2026-10-04T21:22:35.9175931Z ✔ HSK3 L12 review binds eleven rows to twenty-two distinct checks across both source pages (3.507279ms)
2026-10-04T21:22:35.9177415Z ✔ HSK3 L13 first grammar source frames preserve 1+2+2 independent non-unique blanks (3.158975ms)
2026-10-04T21:22:35.9186422Z ✔ optional empty omitted and nonempty records preserve values and submission through real save reload export restore (7.728536ms)
2026-10-04T21:22:35.9188165Z ✔ L12 least-liked season and L13 prepared refreshments translations retain the source meanings (4.182605ms)
2026-10-04T21:22:35.9355699Z ✔ HSK3 L14 reviewed source counts and exact official keys remain complete (10.885748ms)
2026-10-04T21:22:35.9399148Z ✔ HSK3 L15 reviewed source counts and exact official keys remain complete (6.466649ms)
2026-10-04T21:22:35.9401047Z ✔ HSK3 L15 ambiguous Nanjing age choice cannot become a unique automatic answer (3.154697ms)
2026-10-04T21:22:35.9403104Z ✔ every L14 and15 manifest identity has a real renderer binding including all four L15 cities (9.414658ms)
2026-10-04T21:22:35.9405129Z ✔ HSK3 L14 repaired borrowing option and four blank story rows preserve source roles (3.893072ms)
2026-10-04T21:22:35.9406704Z ✔ HSK3 L15 source review keeps ten pairs and four full unsplit explanations (2.564971ms)
2026-10-04T21:22:36.0359478Z ✔ HSK3 L16 final-unit source counts keys blanks and figure bindings survive integration (9.185819ms)
2026-10-04T21:22:36.0377612Z ✔ HSK3 L17 final-unit source counts keys blanks and figure bindings survive integration (5.156114ms)
2026-10-04T21:22:36.0405081Z ✔ HSK3 L18 final-unit source counts keys blanks and figure bindings survive integration (3.955188ms)
2026-10-04T21:22:36.0435357Z ✔ L16 animal discussion retains three original required IDs and a separate optional fourth extension (2.721725ms)
2026-10-04T21:22:36.0437614Z ✔ L17 repaired reference agrees with preserved teacher wording and emotions panel has an explicit activity binding (2.30312ms)
2026-10-04T21:22:36.0465658Z ✔ L18 approximation tasks and 刚才/刚刚 exercises are editorial and preserve both real source groups (3.301202ms)
2026-10-04T21:22:36.0546944Z ✔ feedback note is a separate bilingual display-only copy with invalid shapes rejected (38.181301ms)
2026-10-04T21:22:36.0565523Z ✔ HSK3 L8 original source interaction inventory and immutable learning corpus (6.956658ms)
2026-10-04T21:22:36.0595046Z ✔ HSK3 L8 official word-bank order and cross-page citations (3.246679ms)
2026-10-04T21:22:36.0614871Z ✔ HSK3 L9 original source interaction inventory and immutable learning corpus (2.893427ms)
2026-10-04T21:22:36.0634806Z ✔ HSK3 L9 official word-bank order and cross-page citations (3.546122ms)
2026-10-04T21:22:36.0644835Z ✔ HSK3 L9 review is open self-tracking, not a correctness score (3.495887ms)
2026-10-04T21:22:36.0675125Z ✔ HSK3 L9 exact source corrections and L8 scene provenance remain in primary data (9.453682ms)
2026-10-04T21:22:36.2387242Z ✔ every printed POS/sense maps once with exact pages, audio and translation (14.914634ms)
2026-10-04T21:22:36.2430815Z ✔ same-spelling different meanings and POS remain separate canonical cards (2.781157ms)
2026-10-04T21:22:36.2497333Z ✔ the complete catalogue count is actual POS/sense records, not syllabus targets (11.136328ms)
2026-10-04T21:22:36.2506894Z ✔ release validation rejects pending review, stale translations and missing homograph evidence (14.607801ms)
2026-10-04T21:22:36.2533257Z ✔ wrong course, duplicate mapping, missing source and unreviewed merge fail closed (14.787145ms)
2026-10-04T21:22:36.2536400Z ✔ an explicitly reviewed repeated sense uses selected-lesson provenance, never an unselected audio group (0.569899ms)
2026-10-04T21:22:36.2538156Z ✔ reviewed HSK2 appendix binds every stable sense with source POS distinct from editorial labels (7.37869ms)
2026-10-04T21:22:36.3044911Z ✔ editable source-table names stay in headers and remain independent through save/remount/reset (27.725004ms)
2026-10-04T21:22:36.3076200Z ✔ cross-page review cites each identical row once while mixed provenance stays beside separate cells (11.877307ms)
2026-10-04T21:22:36.3865781Z ✔ shared proposal canonicalization removes exact review keys and preserves array order (2.293352ms)
2026-10-04T21:22:36.3972571Z ✔ inactive lesson, canonical lexicon and course-index are private clones with identical content (22.148722ms)
2026-10-04T21:22:36.4018309Z ✔ a trusted accepted batch patches only VI; source, IDs, ZH, pinyin, answer and order remain exact (84.513545ms)
2026-10-04T21:22:36.4382585Z ✔ canonical sense and summary pointers bind their real IDs, original source indices and full raw SHA (52.844947ms)
2026-10-04T21:22:36.5135463Z ✔ an accepted terminology-derived or editorial change keeps its distinct source branch (75.237988ms)
2026-10-04T21:22:36.5473379Z ✔ edited activity option translations cannot become ambiguous while index answers stay sealed (34.232807ms)
2026-10-04T21:22:36.5973093Z ✔ derived/editorial anchors cannot counterfeit an official quotation or evade their source conditions (50.436048ms)
2026-10-04T21:22:36.6241187Z ✔ editorial anchors cannot attach an alleged printed book page or Chinese book quotation (33.695981ms)
2026-10-04T21:22:36.6531831Z ✔ atomic guard rejects stale effective value (22.962168ms)
2026-10-04T21:22:36.6695950Z ✔ atomic guard rejects wrong engine (17.269361ms)
2026-10-04T21:22:36.6850084Z ✔ atomic guard rejects wrong course (16.130926ms)
2026-10-04T21:22:36.6965518Z ✔ atomic guard rejects wrong parent (14.626012ms)
2026-10-04T21:22:36.7261620Z ✔ atomic guard rejects wrong baseline SHA (27.945457ms)
2026-10-04T21:22:36.7465957Z ✔ atomic guard rejects foreign source file (20.523374ms)
2026-10-04T21:22:36.7629535Z ✔ atomic guard rejects foreign owner (18.551876ms)
2026-10-04T21:22:36.7885059Z ✔ atomic guard rejects wrong original pointer index (20.123734ms)
2026-10-04T21:22:36.8048328Z ✔ atomic guard rejects sealed answer (21.229215ms)
2026-10-04T21:22:36.8197330Z ✔ atomic guard rejects sealed ZH (16.09623ms)
2026-10-04T21:22:36.8535913Z ✔ atomic guard rejects sealed options/order (21.339996ms)
2026-10-04T21:22:36.8973323Z ✔ atomic guard rejects unsafe pointer (45.582645ms)
2026-10-04T21:22:36.9339705Z ✔ atomic guard rejects wrong lesson (35.779118ms)
2026-10-04T21:22:36.9693130Z ✔ atomic guard rejects wrong actual Chinese anchor (36.37723ms)
2026-10-04T21:22:37.0035104Z ✔ atomic guard rejects wrong book SHA (34.168156ms)
2026-10-04T21:22:37.0292158Z ✔ atomic guard rejects out of bounds official page (27.927181ms)
2026-10-04T21:22:37.0594609Z ✔ atomic guard rejects official text mismatch (30.026519ms)
2026-10-04T21:22:37.0839048Z ✔ atomic guard rejects unresolved not active (28.750374ms)
2026-10-04T21:22:37.1019462Z ✔ atomic guard rejects match not active (20.904652ms)
2026-10-04T21:22:37.1239641Z ✔ atomic guard rejects pending author (21.319397ms)
2026-10-04T21:22:37.1338373Z ✔ atomic guard rejects self-only independent acceptance (10.12046ms)
2026-10-04T21:22:37.1453087Z ✔ atomic guard rejects missing accepted change (11.463191ms)
2026-10-04T21:22:37.1629517Z ✔ atomic guard rejects foreign accepted consumer (16.74109ms)
2026-10-04T21:22:37.1835914Z ✔ atomic guard rejects missing declared consumer (17.964133ms)
2026-10-04T21:22:37.2006463Z ✔ atomic guard rejects unknown source evidence (19.908702ms)
2026-10-04T21:22:37.2185205Z ✔ atomic guard rejects pending owner cannot be accepted (17.79558ms)
2026-10-04T21:22:37.2362995Z ✔ atomic guard rejects duplicate target (16.343494ms)
2026-10-04T21:22:37.2670409Z ✔ registered manifest/review exact bytes and independent accepted proposal are all required (28.067474ms)
2026-10-04T21:22:37.2798670Z ✔ a known consumer cannot be declared accepted without its own accepted VI projection (18.606365ms)
2026-10-04T21:22:37.3042881Z ✔ changed raw whitespace is still a different pinned source; empty acceptance cannot activate (22.029969ms)
2026-10-04T21:22:37.3227031Z ✔ new graded copy changes contentRevision while actual old first/questions/answers/score remain frozen (23.463588ms)
2026-10-04T21:22:37.3229443Z ✔ saved listening question is never reprojected; missing legacy snapshot cannot fall back to current q (0.912492ms)
2026-10-04T21:22:37.3365414Z ✔ online verification binds full release identity and checks new/protected bytes (28.78009ms)
2026-10-04T21:22:37.3366978Z ✔ online verifier rejects a stale manifest and never accepts changed protected bytes (12.431797ms)
2026-10-04T21:22:37.3368043Z ✔ online verifier refuses another origin, pilot release and unscoped paths (15.820093ms)
2026-10-04T21:22:38.4282360Z ✔ all seven routeable entries resolve activity crops and shared textbook/audio against real packaged paths (326.997893ms)
2026-10-04T21:22:38.4291037Z ✔ unknown source images, PDF, changed accepted crops/audio/strokes and symlinks fail before freezing (451.57938ms)
2026-10-04T21:22:38.4298495Z ✔ source or frozen-input drift fails before output; dirty or prebuilt data cannot be labeled release (193.641317ms)
2026-10-04T21:22:38.4300768Z ✔ legacy all-sixteen-passed gates cannot label a package as ready for publication (38.709484ms)
2026-10-04T21:22:38.4303261Z ✔ release freeze matches every native-tested build input byte and path while publication stays pending (655.685052ms)
2026-10-04T21:22:38.4305906Z ✔ actual current crop registry uses lesson 4 current version and rejects path traversal/private sources (124.076069ms)
2026-10-04T21:22:38.4307955Z ✔ production assembly anchors the actual 1446-file 2da tree and explicitly separates developer-only files (20.130608ms)
2026-10-04T21:22:38.4309857Z ✔ entry, build configuration and retained source assets are included in the clean build snapshot (214.295116ms)
2026-10-04T21:22:38.4488391Z ✔ two locked course entries share identical frozen assets with nested relative media paths (2.104727ms)
2026-10-04T21:22:38.4490985Z ✔ portal updates only2/3 course cards and retains exact HSK1 and both HSK4 cards (3.107609ms)
2026-10-04T21:22:38.4493178Z ✔ package manifest binds every scoped output byte to the frozen source input without copying raw sources (183.619588ms)
2026-10-04T21:22:38.4495388Z ✔ missing audio, unknown raw PDF, symlinks and wrong identity fail before release creation (208.648086ms)
2026-10-04T21:22:38.4497363Z ✔ output and public-input allowlists reject legacy overwrites and source package paths (0.373851ms)
2026-10-04T21:22:38.4499420Z ✔ small frozen-code transfer restores all exact tested bytes from264 hash-bound originals without rebuilding (228.637002ms)
2026-10-04T21:22:38.4501589Z ✔ frozen transfer fails before output on changed audio, code, extra raw source or wrong source commit (507.324089ms)
2026-10-04T21:22:38.4503804Z ✔ question editorial note survives fallback rendering without leaking before submit (19.895937ms)
2026-10-04T21:22:38.4505613Z ✔ question editorial note survives mapped rendering without leaking before submit (8.998808ms)
2026-10-04T21:22:41.7548941Z ✔ a docs-only committed gate advances HEAD while the actual tested runtime remains accepted (408.346091ms)
2026-10-04T21:22:41.7553780Z ✔ clean committed runtime/tool/raw input drift fails even when both gate snapshot fields are forged to agree (528.439381ms)
2026-10-04T21:22:41.7557203Z ✔ actual tested commit existence, complete paths, modes and clean worktree are verified (383.699032ms)
2026-10-04T21:22:41.7567761Z ✔ stage identity and pre-publication status do not permit duplicate IDs or fabricated publication completion (143.498777ms)
2026-10-04T21:22:41.7569953Z ✔ official source bytes and every exact page identity/review must be present (530.354955ms)
2026-10-04T21:22:41.7573974Z ✔ 48 semantic lessons require exact identities and all actual scoped consumer IDs (434.310097ms)
2026-10-04T21:22:41.7577517Z ✔ cross-site scopes and final native certificates cannot be replaced by course counts or browser booleans (1007.915634ms)
2026-10-04T21:22:41.7579744Z ✔ native-tested build vectors reject unsafe, duplicate, empty and stale identities (523.999647ms)
2026-10-04T21:22:41.7584674Z ✔ asset metadata accepts its complete actual identity ledger independently of the 412 SVG desc count (153.168654ms)
2026-10-04T21:22:41.7732753Z ✔ reviewed-source guards reject a subject/negation substitution, relocated blank and wrong page (2.003709ms)
2026-10-04T21:22:41.7735012Z ✔ source menu accepts exact exclusive slots and rejects dropped duplicated foreign or malformed fields (40.876318ms)
2026-10-04T21:22:41.7737021Z ✔ actual menu renderer retains source quadrants bilingual fixed foods and every saved answer without early feedback (18.459774ms)
2026-10-04T21:22:41.7739281Z ✔ activity support gallery excludes field-bound pictures and places each original image once (4.900973ms)
2026-10-04T21:22:41.7741283Z ✔ production-store delayed submit cannot restore feedback after edit newer submit dispose or failed write (43.075704ms)
2026-10-04T21:22:41.7742762Z ✔ edition and level identities reject cross-course data (7.140413ms)
2026-10-04T21:22:41.7744338Z ✔ new stores do not read or mutate nonempty legacy and HSK1 records (3.121465ms)
2026-10-04T21:22:41.7745784Z ✔ first submission is immutable, latest updates without overwriting draft answer text (6.203475ms)
2026-10-04T21:22:41.7747023Z ✔ manual writing never receives automatic points (0.271629ms)
2026-10-04T21:22:41.7748042Z ✔ automatic choices and ordering grade exact IDs (0.499587ms)
2026-10-04T21:22:41.7749150Z ✔ save failure preserves draft and does not create success (0.643327ms)
2026-10-04T21:22:41.7750338Z ✔ competing tabs produce conflict instead of lost updates (2.059632ms)
2026-10-04T21:22:41.7751542Z ✔ backup preview, import and reset recovery are edition-isolated (3.260515ms)
2026-10-04T21:22:41.7752737Z ✔ stale import preview cannot replace later edits (0.635102ms)
2026-10-04T21:22:41.7754181Z ✔ corrupt original storage is protected and exportable (1.848807ms)
2026-10-04T21:22:41.7755524Z ✔ invalid imported scores, duplicate queues and legacy lesson numbers fail (0.363061ms)
2026-10-04T21:22:41.7757002Z ✔ routing normalizes invalid courses while retaining valid lesson 18 (0.642585ms)
2026-10-04T21:22:41.7758492Z ✔ historical question snapshots survive source edits and reorder without rescoring (10.30065ms)
2026-10-04T21:22:41.7760090Z ✔ legacy nonempty stores receive optional learning fields without overwriting submissions (0.28798ms)
2026-10-04T21:22:41.7761505Z ✔ routes preserve per-level lesson bounds and native HSK1 historical contracts (1.376651ms)
2026-10-04T21:22:41.7762718Z ✔ textbook activity and reading records reject foreign identities (0.604524ms)
2026-10-04T21:22:41.7764532Z ✔ independent listening round retains immutable per-question submissions and validates queue (0.77814ms)
2026-10-04T21:22:41.7766063Z ✔ backup snapshots validate their own historical answers without current-bank reinterpretation (1.28991ms)
2026-10-04T21:22:41.7766995Z ℹ tests 207
2026-10-04T21:22:41.7767329Z ℹ suites 0
2026-10-04T21:22:41.7767675Z ℹ pass 207
2026-10-04T21:22:41.7767999Z ℹ fail 0
2026-10-04T21:22:41.7768345Z ℹ cancelled 0
2026-10-04T21:22:41.7769171Z ℹ skipped 0
2026-10-04T21:22:41.7769574Z ℹ todo 0
2026-10-04T21:22:41.7770034Z ℹ duration_ms 7232.165045
2026-10-04T21:22:41.9216519Z 
2026-10-04T21:22:41.9217210Z > hsk1-modular-app@0.1.0 test
2026-10-04T21:22:41.9217934Z > node tools/run-checkpoint.mjs unit
2026-10-04T21:22:41.9218317Z 
2026-10-04T21:22:42.1486046Z ✔ next-round disclosures initialize once from saved rounds and keep content first (2.622186ms)
2026-10-04T21:22:42.1545308Z ✔ mixed cards use independent reversible native buttons and free group navigation (2.394709ms)
2026-10-04T21:22:42.1549731Z ✔ practice enters mixed cards directly while listening remains independently available from courses (0.582684ms)
2026-10-04T21:22:42.1552635Z ✔ Hanzi canvas precedes the complete bank and dialogue selectors are responsive alternatives (0.613853ms)
2026-10-04T21:22:42.1554727Z ✔ new GUI copy remains bilingual and long contiguous active scopes stay compact (1.446678ms)
2026-10-04T21:22:42.1772882Z ✔ assignment interface static copy has explicit Chinese and Vietnamese text (1.982845ms)
2026-10-04T21:22:42.1815797Z ✔ save presentation separates queued autosave from confirmed failure without changing storage (0.474551ms)
2026-10-04T21:22:42.1817861Z ✔ listening first/latest counts and session scope are separate bilingual facts (0.562427ms)
2026-10-04T21:22:42.1819521Z ✔ known controller and audio failures are translated semantically while unknown details survive (0.386175ms)
2026-10-04T21:22:42.1821131Z ✔ manual receipt copy states no automatic score and interpolated content remains literal (0.265299ms)
2026-10-04T21:22:42.2085493Z ✔ bounded audio waits for usable duration and then validates the complete requested range (9.449551ms)
2026-10-04T21:22:42.2086463Z ✔ bounded startup cannot unmute when usable duration disappears during its initial seek (0.554712ms)
2026-10-04T21:22:42.2087291Z ✔ initial unmute revalidates a silently refined duration at the settled seek (1.078186ms)
2026-10-04T21:22:42.2090348Z ✔ observed WebKit seeked rollback cannot unmute or certify the file head (1.125244ms)
2026-10-04T21:22:42.2095122Z ✔ a still-wrong clock is re-seeked silently rather than waiting for a 250ms update (0.465395ms)
2026-10-04T21:22:42.2130186Z ✔ a delayed recovery probe rewinds instead of silently dropping the first 250ms (0.352412ms)
2026-10-04T21:22:42.2152003Z ✔ stop and request replacement retire the pending position probe (0.647797ms)
2026-10-04T21:22:42.2205699Z ✔ a paused startup cannot be revived by its queued position probe (0.48444ms)
2026-10-04T21:22:42.2210887Z ✔ an out-of-range high clock stays silent and does not finish a never-started clip (1.040415ms)
2026-10-04T21:22:42.2245134Z ✔ a corrective seek exception is a retryable failure, never unmuted playback (0.815051ms)
2026-10-04T21:22:42.2274891Z ✔ persistent bad seek acknowledgments stop safely instead of a zero-delay spin (0.538601ms)
2026-10-04T21:22:42.2304968Z ✔ the first seeked clock directly 250ms too high also remains silent and rewinds (0.529515ms)
2026-10-04T21:22:42.2306882Z ✔ five playback rates retain a genuinely started pause/resume clock without rewinding (1.425468ms)
2026-10-04T21:22:42.2334875Z ✔ a retired probe cannot reposition the next track in the same playlist (0.693052ms)
2026-10-04T21:22:42.2364927Z ✔ corrective seek with no subsequent native events ends at the existing startup timeout (0.321304ms)
2026-10-04T21:22:42.2394823Z ✔ explicit start 0 without end preserves whole-original zero-duration recovery (0.283262ms)
2026-10-04T21:22:42.2404676Z ✔ start 0 with a finite end is still bounded and cannot bypass usable metadata (0.45791ms)
2026-10-04T21:22:42.2424946Z ✔ explicit start 0 whole original keeps an already advancing clock when positive duration arrives (0.343155ms)
2026-10-04T21:22:42.3935723Z ✔ a resolved play promise alone never claims actual playback; metadata sets the real range (5.96208ms)
2026-10-04T21:22:42.3965422Z ✔ generation cancellation ignores a late rejection and an old view abort cannot stop the new request (1.364754ms)
2026-10-04T21:22:42.3995698Z ✔ segment boundaries stop before the next recording; changing speed reschedules the actual media boundary (1.227877ms)
2026-10-04T21:22:42.4028902Z ✔ playlist advances once per range and stops on a real error instead of skipping or claiming success (1.97465ms)
2026-10-04T21:22:42.4068217Z ✔ a late play rejection from a preceding playlist item or paused play cannot poison its successor (1.004588ms)
2026-10-04T21:22:42.4117917Z ✔ pause during a delayed start remains paused; resume waits for playing and replay resets the range (1.195165ms)
2026-10-04T21:22:42.4157833Z ✔ an already started clock at HAVE_CURRENT_DATA can recover after waiting; zero/metadata readiness and seek jumps cannot (0.863792ms)
2026-10-04T21:22:42.4178840Z ✔ clock and readiness cannot invent a first playing event; genuinely stalled resumed media times out (0.678054ms)
2026-10-04T21:22:42.4180924Z ✔ loading an original track already at zero avoids a redundant initial seek (0.418807ms)
2026-10-04T21:22:42.4182634Z ✔ autoplay denial stays an error until an explicit retry really starts playback (2.364191ms)
2026-10-04T21:22:42.4184713Z ✔ a stalled media start and a silent synthesis start terminate with a retryable error (1.183733ms)
2026-10-04T21:22:42.4186133Z ✔ bad ranges are rejected and range beyond media duration never plays (0.774004ms)
2026-10-04T21:22:42.4187498Z ✔ metadata rejects a truncated segment and later duration corrections cannot silently shorten it (0.632528ms)
2026-10-04T21:22:42.4189073Z ✔ ended before a playing or speech start event reports error and never advances a playlist (0.718861ms)
2026-10-04T21:22:42.4190761Z ✔ speech waits for a Chinese voice and for a start event, with clear TTS source and selected replay speed (0.659489ms)
2026-10-04T21:22:42.4192635Z ✔ a device with only foreign voices reports unsupported, then can retry after Chinese voices arrive (0.560513ms)
2026-10-04T21:22:42.4194953Z ✔ switching media cancels speech, and a cancelled waiting voice request cannot start after leaving its view (0.713881ms)
2026-10-04T21:22:42.4197018Z ✔ disposal cancels pending work, clears timers and listeners, and isolates observers and snapshots (0.515548ms)
2026-10-04T21:22:42.4199087Z ✔ a view stopping synchronously on a loading notification cannot resurrect media or leave voice timers (0.35149ms)
2026-10-04T21:22:42.4200984Z ✔ a late native resume rejection after the intentional segment boundary cannot replace ended with error (0.69774ms)
2026-10-04T21:22:42.4202725Z ✔ a retired native play rejection at a sequence boundary cannot fail the next segment (0.531609ms)
2026-10-04T21:22:42.4204949Z ✔ native play plus real advancing ready clock confirms resume when WebKit omits another playing event (0.462529ms)
2026-10-04T21:22:42.4206880Z ✔ native play alone cannot invent a first playing event, a stalled resume or a seek jump (0.460445ms)
2026-10-04T21:22:42.4208787Z ✔ transient WebKit zero-duration metadata does not reject an original recording or claim playback early (0.369825ms)
2026-10-04T21:22:42.4210574Z ✔ zero-duration placeholder never bypasses a later real truncated-segment check (0.515478ms)
2026-10-04T21:22:42.4212381Z ✔ playing before positive metadata waits; positive duration then confirms the actual native start (0.51628ms)
2026-10-04T21:22:42.4214384Z ✔ canplay or permanent zero duration never substitutes for confirmed usable playback (0.518303ms)
2026-10-04T21:22:42.4216196Z ✔ empty/corrupt media ending at zero and metadata seek exceptions remain hard failures (0.785996ms)
2026-10-04T21:22:42.4218016Z ✔ persistent zero metadata on a whole recording requires two real native clock advances (1.517411ms)
2026-10-04T21:22:42.4219713Z ✔ zero-metadata clock recovery cannot certify bounded clips, paused clocks or seek jumps (0.857882ms)
2026-10-04T21:22:42.4221427Z ✔ WebKit silent positive duration on timeupdate confirms playback without restarting the original (0.279415ms)
2026-10-04T21:22:42.4223320Z ✔ silent positive duration still rejects truncated segments and does not certify a paused or seeking clock (0.581152ms)
2026-10-04T21:22:42.4229268Z ✔ bounded original clips stay silent through WebKit zero duration and until the initial seek settles (0.338065ms)
2026-10-04T21:22:42.4231046Z ✔ an original whole track is not accidentally left muted after a cancelled bounded clip (0.321163ms)
2026-10-04T21:22:42.4281498Z ✔ wrong and empty passwords cannot grant access or write any session key (18.773897ms)
2026-10-04T21:22:42.4295960Z ✔ a v2 session is reused by a new service instance without extra writes (1.249998ms)
2026-10-04T21:22:42.4319778Z ✔ every legacy alias and obsolete local key fails to bypass v2 authorization (0.695316ms)
2026-10-04T21:22:42.4345013Z ✔ a development hostname does not bypass the session gate (0.358603ms)
2026-10-04T21:22:42.4374890Z ✔ storage exceptions do not imply authorization and wrong passwords remain rejected (4.71066ms)
2026-10-04T21:22:42.4378285Z ✔ correct password writes the original v2 key and complete session aliases (1.89524ms)
2026-10-04T21:22:42.4381811Z ✔ correct password allows only this instance when storage is denied (1.095988ms)
2026-10-04T21:22:42.4383407Z ✔ correct password reports a failed persistence read without losing memory access (1.483887ms)
2026-10-04T21:22:42.4385116Z ✔ password verification fails closed when WebCrypto is unavailable (1.739247ms)
2026-10-04T21:22:42.4386551Z ✔ password verification fails closed when SubtleCrypto is unavailable (0.818819ms)
2026-10-04T21:22:42.4387956Z ✔ password verification fails closed when WebCrypto digest throws (0.70287ms)
2026-10-04T21:22:42.4389332Z ✔ password verification fails closed when WebCrypto digest rejects (0.584709ms)
2026-10-04T21:22:42.6606717Z ✔ student backup summary retains every count and empty-record warning without implementation jargon (19.861272ms)
2026-10-04T21:22:42.6675898Z ✔ backup explanations retain uncertainty and preserve-only semantics in Chinese and Vietnamese (0.897325ms)
2026-10-04T21:22:42.6918582Z ✔ vocabulary UI dictionaries pair explicit Chinese and Vietnamese without changing curriculum content (3.285562ms)
2026-10-04T21:22:42.6946598Z ✔ paired DOM helper preserves language semantics, safe text, and updates rather than duplicating labels (0.453652ms)
2026-10-04T21:22:44.4040180Z ✔ the frozen corpus is reproducible, has all required counts and no copied audio payload (56.981733ms)
2026-10-04T21:22:44.4112984Z ✔ HTML order includes every mandatory layer and rejects unknown or missing scripts (2.744125ms)
2026-10-04T21:22:44.4115041Z ✔ all final textbook corrections survive extraction, including speaker and timing repairs (0.417133ms)
2026-10-04T21:22:44.4116853Z ✔ sense mapping preserves polysemy and detects semantic or same-lesson mapping drift (8.711605ms)
2026-10-04T21:22:44.4118653Z ✔ media references reject missing originals, orphan clips and unsupported invented word audio (47.459435ms)
2026-10-04T21:22:44.4120293Z ✔ clip integrity requires actual bytes, expected SHA256 and strict base64 (0.858693ms)
2026-10-04T21:22:44.4121828Z ✔ record and artifact fingerprints bind IDs, sources and exported contents (62.503182ms)
2026-10-04T21:22:44.4123510Z ✔ static content extraction handles brackets inside strings and fails on unsupported input (2.811375ms)
2026-10-04T21:22:44.4125435Z ✔ check mode fails on stale or absent output and never repairs it implicitly (1.736893ms)
2026-10-04T21:22:44.4485819Z ✔ domain rules match pinned bodies except approved navigation, search and listening-size changes (5.80777ms)
2026-10-04T21:22:44.4515321Z ✔ real nonempty old records retain reading, first/latest, submitted translations, redo drafts and recovery raw (60.142177ms)
2026-10-04T21:22:44.4544942Z ✔ shared records of other HSK levels stay byte-for-byte in raw and never become HSK1 progress (42.419579ms)
2026-10-04T21:22:44.4551508Z ✔ stage2 takes precedence; corrupt main does not silently activate stage1, learning or recovery (75.891896ms)
2026-10-04T21:22:44.4595362Z ✔ stage1 app missing or explicit migrates only lesson3 and avoids a new nested archive copy (25.194269ms)
2026-10-04T21:22:44.4615270Z ✔ legacy compatibility verifies actual original identities rather than trusting same-ID flags (31.175665ms)
2026-10-04T21:22:44.4617116Z ✔ a full old L3 group with one changed identity keeps only verified partial drafts and no grade (24.590173ms)
2026-10-04T21:22:44.4645680Z ✔ listening and vocabulary state restore real sessions, unsubmitted choices, rating queues and distinct senses (17.162901ms)
2026-10-04T21:22:44.4675243Z ✔ new backup import refuses changed grades, boolean results and manual scores instead of trusting them (167.981067ms)
2026-10-04T21:22:44.4704933Z ✔ valid old backups recompute modified grades and report the policy explicitly (36.010327ms)
2026-10-04T21:22:44.4707458Z ✔ wrong app/schema, unknown IDs, altered fingerprints, incomplete answers and invalid timestamps are rejected (85.927671ms)
2026-10-04T21:22:44.4735121Z ✔ importing one legacy domain preserves every unrelated domain and original source string (103.181431ms)
2026-10-04T21:22:44.4765189Z ✔ repeated new-format validation and migration round trips add no archive layers or identity changes (87.974984ms)
2026-10-04T21:22:44.4795385Z ✔ access gates are excluded from migration and forbidden in new learning backups (41.710976ms)
2026-10-04T21:22:44.4825032Z ✔ malformed reading or previous sources produce visible warnings while retaining source bytes (26.266723ms)
2026-10-04T21:22:44.4827074Z ✔ clock rollback does not redefine semantic first/latest or reject an otherwise valid old record (35.364902ms)
2026-10-04T21:22:44.4859007Z ✔ old self-ratings map to active cards only with an exact unique Hanzi, pinyin and meaning identity (55.6655ms)
2026-10-04T21:22:44.4889852Z ✔ known old again rating becomes a validated active again schedule without fabricating test scores (16.474438ms)
2026-10-04T21:22:44.4915309Z ✔ pilot source discovery and uploaded backup retain exact bytes and expose unsupported answers without invented grades (6.876097ms)
2026-10-04T21:22:44.4945325Z ✔ on-device discovery adds missing old lessons while preserving every existing current answer, draft and active queue (40.753798ms)
2026-10-04T21:22:44.4947837Z ✔ full original answer corpus maps 299 original-domain submissions and excludes the corrected task without scoring rewritten homework (53.628985ms)
2026-10-04T21:22:44.4975469Z ✔ score-only original history stays in raw and is counted unsupported, never converted into a submission (7.397456ms)
2026-10-04T21:22:44.5006558Z ✔ data safety copy covers every state, summary metric and reset module in both languages (6.864165ms)
2026-10-04T21:22:44.5035126Z ✔ dynamic copy retains exact source counts, reset scope and comparison evidence (0.422413ms)
2026-10-04T21:22:44.5065133Z ✔ controlled diagnostics are paired without translating or discarding unfamiliar raw detail (0.500099ms)
2026-10-04T21:22:44.5067192Z ✔ compatibility warnings become bilingual while exact source bytes and source count evidence survive (34.407476ms)
2026-10-04T21:22:44.5095333Z ✔ reset title and validation errors preserve Vietnamese contracts and add Chinese scope (15.396162ms)
2026-10-04T21:22:44.5125158Z ✔ a retired URL cannot enumerate an untouched bank, even with a remembered position (4.102718ms)
2026-10-04T21:22:44.5155136Z ✔ projection is restricted to the exact set, lesson and group and preserves entry/authority identity (1.61835ms)
2026-10-04T21:22:44.5177372Z ✔ explicit zero, empty token and empty writing drafts remain drafts without synthetic scores or dates (1.222457ms)
2026-10-04T21:22:44.5185084Z ✔ first/latest/all submissions preserve saved order, timestamps, grades, fingerprints and retry drafts (1.115235ms)
2026-10-04T21:22:44.5215300Z ✔ archiving never grades against an answer key or changes a stored result (0.678835ms)
2026-10-04T21:22:44.5245312Z ✔ manual saved text, empty lines and Unicode remain exact and never acquire an automatic grade (0.667104ms)
2026-10-04T21:22:44.5247332Z ✔ shared authority data appears only under an entry in the selected scope (0.588565ms)
2026-10-04T21:22:44.5275658Z ✔ original homework receipts are separate from review attempts and never expose untouched aliases (3.282416ms)
2026-10-04T21:22:44.5305154Z ✔ capped original homework histories keep first and latest separate without fabricating lost attempts (8.876555ms)
2026-10-04T21:22:44.5335080Z ✔ a confirmed reset empties the projected scope while preserving the source and other lessons (1.0544ms)
2026-10-04T21:22:44.5345744Z ✔ archive view has no write, retry, grading, audio, or draft-exit owner and leaves maintenance module intact (1.327193ms)
2026-10-04T21:22:44.5373345Z ✔ all exercise interface labels have explicit Chinese and Vietnamese copies (3.150559ms)
2026-10-04T21:22:44.5395400Z ✔ dynamic labels preserve all counts, source references and typed profile text without translating curriculum (0.937991ms)
2026-10-04T21:22:44.5435333Z ✔ pending-save copy never claims a failed write and known failure guidance remains specific (0.379413ms)
2026-10-04T21:22:44.5465260Z ✔ submissions retain first/latest order across clock rollback, reject double submit, schedule from answers (3.301903ms)
2026-10-04T21:22:44.5485401Z ✔ manual tasks never gain grades, invisible-only strings are incomplete, mistakes/due exclude them (1.267992ms)
2026-10-04T21:22:44.5495085Z ✔ wrong/due questions preserve shared authorities, lesson scope and current homework first scores (1.179035ms)
2026-10-04T21:22:44.5525028Z ✔ drafts, token domains, retry flags, positions, reset and unsupported data are validated (1.498194ms)
2026-10-04T21:22:44.5544660Z ✔ v2 migration uses pinned identity witness, recomputes first/attempt, never score-only history (24.788776ms)
2026-10-04T21:22:44.5585604Z ✔ current-homework review uses attempt sequence instead of wall clock and old records remain readable (1.290424ms)
2026-10-04T21:22:44.5615228Z ✔ v2 restarted groups keep every previously submitted question open even when new drafts are empty or partial (2.167253ms)
2026-10-04T21:22:44.5617326Z ✔ all committed fixtures reproduce byte-for-byte with fixed timestamps and no private or media payload (3.349762ms)
2026-10-04T21:22:44.5645238Z ✔ reading, shared and navigation fixtures preserve distinct raw strings and non-HSK1 rows (0.412975ms)
2026-10-04T21:22:44.5675213Z ✔ learning_v2 contains real old objective and translation submissions but no invented complete current group (10.895157ms)
2026-10-04T21:22:44.5680203Z ✔ stage1 missing and explicit app fixtures migrate L3 and separate submitted translation A from redo B (10.215087ms)
2026-10-04T21:22:44.5715373Z ✔ stage2 fixtures are valid nonempty states with both histories, long raw text, distinct drafts and recovery (7.517202ms)
2026-10-04T21:22:44.5717694Z ✔ stage3 fixtures retain first/latest, unsubmitted listening selection/count, three schedules and partial review (12.435872ms)
2026-10-04T21:22:44.5720038Z ✔ nonempty fixtures support meaningful bad identity, fingerprint and answer mutations without rewriting source (13.805935ms)
2026-10-04T21:22:53.5656886Z ✔ view reads and rejected actions do not create or dirty empty lesson groups (62.961723ms)
2026-10-04T21:22:53.5725397Z ✔ all 75 choice questions accept only the calibrated option among four choices (749.961234ms)
2026-10-04T21:22:53.5785406Z ✔ all 95 frozen accepted sorting variants score correctly and each of 75 wrong orders is rejected (1.657323ms)
2026-10-04T21:22:53.5815481Z ✔ 15 complete lessons retain first zero scores, latest full scores and 75 ungraded manual submissions (7603.054765ms)
2026-10-04T21:22:53.5817634Z ✔ manual original text and new draft stay separate through redo, save and backup import (86.429257ms)
2026-10-04T21:22:53.5845427Z ✔ blank invisible translations fail completion, long limits do not truncate drafts and profile remains bounded (50.791889ms)
2026-10-04T21:22:53.5875251Z ✔ sorting orders survive remount, duplicates and partial drafts cannot submit, submitted order remains immutable (53.476407ms)
2026-10-04T21:22:53.5905081Z ✔ retained history stays bounded while first attempt and unrelated learning domains remain intact (515.984808ms)
2026-10-04T21:22:53.5907515Z ✔ view limits and navigation availability reuse the canonical homework rules (29.703183ms)
2026-10-04T21:22:53.5934250Z ✔ collecting untouched empty translations is a no-op while deleting entered text remains a dirty edit (49.059207ms)
2026-10-04T21:22:53.6245750Z ✔ unreleased v1 candidate identity is rejected without silently regrading earlier submitted answers (15.39478ms)
2026-10-04T21:22:53.6265477Z ✔ a stale unreleased candidate primary remains byte-exact exportable and cannot be overwritten by save (5.893863ms)
2026-10-04T21:22:53.6295350Z ✔ all 225 pre-v1 legacy homework submissions remain accepted with their original fingerprints and scores (50.838682ms)
2026-10-04T21:22:54.1903083Z ✔ homework v1 has exactly 15 × 30 questions with the approved five-part ratios (3.032436ms)
2026-10-04T21:22:54.1945079Z ✔ all identities are version-scoped, globally unique, and have canonical content fingerprints (22.798992ms)
2026-10-04T21:22:54.1978389Z ✔ all 300 MC questions have four different options and exactly one keyed correct option (4.10993ms)
2026-10-04T21:22:54.2022889Z ✔ manual translation content is prompt-only and cannot leak answers or automatic scoring fields (1.805572ms)
2026-10-04T21:22:54.2025022Z ✔ the authoritative mapping exhaustively resolves every question to immutable authority and entry content (32.431945ms)
2026-10-04T21:22:54.2026797Z ✔ lesson metadata and source labels preserve known origins without inventing legacy textbook pages (4.823802ms)
2026-10-04T21:22:54.2028506Z ✔ all listening audio intervals, transcripts and pinyin are preserved, including the corrected lesson-10 clip (6.357142ms)
2026-10-04T21:22:54.2030257Z ✔ lesson-3 authored scenarios have distinct propositions and individual Chinese/Vietnamese distractor checks (5.733568ms)
2026-10-04T21:22:54.2032382Z ✔ 450-item inventory and exhaustive evidence track revisions and only three explicit reinforcement exceptions (1470.415038ms)
2026-10-04T21:22:54.2034904Z ✔ all 191 reviewed overlays have resolved current-or-earlier scope and exact public content change records (20.684056ms)
2026-10-04T21:22:54.2036754Z ✔ new sorting expressions are exact permutations of their own tokens, including all accepted variants (2.486ms)
2026-10-04T21:22:54.2038615Z ✔ duplicate/leak regression checks catch reordered MC options, completed clozes and wrong-option/manual exposure (4357.35609ms)
2026-10-04T21:22:54.2040402Z ✔ mapping accounts for every unselected comprehensive and pilot entry and standalone authority (5.533915ms)
2026-10-04T21:22:54.2042138Z ✔ comprehensive shared-reference resolver preserves overrides, option order and correct-answer identity (2.790897ms)
2026-10-04T21:22:54.2074041Z ✔ all three source banks remain byte-identical and generated artifacts are reproducible (1785.195145ms)
2026-10-04T21:22:54.2075808Z ✔ check mode rejects drift without repairing it and generation refuses changed source bytes (1838.676973ms)
2026-10-04T21:22:54.2475944Z ✔ all 450 distinct questions submit with 375 automatic results and 75 genuinely ungraded writing answers (40.112463ms)
2026-10-04T21:22:54.2503938Z ✔ read, invalid answers, locked groups and incomplete submissions never dirty or create groups (16.121104ms)
2026-10-04T21:22:54.2528612Z ✔ zero-score completed section unlocks next; restart retains immutable first/latest/history and does not relock (67.675782ms)
2026-10-04T21:22:54.2530797Z ✔ new homework saves reloads exports imports and resets without relabeling any old submission (66.906447ms)
2026-10-04T21:22:54.2532841Z ✔ old modular backup extends with an empty new version and unchanged legacy route/history (3.051924ms)
2026-10-04T21:22:54.2540081Z ✔ legacy source imports supplement only old domains and cannot overwrite versioned progress (10.847547ms)
2026-10-04T21:22:54.2542069Z ✔ new-state tampering and cross-version answers are rejected rather than accepted as grades (9.998102ms)
2026-10-04T21:22:54.2544206Z ✔ twenty retained attempts preserve the real first attempt after the history window moves (2.618539ms)
2026-10-04T21:22:54.2546529Z ✔ manual IME-sized drafts preserve exact text and rejected overflow never truncates accepted text (7.490792ms)
2026-10-04T21:22:54.2548542Z ✔ new and legacy route identity and totals remain separate; original audio is used unchanged (11.167158ms)
2026-10-04T21:22:54.2550663Z ✔ the single exit guard collects a DOM-only tail before checking dirty state and coalesces repeated exit attempts (17.533718ms)
2026-10-04T21:22:54.2552874Z ✔ an invalid DOM-only draft warns even when the store is clean without inventing a persisted draft (0.539403ms)
2026-10-04T21:22:54.2555254Z ✔ only the current exit collector runs; stale unsubscribe and disposal cannot revive or clear another registration (0.336583ms)
2026-10-04T21:22:54.2557404Z ✔ an exit collector failure cannot silently permit abandoning visible input (0.535516ms)
2026-10-04T21:22:54.2559240Z ✔ beforeunload protects an unsaved draft while its normal locked flush is pending, and saved state does not prompt (18.015613ms)
2026-10-04T21:22:54.2561041Z ✔ failed saves keep exit protection active and an explicit discard reload clears it (8.544191ms)
2026-10-04T21:22:54.2562528Z ✔ opening or flushing a clean app does not create a learning record (0.46833ms)
2026-10-04T21:22:54.2564368Z ✔ rapid edits keep the latest multiline Chinese in memory and debounce to one confirmed write (6.016663ms)
2026-10-04T21:22:54.2566194Z ✔ concurrent flush callers share a pending write and edits while waiting for the lock enter that write (5.138783ms)
2026-10-04T21:22:54.2567972Z ✔ an edit published immediately after a commit receives a second write without losing the newer draft (6.896645ms)
2026-10-04T21:22:54.2569856Z ✔ quota failure stops automatic retries, preserves exportable memory work, and allows explicit retry (5.550727ms)
2026-10-04T21:22:54.2571727Z ✔ dispose cancels its debounce timer and waits for the final lock before closing the shared store (4.401208ms)
2026-10-04T21:22:54.2573471Z ✔ external conflict preserves memory and final flushing never overwrites another tab (5.884174ms)
2026-10-04T21:22:54.2575664Z ✔ leaving a data view cancels its queued import or restore while the application session remains writable (17.200271ms)
2026-10-04T21:22:54.2577591Z ✔ exactly300 original and30pilot entry paths resolve,12current original refs plus3pilot shared cores (3.908282ms)
2026-10-04T21:22:54.2579941Z ✔ all300original prompts,contexts,choice domains,token domains and correct targets match source except documented transcript correction (38.225318ms)
2026-10-04T21:22:54.2582065Z ✔ pilot contexts/domains remain exact while5writing tasks contain prompt/source only (30.106644ms)
2026-10-04T21:22:54.2584117Z ✔ every authored fingerprint is content-exact and every original audio range fits the existing track (9.887284ms)
2026-10-04T21:22:54.2586145Z ✔ manual answer leakage,missingpassage,aliasdomains andduplicatedentries are rejected (62.750179ms)
2026-10-04T21:22:54.2587947Z ✔ loading gates module fieldsets until ready and preserves individual button rules (14.563649ms)
2026-10-04T21:22:54.2589505Z ✔ a new route synchronously aborts and unmounts the old module (1.553168ms)
2026-10-04T21:22:54.2590897Z ✔ a late importer cannot mount or replace the current surface (3.224328ms)
2026-10-04T21:22:54.2592312Z ✔ a late ready and old surface writes cannot affect the new module (1.758644ms)
2026-10-04T21:22:54.2594034Z ✔ late rejected import and ready promises stay observed after cancellation (2.313346ms)
2026-10-04T21:22:54.2595417Z ✔ import and ready failures clean up and retry the latest route (1.041837ms)
2026-10-04T21:22:54.2605096Z ✔ a throwing unmount blocks the next mount and remains available for retry (0.743377ms)
2026-10-04T21:22:54.2606657Z ✔ navigation during a throwing unmount cannot hide the cleanup failure (0.74513ms)
2026-10-04T21:22:54.2608165Z ✔ navigation during error cleanup also preserves a throwing unmount (1.536577ms)
2026-10-04T21:22:54.2609627Z ✔ dispose aborts pending work, unmounts once, and stays idempotent (4.494092ms)
2026-10-04T21:22:54.2610913Z ✔ dispose during import prevents a late mount (1.327824ms)
2026-10-04T21:22:54.2612726Z ✔ dispose inside a throwing unmount still reports the cleanup failure (0.671702ms)
2026-10-04T21:22:54.2614759Z ✔ ready in-place route updates keep their view, skip remount focus, and retry the latest route (0.675399ms)
2026-10-04T21:22:54.2616406Z ✔ in-place updates are never attempted on loading or disposed views (3.352918ms)
2026-10-04T21:22:54.2618196Z ✔ listening content preserves the sole catalog, exactly 75 unique original questions and 15 × 5 quotas (73.924151ms)
2026-10-04T21:22:54.2620136Z ✔ all 75 audio requests use exact declared original tracks and ranges, never clip duration or base64 media packs (32.511455ms)
2026-10-04T21:22:54.2622728Z ✔ missing, duplicated or misplaced questions and malformed choices, feedback or transcript fail the whole load (117.38865ms)
2026-10-04T21:22:54.2625086Z ✔ lesson and source provenance rejects duplicate lessons, page offset drift, absent sections and mixed baselines (54.846319ms)
2026-10-04T21:22:54.2627081Z ✔ missing, duplicate, orphan or different media identities cannot silently choose substitute audio (57.696077ms)
2026-10-04T21:22:54.2628940Z ✔ range validation rejects negative, equal, nonfinite and beyond-track boundaries without clamping (35.53807ms)
2026-10-04T21:22:54.2630769Z ✔ actual SHA256 verification detects valid-shaped question, clip and original metadata drift (182.183536ms)
2026-10-04T21:22:54.2632592Z ✔ loaded content is deeply readonly, isolates caller mutations and never alters inputs (63.368661ms)
2026-10-04T21:22:54.2634722Z ✔ loader fetches only the two established content files with the view signal and reports HTTP failure (19.680781ms)
2026-10-04T21:22:54.2636644Z ✔ pre-aborted, late JSON and in-flight fingerprint work never return content for a departed module (16.32978ms)
2026-10-04T21:23:02.5170018Z ✔ construction, empty reads and rejected actions do not create a round or schedule writes (13.316478ms)
2026-10-04T21:23:02.5174977Z ✔ first route initializes its lesson once; mixed or empty explicit selections survive visits and remounts (34.061055ms)
2026-10-04T21:23:02.5204057Z ✔ only supported preferences change, five speeds remain exact and normalized same values do not resave (17.101691ms)
2026-10-04T21:23:02.5206186Z ✔ all 75 canonical questions grade each of four original options correctly without trusting display order (489.229786ms)
2026-10-04T21:23:02.5208224Z ✔ all 75 wrong-first then correct-redo answers retain first/latest separately and leave other domains intact (12843.322085ms)
2026-10-04T21:23:02.5210196Z ✔ selection, queue, shuffled option orders and exact engine fingerprints resume after actual save and refresh (205.333547ms)
2026-10-04T21:23:02.5212255Z ✔ submission gates feedback and forward navigation; invalid answers and repeated submissions leave saved draft unchanged (34.10875ms)
2026-10-04T21:23:02.5214567Z ✔ successful playback tokens count once, repeated and slow listens do not change score, stale callbacks never write (44.735142ms)
2026-10-04T21:23:02.5216550Z ✔ wrong-only filter uses latest records in selected lessons, starting a fresh round preserves earlier records (1262.735517ms)
2026-10-04T21:23:02.5218348Z ✔ backup validation recalculates scores and rejects same IDs with changed question fingerprints (63.259614ms)
2026-10-04T21:23:02.5220138Z ✔ invalid random source and invalid clock fail before dirtying global data or overwriting a resumable round (17.514262ms)
2026-10-04T21:23:02.5228620Z ✔ 5/10/all listening round sizes preserve fingerprints, exact saved queue and unrelated scores (72.817302ms)
2026-10-04T21:23:02.5526315Z ✔ mixed reads are pure, route scope starts at current lesson and draft scope never writes (119.773323ms)
2026-10-04T21:23:02.5535238Z ✔ mixed all-course pool has 344 senses/319 forms and only start shuffles once (789.370589ms)
2026-10-04T21:23:02.5537039Z ✔ existing non-card preferences cannot replace the first route scope or affect browsing options (51.565741ms)
2026-10-04T21:23:02.5538611Z ✔ empty draft cannot replace a round and invalid anchors never write (63.983214ms)
2026-10-04T21:23:02.5540308Z ✔ shared senses merge only selected sources and never borrow outside-scope audio (40.71596ms)
2026-10-04T21:23:02.5543300Z ✔ compatible legacy all/zh-vi queue resumes its exact order/anchor without altering original data (175.515011ms)
2026-10-04T21:23:02.5545962Z ✔ reverse, due, unfamiliar, and search-scoped legacy queues stay untouched and require a new round (346.676793ms)
2026-10-04T21:23:02.5547610Z ✔ saved order, anchor, scope and original practice roundtrip through reload/export/import (151.895125ms)
2026-10-04T21:23:02.5549342Z ✔ malformed mixed state, order, pool, anchor and fingerprints are rejected before replacing valid state (213.788597ms)
2026-10-04T21:23:02.5551456Z ✔ scoped resets preserve retained mixed order and anchor; unrelated reset leaves mixed state unchanged (150.298636ms)
2026-10-04T21:23:02.5553119Z ✔ shared-sense scoped reset recalculates source fingerprint without removing retained sense (43.166108ms)
2026-10-04T21:23:02.5554976Z ✔ reset preview cancellation, failed write and restoration preserve mixed round atomically (123.083769ms)
2026-10-04T21:23:02.5556653Z ✔ failed persistence keeps actual mixed memory round exportable and never writes legacy state (150.627636ms)
2026-10-04T21:23:02.5558413Z ✔ progress resumes new mixed anchor before legacy position without changing historical rating summary (101.173127ms)
2026-10-04T21:23:02.5560220Z ✔ progress only claims compatible old rounds and never resurrects old position after explicit mixed reset (209.978737ms)
2026-10-04T21:23:02.5561712Z ✔ four presentation groups retain every existing route exactly once (5.390446ms)
2026-10-04T21:23:02.5563148Z ✔ inactive registry preserves object identity and has no synthetic accepted revision (1.94467ms)
2026-10-04T21:23:02.5565277Z ✔ canonical proposal removes every exact independentReview key, preserves array order and hashes UTF-8 (9.265327ms)
2026-10-04T21:23:02.5567016Z ✔ accepted synthetic projection clones language only and preserves exact raw grading identity (6.866045ms)
2026-10-04T21:23:02.5569105Z ✔ whole registry rejects stale baseline, byte tampering, parent drift, duplicate field, self-review and foreign consumer before projection (15.616033ms)
2026-10-04T21:23:02.5571110Z ✔ wordSenses and mixed cards project Vietnamese while catalog/sourceRecords/fingerprints remain raw (254.118823ms)
2026-10-04T21:23:02.5572968Z ✔ registered HSK1 source mapper uses actual original pointers, parent display leaves and unique semantic owners (100.04368ms)
2026-10-04T21:23:02.5574936Z ✔ original option index guards reject frozen Chinese labels and ambiguous Vietnamese display options (8.817535ms)
2026-10-04T21:23:02.5576627Z ✔ course overview title uses its exact owner while Chinese and all original count fields stay unchanged (1.666958ms)
2026-10-04T21:23:02.5578268Z ✔ both inactive and active config roots require the exact supported schema before asset loading (0.561424ms)
2026-10-04T21:23:02.5580092Z ✔ empty progress retains independent 225 homework / 150 objective / 75 translation / 75 listening / 344 sense denominators (13.856704ms)
2026-10-04T21:23:02.5581962Z ✔ nonempty cross-domain progress preserves first/latest scores, translation submission and a separate redo draft (30.443783ms)
2026-10-04T21:23:02.5584097Z ✔ partial homework completion reports full denominators and low-score redo does not replace the first score (10.873837ms)
2026-10-04T21:23:02.5585939Z ✔ reading marks, stars and vocabulary ratings never become homework completion or objective scores (20.801657ms)
2026-10-04T21:23:02.5587534Z ✔ due counts separate new cards from rated cards and include the exact due-time boundary (26.908018ms)
2026-10-04T21:23:02.5589247Z ✔ same written forms keep their different sense schedules and never reduce the 344 denominator to 319 (19.893062ms)
2026-10-04T21:23:02.5591054Z ✔ continuation preserves textbook sections and homework parts, while practice resolves the actual saved item (80.23363ms)
2026-10-04T21:23:02.5593100Z ✔ a saved module with no active round continues its selected route without inventing a position (0.503715ms)
2026-10-04T21:23:02.5595279Z ✔ validated backup export and restore reproduce the same progress and continuation without changing the schema (69.983114ms)
2026-10-04T21:23:02.5597259Z ✔ opening five textbook sections records visited sections and exact continuation, never completion or homework scores (28.748801ms)
2026-10-04T21:23:02.5598980Z ✔ same route visited again does not schedule another write or duplicate shared sections (4.873115ms)
2026-10-04T21:23:02.5600790Z ✔ lesson completion is an explicit independent mark and can be removed without resetting visits or submitted work (6.352442ms)
2026-10-04T21:23:02.5602935Z ✔ mastered word keys remain compatible and restore across a validated backup; unknown words are rejected (11.859113ms)
2026-10-04T21:23:02.5605173Z ✔ lesson reset touches only selected active lesson and preserves profile, settings, raw and unrelated domains (80.711581ms)
2026-10-04T21:23:02.5606991Z ✔ module and all-course reset clear active progress and keep safety copies and unrelated settings (38.020729ms)
2026-10-04T21:23:02.5608646Z ✔ shared-sense lesson reset retains other lessons schedule and announces the exception (15.807505ms)
2026-10-04T21:23:02.5610304Z ✔ preview, cancellation, stale confirmation, failed write and recovery never discard current data (81.537388ms)
2026-10-04T21:23:02.5612146Z ✔ old backups default exercises to blank and scoped exercise resets preserve other lessons and original homework (91.210824ms)
2026-10-04T21:23:02.5614560Z ✔ single-lesson reset removes only that lesson from mixed sessions and preserves other lesson drafts and revealed cards (69.014786ms)
2026-10-04T21:23:02.5616521Z ✔ 5/10 sized mixed listening reset preserves exact outside-scope answers through repeated reset and import (61.588862ms)
2026-10-04T21:23:02.5618373Z ✔ homework reset and replacement import rebase retained review witnesses without deleting exercise answers (35.994049ms)
2026-10-04T21:23:02.5619943Z ✔ canonical hashes have highest priority and round-trip every route feature (4.94481ms)
2026-10-04T21:23:02.5621328Z ✔ legacy mode, lesson pages, stages and integrated homework hashes are preserved (1.233856ms)
2026-10-04T21:23:02.5623158Z ✔ invalid route fields normalize safely and fields stay feature-specific (0.918234ms)
2026-10-04T21:23:02.5624723Z ✔ initial canonicalization replaces one entry only when the URL differs (3.107572ms)
2026-10-04T21:23:02.5626113Z ✔ 500 equivalent navigations make zero writes; a changed route makes exactly one (20.891937ms)
2026-10-04T21:23:02.5627545Z ✔ popstate/hashchange dedupe while back and forward restore the address route (1.69981ms)
2026-10-04T21:23:02.5629001Z ✔ unsubscribe and dispose release listeners and stop notifications/history writes (1.264593ms)
2026-10-04T21:23:02.5630314Z ✔ disposing during a notification stops remaining subscribers (0.470654ms)
2026-10-04T21:23:02.5631594Z ✔ navigation inside a subscriber does not deliver an obsolete route afterward (0.967045ms)
2026-10-04T21:23:02.5633423Z ✔ original/pilot/homework-review routes roundtrip with bounded groups and independent filters (0.714341ms)
2026-10-04T21:23:02.5635457Z ✔ L4 source sidecar locks original cardinality, answers, pinyin, source pages and ungraded tasks (14.348879ms)
2026-10-04T21:23:02.5637069Z ✔ numeric tables preserve all original sparse grid positions, six large numbers and 二/两 (0.503996ms)
2026-10-04T21:23:02.5638720Z ✔ ten original schematic SVGs have explicit source-cell mappings and no external or active payloads (4.877415ms)
2026-10-04T21:23:02.5640026Z ✔ all five frozen HSK1 source banks are byte-identical (5.278777ms)
2026-10-04T21:23:02.5641705Z ✔ source save/export/reload/history/reset/restore preserve nonempty primary and legacy exact bytes and old tabs still write (68.021915ms)
2026-10-04T21:23:02.5644498Z ✔ older activity versions survive catalogue changes as inert context and independent histories (1.654836ms)
2026-10-04T21:23:02.5646453Z ✔ source validation rejects malformed domains, duplicate history, unknown fields and wrong edition (1.263932ms)
2026-10-04T21:23:02.5648493Z ✔ source quota failure retains exportable draft, confirms no saved reference and leaves old primary intact (4.453299ms)
2026-10-04T21:23:02.5650201Z ✔ source write-then-throw needs exact readback; a newer third value is never overwritten (1.800869ms)
2026-10-04T21:23:02.5651632Z ✔ source missing locks, unreadable storage and unresolved pair journal fail closed (2.248059ms)
2026-10-04T21:23:02.5653351Z ✔ source stale preview, close while waiting, source tab conflict and ordinary old import never clear source (20.976081ms)
2026-10-04T21:23:02.5655269Z ✔ failed direct submission never enters history through later ordinary draft flush (1.76345ms)
2026-10-04T21:23:02.5656917Z ✔ same-version answer assessment input or reference change cannot silently rewrite historical meaning (1.11886ms)
2026-10-04T21:23:02.5658467Z ✔ source timestamps are valid JavaScript dates, never merely safe integers (0.790825ms)
2026-10-04T21:23:02.5660181Z ✔ single-domain submission candidate rejects edits and raw changes while waiting, preserves existing recovery (3.015239ms)
2026-10-04T21:23:02.5662336Z ✔ independent editorial corrections preserve six-person source, neutral image metadata, printed tones and non-aligned Vietnamese glosses (0.538401ms)
2026-10-04T21:23:02.5664569Z ✔ IME start during a locked source submission cancels history while retaining old submissions and draft (2.56262ms)
2026-10-04T21:23:02.5666172Z ✔ unchanged pilot snapshots retain their exact historical JSON shape and key order (7.139229ms)
2026-10-04T21:23:02.5667847Z ✔ real source-v2 receipts retain their schematic context after original-crop revision and new submission (6.077598ms)
2026-10-04T21:23:02.5669720Z ✔ table topology, source spans, optional fields and crop digests survive round trips and freeze with their version (3.0743ms)
2026-10-04T21:23:02.5671725Z ✔ table validation rejects broken topology, duplicate inputs, foreign field references and malformed provenance (2.228583ms)
2026-10-04T21:23:02.5676510Z ✔ optional blank input saves alongside required text while missing required input cannot submit (1.511988ms)
2026-10-04T21:23:02.5678380Z ✔ read-only source support accepts a blank field list but never produces a submission or storage write (0.702699ms)
2026-10-04T21:23:02.5680073Z ✔ each lesson shows only its own superseded historical records with saved answers untouched (0.741953ms)
2026-10-04T21:23:02.5681446Z ✔ crop assets resolve only within the fixed public source directory (0.450114ms)
2026-10-04T21:23:02.5682902Z ✔ printed empty table headers round trip without allowing missing lesson or field copy (1.259965ms)
2026-10-04T21:23:02.5684759Z ✔ printed field pinyin is revisioned and older receipts keep their original shape (1.789028ms)
2026-10-04T21:23:02.5686363Z ✔ source spans may start before the anchor page and only read-only tables may omit a redundant prompt (1.45979ms)
2026-10-04T21:23:02.5688012Z ✔ table renderer preserves row/column shape, empty cells and each embedded field exactly once (1.172351ms)
2026-10-04T21:23:02.5690060Z ✔ printed blank header stays visibly empty and headerless layouts have no invented header row (0.685817ms)
2026-10-04T21:23:02.5691667Z ✔ L4 additions preserve every original source-v2 activity and its historical meaning (5.611282ms)
2026-10-04T21:23:02.5693234Z ✔ L4 source omissions retain original examples and two distinct ungraded reading responses (4.06538ms)
2026-10-04T21:23:03.3386389Z ✔ fixed two-domain confirm export restore and explicit empty source keep independent recovery and legacy bytes (139.222949ms)
2026-10-04T21:23:03.3419749Z ✔ old primary-only backup never mutates nonempty source and primary tab still writes old AppData (27.549779ms)
2026-10-04T21:23:03.3431919Z ✔ all complete domains validate before preview; duplicate/null/wrong edition/schema rejected (28.667066ms)
2026-10-04T21:23:03.3435588Z ✔ prepared previews are scoped, one-use and reject local edits, other-tab raw, disposal and composition (101.090001ms)
2026-10-04T21:23:03.3475294Z ✔ pending journal and missing safe locks export explicit rescue instead of a complete snapshot (24.140918ms)
2026-10-04T21:23:03.3491407Z ✔ pair durable fault journal/before, prior source nonempty (28.428608ms)
2026-10-04T21:23:03.3492844Z ✔ pair durable fault journal/after-throw, prior source nonempty (23.029014ms)
2026-10-04T21:23:03.3494600Z ✔ pair durable fault journal/readback-throw, prior source nonempty (27.025264ms)
2026-10-04T21:23:03.3496069Z ✔ pair durable fault journal/readback-mismatch, prior source nonempty (26.838134ms)
2026-10-04T21:23:03.3497337Z ✔ pair durable fault primary/before, prior source nonempty (15.037474ms)
2026-10-04T21:23:03.3552245Z ✔ pair durable fault primary/after-throw, prior source nonempty (19.877168ms)
2026-10-04T21:23:03.3584913Z ✔ pair durable fault primary/readback-throw, prior source nonempty (23.709471ms)
2026-10-04T21:23:03.3605864Z ✔ pair durable fault primary/readback-mismatch, prior source nonempty (18.16777ms)
2026-10-04T21:23:03.3610342Z ✔ pair durable fault source/before, prior source nonempty (19.197201ms)
2026-10-04T21:23:03.3615451Z ✔ pair durable fault source/after-throw, prior source nonempty (15.7064ms)
2026-10-04T21:23:03.3619401Z ✔ pair durable fault source/readback-throw, prior source nonempty (14.921877ms)
2026-10-04T21:23:03.3623921Z ✔ pair durable fault source/readback-mismatch, prior source nonempty (14.352368ms)
2026-10-04T21:23:03.3628370Z ✔ pair durable fault recovery/before, prior source nonempty (19.349708ms)
2026-10-04T21:23:03.3632307Z ✔ pair durable fault recovery/after-throw, prior source nonempty (18.274369ms)
2026-10-04T21:23:03.3651909Z ✔ pair durable fault recovery/readback-throw, prior source nonempty (17.092831ms)
2026-10-04T21:23:03.3653248Z ✔ pair durable fault recovery/readback-mismatch, prior source nonempty (16.740771ms)
2026-10-04T21:23:03.3654692Z ✔ pair durable fault remove/before, prior source nonempty (14.804557ms)
2026-10-04T21:23:03.3655865Z ✔ pair durable fault remove/after-throw, prior source nonempty (17.533189ms)
2026-10-04T21:23:03.3657146Z ✔ pair durable fault remove/readback-throw, prior source nonempty (23.697098ms)
2026-10-04T21:23:03.3658408Z ✔ pair durable fault remove/readback-mismatch, prior source nonempty (24.927707ms)
2026-10-04T21:23:03.3659594Z ✔ pair durable fault journal/before, prior source absent (31.63504ms)
2026-10-04T21:23:03.3660759Z ✔ pair durable fault journal/after-throw, prior source absent (24.835885ms)
2026-10-04T21:23:03.3661929Z ✔ pair durable fault journal/readback-throw, prior source absent (33.717322ms)
2026-10-04T21:23:03.3663270Z ✔ pair durable fault journal/readback-mismatch, prior source absent (33.551303ms)
2026-10-04T21:23:03.3690199Z ✔ pair durable fault primary/before, prior source absent (20.471904ms)
2026-10-04T21:23:03.3691370Z ✔ pair durable fault primary/after-throw, prior source absent (24.427959ms)
2026-10-04T21:23:03.3692561Z ✔ pair durable fault primary/readback-throw, prior source absent (14.783929ms)
2026-10-04T21:23:03.3694395Z ✔ pair durable fault primary/readback-mismatch, prior source absent (14.336068ms)
2026-10-04T21:23:03.3695642Z ✔ pair durable fault source/before, prior source absent (15.03924ms)
2026-10-04T21:23:03.3696766Z ✔ pair durable fault source/after-throw, prior source absent (26.34064ms)
2026-10-04T21:23:03.3697958Z ✔ pair durable fault source/readback-throw, prior source absent (22.790857ms)
2026-10-04T21:23:03.3699198Z ✔ pair durable fault source/readback-mismatch, prior source absent (23.582242ms)
2026-10-04T21:23:03.3700440Z ✔ pair durable fault recovery/before, prior source absent (22.973961ms)
2026-10-04T21:23:03.3701746Z ✔ pair durable fault recovery/after-throw, prior source absent (25.820123ms)
2026-10-04T21:23:03.3703297Z ✔ pair durable fault recovery/readback-throw, prior source absent (23.043511ms)
2026-10-04T21:23:03.3704906Z ✔ pair durable fault recovery/readback-mismatch, prior source absent (23.542477ms)
2026-10-04T21:23:03.3706115Z ✔ pair durable fault remove/before, prior source absent (22.976255ms)
2026-10-04T21:23:03.3707284Z ✔ pair durable fault remove/after-throw, prior source absent (26.44215ms)
2026-10-04T21:23:03.3708516Z ✔ pair durable fault remove/readback-throw, prior source absent (22.958071ms)
2026-10-04T21:23:03.3709723Z ✔ pair durable fault remove/readback-mismatch, prior source absent (23.73068ms)
2026-10-04T21:23:03.3711067Z ✔ pair durable fault journal/before, prior source nonempty, primary absent (15.436744ms)
2026-10-04T21:23:03.3712500Z ✔ pair durable fault journal/after-throw, prior source nonempty, primary absent (19.715515ms)
2026-10-04T21:23:03.3766787Z ✔ pair durable fault journal/readback-throw, prior source nonempty, primary absent (25.034418ms)
2026-10-04T21:23:03.3768631Z ✔ pair durable fault journal/readback-mismatch, prior source nonempty, primary absent (24.838059ms)
2026-10-04T21:23:03.3770081Z ✔ pair durable fault primary/before, prior source nonempty, primary absent (18.616903ms)
2026-10-04T21:23:03.3771489Z ✔ pair durable fault primary/after-throw, prior source nonempty, primary absent (19.676572ms)
2026-10-04T21:23:03.3773023Z ✔ pair durable fault primary/readback-throw, prior source nonempty, primary absent (16.212439ms)
2026-10-04T21:23:03.3774990Z ✔ pair durable fault primary/readback-mismatch, prior source nonempty, primary absent (16.965753ms)
2026-10-04T21:23:03.3776592Z ✔ pair durable fault source/before, prior source nonempty, primary absent (14.609611ms)
2026-10-04T21:23:03.3778083Z ✔ pair durable fault source/after-throw, prior source nonempty, primary absent (19.637428ms)
2026-10-04T21:23:03.3779684Z ✔ pair durable fault source/readback-throw, prior source nonempty, primary absent (17.545051ms)
2026-10-04T21:23:03.3781432Z ✔ pair durable fault source/readback-mismatch, prior source nonempty, primary absent (15.899753ms)
2026-10-04T21:23:03.3783013Z ✔ pair durable fault recovery/before, prior source nonempty, primary absent (16.110328ms)
2026-10-04T21:23:03.3784817Z ✔ pair durable fault recovery/after-throw, prior source nonempty, primary absent (23.254287ms)
2026-10-04T21:23:03.3786348Z ✔ pair durable fault recovery/readback-throw, prior source nonempty, primary absent (18.244584ms)
2026-10-04T21:23:03.3787972Z ✔ pair durable fault recovery/readback-mismatch, prior source nonempty, primary absent (17.306991ms)
2026-10-04T21:23:03.3789425Z ✔ pair durable fault remove/before, prior source nonempty, primary absent (18.616672ms)
2026-10-04T21:23:03.3790826Z ✔ pair durable fault remove/after-throw, prior source nonempty, primary absent (23.418986ms)
2026-10-04T21:23:03.3792345Z ✔ pair durable fault remove/readback-throw, prior source nonempty, primary absent (18.035101ms)
2026-10-04T21:23:03.3831093Z ✔ pair durable fault remove/readback-mismatch, prior source nonempty, primary absent (16.971174ms)
2026-10-04T21:23:03.3832836Z ✔ pair durable fault journal/before, prior source absent, primary absent (16.541698ms)
2026-10-04T21:23:03.3834741Z ✔ pair durable fault journal/after-throw, prior source absent, primary absent (22.576315ms)
2026-10-04T21:23:03.3836569Z ✔ pair durable fault journal/readback-throw, prior source absent, primary absent (25.20053ms)
2026-10-04T21:23:03.3838162Z ✔ pair durable fault journal/readback-mismatch, prior source absent, primary absent (26.789762ms)
2026-10-04T21:23:03.3839592Z ✔ pair durable fault primary/before, prior source absent, primary absent (16.694104ms)
2026-10-04T21:23:03.3842025Z ✔ pair durable fault primary/after-throw, prior source absent, primary absent (20.370735ms)
2026-10-04T21:23:03.3843839Z ✔ pair durable fault primary/readback-throw, prior source absent, primary absent (16.678214ms)
2026-10-04T21:23:03.3845439Z ✔ pair durable fault primary/readback-mismatch, prior source absent, primary absent (16.663006ms)
2026-10-04T21:23:03.3847210Z ✔ pair durable fault source/before, prior source absent, primary absent (18.692294ms)
2026-10-04T21:23:03.3848574Z ✔ pair durable fault source/after-throw, prior source absent, primary absent (22.442272ms)
2026-10-04T21:23:03.3850051Z ✔ pair durable fault source/readback-throw, prior source absent, primary absent (15.007208ms)
2026-10-04T21:23:03.3851588Z ✔ pair durable fault source/readback-mismatch, prior source absent, primary absent (15.165986ms)
2026-10-04T21:23:03.3853024Z ✔ pair durable fault recovery/before, prior source absent, primary absent (17.6514ms)
2026-10-04T21:23:03.3854937Z ✔ pair durable fault recovery/after-throw, prior source absent, primary absent (20.925228ms)
2026-10-04T21:23:03.3856473Z ✔ pair durable fault recovery/readback-throw, prior source absent, primary absent (15.667126ms)
2026-10-04T21:23:03.3876213Z ✔ pair durable fault recovery/readback-mismatch, prior source absent, primary absent (16.31915ms)
2026-10-04T21:23:03.3877663Z ✔ pair durable fault remove/before, prior source absent, primary absent (16.695165ms)
2026-10-04T21:23:03.3879018Z ✔ pair durable fault remove/after-throw, prior source absent, primary absent (21.984483ms)
2026-10-04T21:23:03.3880390Z ✔ pair durable fault remove/readback-throw, prior source absent, primary absent (18.953424ms)
2026-10-04T21:23:03.3881828Z ✔ pair durable fault remove/readback-mismatch, prior source absent, primary absent (16.646554ms)
2026-10-04T21:23:03.3883048Z ✔ startup crash recovery after journal, source nonempty (37.231331ms)
2026-10-04T21:23:03.3884302Z ✔ startup crash recovery after primary, source nonempty (47.853939ms)
2026-10-04T21:23:03.3885313Z ✔ startup crash recovery after source, source nonempty (51.019006ms)
2026-10-04T21:23:03.3886358Z ✔ startup crash recovery after recovery, source nonempty (49.474079ms)
2026-10-04T21:23:03.3887427Z ✔ startup crash recovery after remove, source nonempty (33.556113ms)
2026-10-04T21:23:03.3888471Z ✔ startup crash recovery after journal, source absent (41.135428ms)
2026-10-04T21:23:03.3890522Z ✔ startup crash recovery after primary, source absent (39.23946ms)
2026-10-04T21:23:03.3891632Z ✔ startup crash recovery after source, source absent (39.933131ms)
2026-10-04T21:23:03.3892663Z ✔ startup crash recovery after recovery, source absent (30.863281ms)
2026-10-04T21:23:03.3893943Z ✔ startup crash recovery after remove, source absent (18.660061ms)
2026-10-04T21:23:03.3895207Z ✔ startup crash recovery after journal, source nonempty, primary absent (16.821142ms)
2026-10-04T21:23:03.3896549Z ✔ startup crash recovery after primary, source nonempty, primary absent (16.959421ms)
2026-10-04T21:23:03.3897859Z ✔ startup crash recovery after source, source nonempty, primary absent (26.26063ms)
2026-10-04T21:23:03.3899194Z ✔ startup crash recovery after recovery, source nonempty, primary absent (23.377729ms)
2026-10-04T21:23:03.3900512Z ✔ startup crash recovery after remove, source nonempty, primary absent (16.075263ms)
2026-10-04T21:23:03.3901782Z ✔ startup crash recovery after journal, source absent, primary absent (14.678961ms)
2026-10-04T21:23:03.3903080Z ✔ startup crash recovery after primary, source absent, primary absent (16.47352ms)
2026-10-04T21:23:03.3904552Z ✔ startup crash recovery after source, source absent, primary absent (21.320257ms)
2026-10-04T21:23:03.3905832Z ✔ startup crash recovery after recovery, source absent, primary absent (19.908978ms)
2026-10-04T21:23:03.3907470Z ✔ startup crash recovery after remove, source absent, primary absent (11.553816ms)
2026-10-04T21:23:03.3908772Z ✔ conditional rollback fault primary/before, source nonempty (27.689431ms)
2026-10-04T21:23:03.3909984Z ✔ conditional rollback fault primary/after-throw, source nonempty (16.71341ms)
2026-10-04T21:23:03.3911228Z ✔ conditional rollback fault primary/readback-throw, source nonempty (20.182601ms)
2026-10-04T21:23:03.3912414Z ✔ conditional rollback fault primary/crash, source nonempty (20.212978ms)
2026-10-04T21:23:03.3913779Z ✔ conditional rollback fault source/before, source nonempty (26.206177ms)
2026-10-04T21:23:03.3915225Z ✔ conditional rollback fault source/after-throw, source nonempty (18.252379ms)
2026-10-04T21:23:03.3916488Z ✔ conditional rollback fault source/readback-throw, source nonempty (20.509935ms)
2026-10-04T21:23:03.3917661Z ✔ conditional rollback fault source/crash, source nonempty (22.341374ms)
2026-10-04T21:23:03.3918812Z ✔ conditional rollback fault recovery/before, source nonempty (60.825916ms)
2026-10-04T21:23:03.3920025Z ✔ conditional rollback fault recovery/after-throw, source nonempty (38.070044ms)
2026-10-04T21:23:03.3921320Z ✔ conditional rollback fault recovery/readback-throw, source nonempty (60.037839ms)
2026-10-04T21:23:03.3922545Z ✔ conditional rollback fault recovery/crash, source nonempty (50.02852ms)
2026-10-04T21:23:03.3923905Z ✔ conditional rollback fault journal/before, source nonempty (23.394119ms)
2026-10-04T21:23:03.3925167Z ✔ conditional rollback fault journal/after-throw, source nonempty (14.532507ms)
2026-10-04T21:23:03.3926449Z ✔ conditional rollback fault journal/readback-throw, source nonempty (14.454399ms)
2026-10-04T21:23:03.3927693Z ✔ conditional rollback fault journal/crash, source nonempty (18.060436ms)
2026-10-04T21:23:03.3928837Z ✔ conditional rollback fault primary/before, source absent (25.58283ms)
2026-10-04T21:23:03.3930019Z ✔ conditional rollback fault primary/after-throw, source absent (13.702169ms)
2026-10-04T21:23:03.3931270Z ✔ conditional rollback fault primary/readback-throw, source absent (20.696904ms)
2026-10-04T21:23:03.3932447Z ✔ conditional rollback fault primary/crash, source absent (19.417395ms)
2026-10-04T21:23:03.3933751Z ✔ conditional rollback fault source/before, source absent (18.992999ms)
2026-10-04T21:23:03.3934950Z ✔ conditional rollback fault source/after-throw, source absent (15.456641ms)
2026-10-04T21:23:03.3936180Z ✔ conditional rollback fault source/readback-throw, source absent (19.640336ms)
2026-10-04T21:23:03.3937331Z ✔ conditional rollback fault source/crash, source absent (26.156091ms)
2026-10-04T21:23:03.3938545Z ✔ conditional rollback fault recovery/before, source absent (50.603693ms)
2026-10-04T21:23:03.3939883Z ✔ conditional rollback fault recovery/after-throw, source absent (37.815827ms)
2026-10-04T21:23:03.3941136Z ✔ conditional rollback fault recovery/readback-throw, source absent (70.372804ms)
2026-10-04T21:23:03.3942335Z ✔ conditional rollback fault recovery/crash, source absent (81.511882ms)
2026-10-04T21:23:03.3943452Z ✔ conditional rollback fault journal/before, source absent (33.175506ms)
2026-10-04T21:23:03.3945146Z ✔ conditional rollback fault journal/after-throw, source absent (22.289977ms)
2026-10-04T21:23:03.3946432Z ✔ conditional rollback fault journal/readback-throw, source absent (22.205177ms)
2026-10-04T21:23:03.3947558Z ✔ conditional rollback fault journal/crash, source absent (23.088365ms)
2026-10-04T21:23:03.3948784Z ✔ conditional rollback fault primary/before, source nonempty, primary absent (33.232607ms)
2026-10-04T21:23:03.3950221Z ✔ conditional rollback fault primary/after-throw, source nonempty, primary absent (15.726448ms)
2026-10-04T21:23:03.3952018Z ✔ conditional rollback fault primary/readback-throw, source nonempty, primary absent (24.051402ms)
2026-10-04T21:23:03.3954263Z ✔ conditional rollback fault primary/crash, source nonempty, primary absent (24.048176ms)
2026-10-04T21:23:03.3956613Z ✔ conditional rollback fault source/before, source nonempty, primary absent (25.398862ms)
2026-10-04T21:23:03.3958390Z ✔ conditional rollback fault source/after-throw, source nonempty, primary absent (15.747236ms)
2026-10-04T21:23:03.3960013Z ✔ conditional rollback fault source/readback-throw, source nonempty, primary absent (24.490496ms)
2026-10-04T21:23:03.3961940Z ✔ conditional rollback fault source/crash, source nonempty, primary absent (23.883087ms)
2026-10-04T21:23:03.3963919Z ✔ conditional rollback fault recovery/before, source nonempty, primary absent (79.589461ms)
2026-10-04T21:23:03.3965720Z ✔ conditional rollback fault recovery/after-throw, source nonempty, primary absent (50.92408ms)
2026-10-04T21:23:03.3967778Z ✔ conditional rollback fault recovery/readback-throw, source nonempty, primary absent (67.125049ms)
2026-10-04T21:23:03.3969591Z ✔ conditional rollback fault recovery/crash, source nonempty, primary absent (57.666047ms)
2026-10-04T21:23:03.3971475Z ✔ conditional rollback fault journal/before, source nonempty, primary absent (22.595079ms)
2026-10-04T21:23:03.3973147Z ✔ conditional rollback fault journal/after-throw, source nonempty, primary absent (14.099945ms)
2026-10-04T21:23:03.3990434Z ✔ conditional rollback fault journal/readback-throw, source nonempty, primary absent (13.351359ms)
2026-10-04T21:23:03.3992208Z ✔ conditional rollback fault journal/crash, source nonempty, primary absent (14.989331ms)
2026-10-04T21:23:03.3993979Z ✔ conditional rollback fault primary/before, source absent, primary absent (27.70468ms)
2026-10-04T21:23:03.3995571Z ✔ conditional rollback fault primary/after-throw, source absent, primary absent (13.651383ms)
2026-10-04T21:23:03.3997221Z ✔ conditional rollback fault primary/readback-throw, source absent, primary absent (18.994772ms)
2026-10-04T21:23:03.3998791Z ✔ conditional rollback fault primary/crash, source absent, primary absent (26.449594ms)
2026-10-04T21:23:03.4000247Z ✔ conditional rollback fault source/before, source absent, primary absent (17.496169ms)
2026-10-04T21:23:03.4001785Z ✔ conditional rollback fault source/after-throw, source absent, primary absent (12.238712ms)
2026-10-04T21:23:03.4003349Z ✔ conditional rollback fault source/readback-throw, source absent, primary absent (22.478791ms)
2026-10-04T21:23:03.4005166Z ✔ conditional rollback fault source/crash, source absent, primary absent (21.546701ms)
2026-10-04T21:23:03.4006678Z ✔ conditional rollback fault recovery/before, source absent, primary absent (61.889482ms)
2026-10-04T21:23:03.4008163Z ✔ conditional rollback fault recovery/after-throw, source absent, primary absent (31.654152ms)
2026-10-04T21:23:03.4009761Z ✔ conditional rollback fault recovery/readback-throw, source absent, primary absent (56.150811ms)
2026-10-04T21:23:03.4011382Z ✔ conditional rollback fault recovery/crash, source absent, primary absent (65.019858ms)
2026-10-04T21:23:03.4012922Z ✔ conditional rollback fault journal/before, source absent, primary absent (19.824389ms)
2026-10-04T21:23:03.4015137Z ✔ conditional rollback fault journal/after-throw, source absent, primary absent (11.656147ms)
2026-10-04T21:23:03.4016801Z ✔ conditional rollback fault journal/readback-throw, source absent, primary absent (8.739936ms)
2026-10-04T21:23:03.4018330Z ✔ conditional rollback fault journal/crash, source absent, primary absent (8.708115ms)
2026-10-04T21:23:03.4019502Z ✔ startup covers exact before-before state (32.370264ms)
2026-10-04T21:23:03.4020432Z ✔ startup covers exact after-before state (21.32194ms)
2026-10-04T21:23:03.4021371Z ✔ startup covers exact before-after state (19.173177ms)
2026-10-04T21:23:03.4022274Z ✔ startup covers exact after-after state (21.818041ms)
2026-10-04T21:23:03.4023334Z ✔ startup recovery durable fault primary-rollback/before (29.732929ms)
2026-10-04T21:23:03.4024794Z ✔ startup recovery durable fault primary-rollback/after-throw (22.187111ms)
2026-10-04T21:23:03.4026108Z ✔ startup recovery durable fault primary-rollback/readback-throw (28.21101ms)
2026-10-04T21:23:03.4027342Z ✔ startup recovery durable fault primary-rollback/crash (27.708119ms)
2026-10-04T21:23:03.4028855Z ✔ startup recovery durable fault source-rollback/before (25.296951ms)
2026-10-04T21:23:03.4030141Z ✔ startup recovery durable fault source-rollback/after-throw (20.414887ms)
2026-10-04T21:23:03.4031441Z ✔ startup recovery durable fault source-rollback/readback-throw (29.477315ms)
2026-10-04T21:23:03.4032633Z ✔ startup recovery durable fault source-rollback/crash (30.930054ms)
2026-10-04T21:23:03.4034008Z ✔ startup recovery durable fault recovery-finalize/before (48.713241ms)
2026-10-04T21:23:03.4035186Z ✔ startup recovery durable fault recovery-finalize/after-throw (45.19097ms)
2026-10-04T21:23:03.4036522Z ✔ startup recovery durable fault recovery-finalize/readback-throw (50.737342ms)
2026-10-04T21:23:03.4038172Z ✔ startup recovery durable fault recovery-finalize/crash (33.847129ms)
2026-10-04T21:23:03.4039388Z ✔ startup recovery durable fault journal-remove/before (39.917493ms)
2026-10-04T21:23:03.4040584Z ✔ startup recovery durable fault journal-remove/after-throw (43.785062ms)
2026-10-04T21:23:03.4041892Z ✔ startup recovery durable fault journal-remove/readback-throw (34.198148ms)
2026-10-04T21:23:03.4043054Z ✔ startup recovery durable fault journal-remove/crash (35.622ms)
2026-10-04T21:23:03.4046907Z ✔ startup third values and arbitrary journal targets preserve every live byte and rescue evidence (187.747035ms)
2026-10-04T21:23:03.4048510Z ✔ third value arriving during rollback is never replaced (25.541329ms)
2026-10-04T21:23:03.4050096Z ✔ old cooperating writer waits on the existing primary lock and cannot overwrite a completed pair (19.105479ms)
2026-10-04T21:23:03.4051758Z ✔ observers see both adopted domains and cannot convert success to failure (21.189541ms)
2026-10-04T21:23:03.4053352Z ✔ stale clean in-memory export is rescue, never silently substitutes an old domain (14.34761ms)
2026-10-04T21:23:03.4055380Z ✔ pre-write read denial for ran_hsk1_modular_v1 creates no mutation (9.288053ms)
2026-10-04T21:23:03.4056898Z ✔ pre-write read denial for ran_hsk1_textbook_source_v1 creates no mutation (12.957411ms)
2026-10-04T21:23:03.4058567Z ✔ pre-write read denial for ran_hsk1_source_pair_journal_v1 creates no mutation (10.255802ms)
2026-10-04T21:23:03.4060233Z ✔ pre-write read denial for ran_hsk1_source_pair_recovery_v1 creates no mutation (9.322228ms)
2026-10-04T21:23:03.4061842Z ✔ invalid nested source recovery and primary grades in journal remain inert (63.569094ms)
2026-10-04T21:23:03.4064140Z ✔ a newer value discovered after final journal removal is preserved and journal evidence is re-established (33.408936ms)
2026-10-04T21:23:03.4066226Z ✔ opaque store participants reject copied cross-scope consumed and not-readback-verified tokens (13.151184ms)
2026-10-04T21:23:03.4246012Z ✔ dirty state is transient, survives a queued write, and clears only after confirmed save or explicit reload (6.836282ms)
2026-10-04T21:23:03.4261208Z ✔ a clean external conflict is not dirty, but a conflicting local edit remains dirty after failed save (0.77269ms)
2026-10-04T21:23:03.4270434Z ✔ replacement and recovery commit in one write, never nest, and restore submitted A with draft B (1.594923ms)
2026-10-04T21:23:03.4272314Z ✔ quota leaves original raw intact and exports the actual unsaved multiline draft (0.81533ms)
2026-10-04T21:23:03.4274428Z ✔ a denied import changes neither current data nor original raw, while its candidate remains exportable (0.620174ms)
2026-10-04T21:23:03.4281218Z ✔ read access denial and missing Web Locks prevent writes but allow exporting memory work (0.937771ms)
2026-10-04T21:23:03.4283142Z ✔ two cooperating tabs sharing a lock keep the first commit and reject the second without losing its draft (0.876494ms)
2026-10-04T21:23:03.4285554Z ✔ a preview expires after a local edit, including an edit while confirmation waits for the lock (0.627378ms)
2026-10-04T21:23:03.4287389Z ✔ same revision with different raw is a conflict for preview confirmation and ordinary save (0.755218ms)
2026-10-04T21:23:03.4289077Z ✔ a preview held by the service is immune to mutation or fabrication by its caller (0.952127ms)
2026-10-04T21:23:03.4291147Z ✔ corrupt current JSON, app, schema, or recovery stays byte-for-byte exportable and cannot be overwritten (1.308657ms)
2026-10-04T21:23:03.4293183Z ✔ invalid backup identity and learning schema reject before any write; backup excludes unrelated auth keys (1.111717ms)
2026-10-04T21:23:03.4295125Z ✔ queued save and confirmation cannot write or publish after disposal (0.744006ms)
2026-10-04T21:23:03.4296725Z ✔ a write that takes effect and then throws is accepted only after exact read-back confirmation (0.564439ms)
2026-10-04T21:23:03.4298467Z ✔ read-back denial never reports saved even when the attempted write may have reached storage (0.619092ms)
2026-10-04T21:23:03.4300354Z ✔ an unexpected third-party value is never rolled back after a failed write (0.542659ms)
2026-10-04T21:23:03.4301935Z ✔ frozen textbook keeps 15 lessons, 342 rows, 45 scenes and 40 grammar plus 3 phonetics (11.989531ms)
2026-10-04T21:23:03.4303846Z ✔ all 344 declared senses resolve exact catalog audio and provenance without merging 342 rows (15.39722ms)
2026-10-04T21:23:03.4305611Z ✔ 14 unsupported lesson 4 words stay unavailable with accurate original-audio explanation (15.05643ms)
2026-10-04T21:23:03.4307349Z ✔ multi-sense 天 and 上 retain separate declared clips while same-form 在 stays in its lesson (0.805592ms)
2026-10-04T21:23:03.4309157Z ✔ all 45 whole scenes and every line use frozen original tracks and unmodified segment ranges (2.720166ms)
2026-10-04T21:23:03.4311009Z ✔ all lesson vocabulary playlists preserve three whole tracks and only lessons 1–3 have tongue tracks (1.161079ms)
2026-10-04T21:23:03.4312724Z ✔ foreign lesson IDs, scene/line IDs and unknown words never resolve arbitrary clips (0.253786ms)
2026-10-04T21:23:03.4314695Z ✔ validation rejects missing or duplicate content, wrong phonetics placement and mixed baselines (67.082691ms)
2026-10-04T21:23:03.4316625Z ✔ invalid boundaries, source paths, swapped scenes and undeclared foreign audio fail instead of clamping (99.669119ms)
2026-10-04T21:23:03.4318569Z ✔ wrong catalog identity, missing declaration and off-by-one word timing reject the complete load (69.414286ms)
2026-10-04T21:23:03.4320414Z ✔ immutable loaded content is isolated from caller mutations and does not alter frozen inputs (58.735883ms)
2026-10-04T21:23:03.4322337Z ✔ approved source corrections appear in the display with provenance while the frozen input stays unchanged (68.532491ms)
2026-10-04T21:23:03.4324557Z ✔ display repairs preserve every stable identity, catalog sense, scene and line audio boundary (23.294189ms)
2026-10-04T21:23:03.4326650Z ✔ stale baselines, mistaken targets, forbidden fields and incomplete provenance reject the whole display revision (327.630929ms)
2026-10-04T21:23:03.4328718Z ✔ frozen book validation runs before display correction, so overlays cannot hide invalid source data (21.991126ms)
2026-10-04T21:23:03.4330705Z ✔ later approved Vietnamese copy can use the same narrow display mechanism without changing histories or audio (26.137638ms)
2026-10-04T21:23:03.4332584Z ✔ every textbook section and player/save state has explicit Chinese and Vietnamese copy (3.246924ms)
2026-10-04T21:23:03.4334756Z ✔ known failures translate exactly and unknown diagnostics remain available without a guessed translation (0.325832ms)
2026-10-04T21:23:03.4336550Z ✔ dynamic Hanzi and practice labels keep counts and characters in both languages (0.544031ms)
2026-10-04T21:23:03.4338165Z ✔ practice instructions add no answer material and do not alter the question bank (12.021914ms)
2026-10-04T21:23:03.4340044Z ✔ the existing 150 corrected textbook questions remain unchanged while explicit legacy targets are added (35.885004ms)
2026-10-04T21:23:03.4342406Z ✔ textbook review grades all 160 retained and restored questions separately and permits unselected submissions (3.979709ms)
2026-10-04T21:23:03.4347152Z ✔ review generation and grading do not mutate the frozen lesson or caller selections; invalid indexes count as unselected (1.504744ms)
2026-10-04T21:23:03.4349550Z ✔ the bundled Hanzi Writer 3.7.3 body is byte-identical to the frozen source; only the lifecycle adapter is added (1.421047ms)
2026-10-04T21:23:03.4351487Z ✔ the Hanzi lifecycle adapter removes every pointer listener and cancels active quiz/render work on disposal (3.902736ms)
2026-10-04T21:23:03.4353350Z ✔ all ten audited legacy word targets use current corrected text and no replaced source sentence returns (1.96564ms)
2026-10-04T21:23:03.4355575Z ✔ listen-only and hide-original survive tabs, picker, arrows and history-equivalent route updates (11.023591ms)
2026-10-04T21:23:03.4357239Z ✔ hidden line controls keep neutral labels, stop old scene media, and remain playable (2.206982ms)
2026-10-04T21:23:03.4359177Z ✔ all 45 frozen scenes bind 48 reviewed crops without inferring from scene names (18.233853ms)
2026-10-04T21:23:03.4360527Z ✔ scene crops reject changed source hashes, page bindings and paths (4.06521ms)
2026-10-04T21:23:03.4766379Z ✔ family 1: inactive read/profile/no-op answer does not create presentation or alter raw grading (40.333283ms)
2026-10-04T21:23:03.4806020Z ✔ family 2: first real answer captures displayed revision; reload/continued answers retain it while profile and reads are inert (59.914495ms)
2026-10-04T21:23:03.4825775Z ✔ family 3: legacy unbound draft and old submission remain baseline despite a new active display revision (32.216658ms)
2026-10-04T21:23:03.4837626Z ✔ family 4: same-clock same-answer submissions get distinct binding IDs and exact first/current/latest/history display (79.795701ms)
2026-10-04T21:23:03.4841146Z ✔ family 5: history cap20 keeps first binding/payload and collects only unreferenced revisions (1084.558187ms)
2026-10-04T21:23:03.4843344Z ✔ family 6: restart clears current/draft only, preserves first/latest/history; next fresh answer may bind new revision (22.026502ms)
2026-10-04T21:23:03.4846677Z ✔ family 7: listening round is fixed across reload; randomized option indices and raw answers/fingerprints stay authoritative (38.206932ms)
2026-10-04T21:23:03.4849399Z ✔ family 8: full backup/import/recovery round-trips display and raw authority together without applying current revision (36.765135ms)
2026-10-04T21:23:03.4852381Z ✔ family 9: strict import rejects wrong raw authority, foreign owner, sealed Chinese field, orphan payload, duplicate history binding and unknown key atomically (66.214871ms)
2026-10-04T21:23:03.4855500Z ✔ family 10: scoped lesson/version/module reset prunes matching presentation and preserves unrelated homework/listening data (87.842854ms)
2026-10-04T21:23:03.4858059Z ✔ family 11: explicit legacy replacement clears only its replaced display domain; discovery preserves valid existing bindings (64.036502ms)
2026-10-04T21:23:03.4860619Z ✔ family 12: quota/held-lock retain H1 live-unsaved submission+display export; retry writes the same binding once (70.176215ms)
2026-10-04T21:23:03.4862980Z ✔ archive projection preserves distinct same-clock logical slots while raw answer/grade and raw task stay explicit (60.104672ms)
2026-10-04T21:23:03.4865546Z ✔ UTF-8 budget is enforced on actual multilingual bytes, with no truncation of saved Vietnamese (34.640638ms)
2026-10-04T21:23:03.4867705Z ✔ paired backup/import/restore carries nonempty presentation and independent source data atomically (180.603058ms)
2026-10-04T21:23:03.4870074Z ✔ partial listening reset retains other lesson display/response bindings and trims round payload by actual kept IDs (106.956269ms)
2026-10-04T21:23:03.4872404Z ✔ baseline unbound listening round after an old revision updates latest as baseline without retagging it (35.900001ms)
2026-10-04T21:23:03.4874821Z ✔ cap20 import cannot merge the real first logical submission with later same-clock binding (1109.6215ms)
2026-10-04T21:23:03.4998271Z ✔ exhaustive browser batches cover every frozen sense once, all 330 audio records, and all 14 missing-audio records (2.576926ms)
2026-10-04T21:23:03.6973344Z ✔ vocabulary exposes exactly the frozen 344 sense records / 319 forms with all editorial source and category fields intact (178.545228ms)
2026-10-04T21:23:03.6985878Z ✔ all 330 audio requests resolve exact same-lesson original word ranges with no answer-bearing label or synthetic clip (88.911523ms)
2026-10-04T21:23:03.7017664Z ✔ all 14 no-audio records remain explicit null, correspond to the L4 numeric table, and never borrow another lesson clip (57.967481ms)
2026-10-04T21:23:03.7019156Z ✔ record shape, stable identity, counts, sense separation and complete source provenance are validated (457.203124ms)
2026-10-04T21:23:03.9798398Z ✔ missing, duplicated, orphan or substituted audio metadata is rejected before any resolver is returned (288.712946ms)
2026-10-04T21:23:04.2506843Z ✔ no-audio declarations cannot disappear, duplicate, point at a different sense, or acquire a fabricated clip (203.746898ms)
2026-10-04T21:23:04.2957966Z ✔ range validation rejects negative, zero, nonfinite, beyond-track and same-lesson non-vocabulary clips (111.685005ms)
2026-10-04T21:23:04.7679797Z ✔ actual SHA256 verification rejects valid-shaped editorial, clip and original-track metadata drift (467.528264ms)
2026-10-04T21:23:04.8862822Z ✔ content snapshots are deeply readonly and stable across caller mutations during asynchronous validation (118.441799ms)
2026-10-04T21:23:04.9611032Z ✔ loader fetches the frozen sources and approved display sidecar with AbortSignal, with HTTP failure visible (78.406744ms)
2026-10-04T21:23:04.9826774Z ✔ aborted loads and in-flight hashes cannot deliver content to a departed view (20.18677ms)
2026-10-04T21:23:05.1376147Z ✔ current textbook examples preserve exact Chinese, pinyin, Vietnamese and lesson sources without copying audio (140.830208ms)
2026-10-04T21:23:05.2262103Z ✔ every polysemous sense has a reviewed same-lesson example; homographs never share the wrong use (87.438947ms)
2026-10-04T21:23:05.3985931Z ✔ examples reject another baseline and unverified text; asynchronous reads do not expose caller mutations (182.742235ms)
2026-10-04T21:23:05.5681274Z ✔ live vocabulary examples share the validated textbook display and preserve all frozen identity, rating and audio data (171.664473ms)
2026-10-04T21:23:05.8271613Z ✔ display examples reject unverified source hashes, stale revisions and ambiguous or unreviewed sense anchors (262.259052ms)
2026-10-04T21:23:05.9725145Z ✔ asynchronous display snapshots ignore caller mutations and remain deeply readonly (142.497284ms)
2026-10-04T21:23:06.0940732Z ✔ an existing rated vocabulary review and schedule restore unchanged with the live display examples (143.772258ms)
2026-10-04T21:23:06.1289046Z ✔ construction and reads do not create reviews; rejected empty actions do not schedule saves (90.674941ms)
2026-10-04T21:23:06.1291486Z ✔ first route selects its lesson once, review visit never replaces the queue or enables due automatically (111.280406ms)
2026-10-04T21:23:06.1292851Z ✔ supported preferences normalize with no-op saves; invalid values cannot corrupt any practice field (81.097965ms)
2026-10-04T21:23:06.1294837Z ✔ all lessons expose exactly 344 distinct sense cards and 319 forms while preserving every source (38.684758ms)
2026-10-04T21:23:06.1296494Z ✔ same sense merges across selected lessons only and never borrows audio from an unselected source (24.718274ms)
2026-10-04T21:23:06.1297851Z ✔ homographs 家 在 天 上 retain separate sense identities and schedules (78.377018ms)
2026-10-04T21:23:06.1299370Z ✔ all, unfamiliar, wrong and due use selected senses and latest self-ratings without changing the active queue (58.405243ms)
2026-10-04T21:23:06.1301168Z ✔ free movement preserves each card while reveal still gates rating and repeated actions do not duplicate writes (52.104726ms)
2026-10-04T21:23:06.1302929Z ✔ skipping preserves existing schedules and all queue options, including due cards with an earlier unrated gap (41.245304ms)
2026-10-04T21:23:06.1304884Z ✔ unrated gaps and the exact saved position survive reload and backup import without losing skipped cards (281.223664ms)
2026-10-04T21:23:06.1306725Z ✔ out-of-order self-ratings complete only after every card is rated and preserve the true completion time (53.371454ms)
2026-10-04T21:23:06.1308062Z ✔ single-card and last-card next calls are no-ops even without revealing or rating (13.928623ms)
2026-10-04T21:23:06.1308938Z ✔ again, hard, good and early good exactly preserve the existing simple schedule semantics (37.450672ms)
2026-10-04T21:23:06.1309891Z ✔ a rated card stays current in a due round even when current preferences change lesson, direction and filter (65.486393ms)
2026-10-04T21:23:06.1311001Z ✔ shuffled order, position, reveal, self-ratings, preferences and source selection resume after actual save and backup import (112.441698ms)
2026-10-04T21:23:06.1311980Z ✔ vocabulary edits preserve homework, listening, reading stars and legacy original bytes (40.720229ms)
2026-10-04T21:23:06.1313144Z ✔ invalid clock or shuffle source cannot replace an existing round; changed sense identity cannot inherit self-ratings (104.1824ms)
2026-10-04T21:23:06.1314846Z ✔ quota failure and cross-tab conflict preserve the self-rating in exportable memory without pretending to save (114.826531ms)
2026-10-04T21:23:06.1315951Z ✔ mixed search matches Chinese, Vietnamese and unaccented/spaceless pinyin without merging senses (296.810358ms)
2026-10-04T21:23:06.1316948Z ✔ search intersects lesson and rating filters; empty searches cannot replace a saved round (231.332554ms)
2026-10-04T21:23:06.1317982Z ✔ searched queues retain exact ordering, saved scope and unrated gaps through reload and backup import (267.914034ms)
2026-10-04T21:23:06.1318887Z ✔ saved search never permits foreign, omitted, or substituted queue members (65.594962ms)
2026-10-04T21:23:06.1319429Z ℹ tests 630
2026-10-04T21:23:06.1319702Z ℹ suites 0
2026-10-04T21:23:06.1319949Z ℹ pass 630
2026-10-04T21:23:06.1320182Z ℹ fail 0
2026-10-04T21:23:06.1320417Z ℹ cancelled 0
2026-10-04T21:23:06.1320655Z ℹ skipped 0
2026-10-04T21:23:06.1320886Z ℹ todo 0
2026-10-04T21:23:06.1321143Z ℹ duration_ms 24145.187589
2026-10-04T21:23:06.2807423Z 
2026-10-04T21:23:06.2808406Z > hsk-shared-course-app@1.0.0 content:check
2026-10-04T21:23:06.2809230Z > node tools/validate-content.mjs
2026-10-04T21:23:06.2809630Z 
2026-10-04T21:23:06.4380492Z {
2026-10-04T21:23:06.4381296Z   "mode": "release",
2026-10-04T21:23:06.4382308Z   "totals": {
2026-10-04T21:23:06.4382682Z     "lessons": 33,
2026-10-04T21:23:06.4383025Z     "words": 749,
2026-10-04T21:23:06.4383368Z     "texts": 132,
2026-10-04T21:23:06.4383993Z     "grammar": 108,
2026-10-04T21:23:06.4384372Z     "homework": 990,
2026-10-04T21:23:06.4384752Z     "listening": 132,
2026-10-04T21:23:06.4385127Z     "sections": 162
2026-10-04T21:23:06.4385488Z   },
2026-10-04T21:23:06.4385798Z   "lessons": [
2026-10-04T21:23:06.4386126Z     {
2026-10-04T21:23:06.4386557Z       "id": "hsk2-fltrp-2026:l01",
2026-10-04T21:23:06.4386885Z       "level": 2,
2026-10-04T21:23:06.4387317Z       "number": 1,
2026-10-04T21:23:06.4387694Z       "title": {
2026-10-04T21:23:06.4388337Z         "zh": "她请我们吃了北京烤鸭",
2026-10-04T21:23:06.4389176Z         "vi": "Cô ấy đã mời chúng tôi ăn vịt quay Bắc Kinh",
2026-10-04T21:23:06.4389932Z         "py": "Tā qǐng wǒmen chīle Běijīng Kǎoyā"
2026-10-04T21:23:06.4390396Z       },
2026-10-04T21:23:06.4390702Z       "words": 15,
2026-10-04T21:23:06.4391012Z       "texts": 4,
2026-10-04T21:23:06.4391324Z       "grammar": 3,
2026-10-04T21:23:06.4391645Z       "homework": 30,
2026-10-04T21:23:06.4392277Z       "sha256": "f7923ab4d5fe5af0135aff04e701d0313a9edf5c3f3803b780a93bf5023e7523"
2026-10-04T21:23:06.4392925Z     },
2026-10-04T21:23:06.4393207Z     {
2026-10-04T21:23:06.4393798Z       "id": "hsk2-fltrp-2026:l02",
2026-10-04T21:23:06.4394211Z       "level": 2,
2026-10-04T21:23:06.4394519Z       "number": 2,
2026-10-04T21:23:06.4394831Z       "title": {
2026-10-04T21:23:06.4395267Z         "zh": "还是打车去北大吧",
2026-10-04T21:23:06.4395853Z         "vi": "Hay là đi taxi đến Đại học Bắc Kinh nhé",
2026-10-04T21:23:06.4396462Z         "py": "Háishi dǎchē qù Běidà ba"
2026-10-04T21:23:06.4396873Z       },
2026-10-04T21:23:06.4397155Z       "words": 17,
2026-10-04T21:23:06.4397464Z       "texts": 4,
2026-10-04T21:23:06.4397790Z       "grammar": 3,
2026-10-04T21:23:06.4398413Z       "homework": 30,
2026-10-04T21:23:06.4399043Z       "sha256": "87190119ee1017b4316039e515be6690e419d369f59d4aba774263229ab11e2d"
2026-10-04T21:23:06.4399640Z     },
2026-10-04T21:23:06.4399910Z     {
2026-10-04T21:23:06.4400254Z       "id": "hsk2-fltrp-2026:l03",
2026-10-04T21:23:06.4400665Z       "level": 2,
2026-10-04T21:23:06.4400982Z       "number": 3,
2026-10-04T21:23:06.4401314Z       "title": {
2026-10-04T21:23:06.4401729Z         "zh": "我想去西安旅游",
2026-10-04T21:23:06.4402236Z         "vi": "Tôi muốn đi du lịch Tây An",
2026-10-04T21:23:06.4402824Z         "py": "Wǒ xiǎng qù Xī'ān lǚyóu"
2026-10-04T21:23:06.4403475Z       },
2026-10-04T21:23:06.4412878Z       "words": 15,
2026-10-04T21:23:06.4414333Z       "texts": 4,
2026-10-04T21:23:06.4414645Z       "grammar": 3,
2026-10-04T21:23:06.4415367Z       "homework": 30,
2026-10-04T21:23:06.4416086Z       "sha256": "04c31d30fdae22f3fad0cbf22b6570875b3b546eddf8e538be7fe35981149506"
2026-10-04T21:23:06.4416781Z     },
2026-10-04T21:23:06.4417107Z     {
2026-10-04T21:23:06.4417480Z       "id": "hsk2-fltrp-2026:l04",
2026-10-04T21:23:06.4417925Z       "level": 2,
2026-10-04T21:23:06.4418286Z       "number": 4,
2026-10-04T21:23:06.4418640Z       "title": {
2026-10-04T21:23:06.4419131Z         "zh": "你穿红色的很好看",
2026-10-04T21:23:06.4419712Z         "vi": "Bạn mặc màu đỏ rất đẹp",
2026-10-04T21:23:06.4420370Z         "py": "Nǐ chuān hóngsè de hěn hǎokàn"
2026-10-04T21:23:06.4420847Z       },
2026-10-04T21:23:06.4421167Z       "words": 16,
2026-10-04T21:23:06.4421518Z       "texts": 4,
2026-10-04T21:23:06.4421865Z       "grammar": 3,
2026-10-04T21:23:06.4422249Z       "homework": 30,
2026-10-04T21:23:06.4422941Z       "sha256": "cc303bdf9b9498ad2745ab055b5a0b7b397723d92467c50a4ed26beb40c44e8c"
2026-10-04T21:23:06.4423853Z     },
2026-10-04T21:23:06.4424135Z     {
2026-10-04T21:23:06.4424523Z       "id": "hsk2-fltrp-2026:l05",
2026-10-04T21:23:06.4424955Z       "level": 2,
2026-10-04T21:23:06.4425167Z       "number": 5,
2026-10-04T21:23:06.4425486Z       "title": {
2026-10-04T21:23:06.4426025Z         "zh": "第一次去中国朋友家",
2026-10-04T21:23:06.4426642Z         "vi": "Lần đầu đến nhà bạn người Trung Quốc",
2026-10-04T21:23:06.4427365Z         "py": "Dì-yī cì qù Zhōngguó péngyou jiā"
2026-10-04T21:23:06.4427861Z       },
2026-10-04T21:23:06.4428180Z       "words": 20,
2026-10-04T21:23:06.4428520Z       "texts": 4,
2026-10-04T21:23:06.4428851Z       "grammar": 3,
2026-10-04T21:23:06.4429195Z       "homework": 30,
2026-10-04T21:23:06.4429884Z       "sha256": "aa7a6e96568e2fbfd4c4894778eccbcc34dd894f73fe5f0c25a7bcd7f1ad1038"
2026-10-04T21:23:06.4430411Z     },
2026-10-04T21:23:06.4430655Z     {
2026-10-04T21:23:06.4430888Z       "id": "hsk2-fltrp-2026:l06",
2026-10-04T21:23:06.4431180Z       "level": 2,
2026-10-04T21:23:06.4431383Z       "number": 6,
2026-10-04T21:23:06.4431609Z       "title": {
2026-10-04T21:23:06.4431937Z         "zh": "小雪，生日快乐！",
2026-10-04T21:23:06.4432397Z         "vi": "Tiểu Tuyết, chúc mừng sinh nhật!",
2026-10-04T21:23:06.4432807Z         "py": "Xiǎoxuě, shēngrì kuàilè!"
2026-10-04T21:23:06.4433089Z       },
2026-10-04T21:23:06.4433279Z       "words": 15,
2026-10-04T21:23:06.4433487Z       "texts": 4,
2026-10-04T21:23:06.4433963Z       "grammar": 3,
2026-10-04T21:23:06.4434187Z       "homework": 30,
2026-10-04T21:23:06.4434583Z       "sha256": "c6302d84d74ea51a02c1afaaaff781b7513350d6516608d73e5edd084bb06b20"
2026-10-04T21:23:06.4435015Z     },
2026-10-04T21:23:06.4435216Z     {
2026-10-04T21:23:06.4435441Z       "id": "hsk2-fltrp-2026:l07",
2026-10-04T21:23:06.4435714Z       "level": 2,
2026-10-04T21:23:06.4435933Z       "number": 7,
2026-10-04T21:23:06.4436168Z       "title": {
2026-10-04T21:23:06.4436500Z         "zh": "他篮球打得很好",
2026-10-04T21:23:06.4436868Z         "vi": "Anh ấy chơi bóng rổ rất giỏi",
2026-10-04T21:23:06.4437283Z         "py": "Tā lánqiú dǎ de hěn hǎo"
2026-10-04T21:23:06.4437575Z       },
2026-10-04T21:23:06.4437762Z       "words": 20,
2026-10-04T21:23:06.4437989Z       "texts": 4,
2026-10-04T21:23:06.4438470Z       "grammar": 3,
2026-10-04T21:23:06.4438723Z       "homework": 30,
2026-10-04T21:23:06.4439136Z       "sha256": "15b9f36001307933da8120e66214e3b7a266640022f6953b67b174b2a9c78f4c"
2026-10-04T21:23:06.4439563Z     },
2026-10-04T21:23:06.4439750Z     {
2026-10-04T21:23:06.4440018Z       "id": "hsk2-fltrp-2026:l08",
2026-10-04T21:23:06.4440316Z       "level": 2,
2026-10-04T21:23:06.4440545Z       "number": 8,
2026-10-04T21:23:06.4440765Z       "title": {
2026-10-04T21:23:06.4441090Z         "zh": "虽然你忘了，但是我记得",
2026-10-04T21:23:06.4441545Z         "vi": "Dù em quên nhưng anh vẫn nhớ",
2026-10-04T21:23:06.4442055Z         "py": "Suīrán nǐ wàng le, dànshì wǒ jìde"
2026-10-04T21:23:06.4442579Z       },
2026-10-04T21:23:06.4442797Z       "words": 17,
2026-10-04T21:23:06.4443037Z       "texts": 4,
2026-10-04T21:23:06.4443263Z       "grammar": 3,
2026-10-04T21:23:06.4443490Z       "homework": 30,
2026-10-04T21:23:06.4444215Z       "sha256": "90c7c19aac1d78ed62752356eefe09b6d3ee968c528c2008a53f0f2b1f96d00a"
2026-10-04T21:23:06.4444675Z     },
2026-10-04T21:23:06.4444865Z     {
2026-10-04T21:23:06.4445109Z       "id": "hsk2-fltrp-2026:l09",
2026-10-04T21:23:06.4445388Z       "level": 2,
2026-10-04T21:23:06.4445624Z       "number": 9,
2026-10-04T21:23:06.4445855Z       "title": {
2026-10-04T21:23:06.4446139Z         "zh": "我去买杯奶茶",
2026-10-04T21:23:06.4446506Z         "vi": "Tôi đi mua một cốc trà sữa",
2026-10-04T21:23:06.4446893Z         "py": "Wǒ qù mǎi bēi nǎichá"
2026-10-04T21:23:06.4447166Z       },
2026-10-04T21:23:06.4447377Z       "words": 13,
2026-10-04T21:23:06.4447606Z       "texts": 4,
2026-10-04T21:23:06.4447828Z       "grammar": 3,
2026-10-04T21:23:06.4448073Z       "homework": 30,
2026-10-04T21:23:06.4448505Z       "sha256": "55675df1ef69682537b7137e4f2ba19e2a311cf7738969ecd790dae62cc885aa"
2026-10-04T21:23:06.4448919Z     },
2026-10-04T21:23:06.4449119Z     {
2026-10-04T21:23:06.4449366Z       "id": "hsk2-fltrp-2026:l10",
2026-10-04T21:23:06.4449641Z       "level": 2,
2026-10-04T21:23:06.4449876Z       "number": 10,
2026-10-04T21:23:06.4450100Z       "title": {
2026-10-04T21:23:06.4450374Z         "zh": "就要考试了",
2026-10-04T21:23:06.4450665Z         "vi": "Sắp thi rồi",
2026-10-04T21:23:06.4451009Z         "py": "Jiù yào kǎoshì le"
2026-10-04T21:23:06.4451308Z       },
2026-10-04T21:23:06.4451517Z       "words": 15,
2026-10-04T21:23:06.4451736Z       "texts": 4,
2026-10-04T21:23:06.4451940Z       "grammar": 3,
2026-10-04T21:23:06.4452171Z       "homework": 30,
2026-10-04T21:23:06.4452613Z       "sha256": "5e8b2f82916f6bce00f4d28d0b31f8caf347f813bee9e19408f0edf723130156"
2026-10-04T21:23:06.4453072Z     },
2026-10-04T21:23:06.4453270Z     {
2026-10-04T21:23:06.4453516Z       "id": "hsk2-fltrp-2026:l11",
2026-10-04T21:23:06.4454092Z       "level": 2,
2026-10-04T21:23:06.4454330Z       "number": 11,
2026-10-04T21:23:06.4454641Z       "title": {
2026-10-04T21:23:06.4454970Z         "zh": "我最喜欢吃中国菜",
2026-10-04T21:23:06.4455349Z         "vi": "Tôi thích ăn món Trung Quốc nhất",
2026-10-04T21:23:06.4455970Z         "py": "Wǒ zuì xǐhuan chī Zhōngguó cài"
2026-10-04T21:23:06.4456291Z       },
2026-10-04T21:23:06.4456506Z       "words": 13,
2026-10-04T21:23:06.4456729Z       "texts": 4,
2026-10-04T21:23:06.4456958Z       "grammar": 3,
2026-10-04T21:23:06.4457167Z       "homework": 30,
2026-10-04T21:23:06.4457602Z       "sha256": "01ec965d7f18d41c5c91c053f93544b24c971303ed8b4ca6afd2ad2c03d48ff8"
2026-10-04T21:23:06.4458043Z     },
2026-10-04T21:23:06.4458248Z     {
2026-10-04T21:23:06.4458473Z       "id": "hsk2-fltrp-2026:l12",
2026-10-04T21:23:06.4458753Z       "level": 2,
2026-10-04T21:23:06.4458978Z       "number": 12,
2026-10-04T21:23:06.4459368Z       "title": {
2026-10-04T21:23:06.4459661Z         "zh": "这里比北京冷多了",
2026-10-04T21:23:06.4460028Z         "vi": "Ở đây lạnh hơn Bắc Kinh nhiều",
2026-10-04T21:23:06.4460442Z         "py": "Zhèlǐ bǐ Běijīng lěngduō le"
2026-10-04T21:23:06.4460742Z       },
2026-10-04T21:23:06.4460952Z       "words": 11,
2026-10-04T21:23:06.4461159Z       "texts": 4,
2026-10-04T21:23:06.4461395Z       "grammar": 3,
2026-10-04T21:23:06.4461625Z       "homework": 30,
2026-10-04T21:23:06.4462049Z       "sha256": "c64d2e1bc3dac399f1737338e70474d8ea8559c2aa65207290a515804a97e702"
2026-10-04T21:23:06.4462483Z     },
2026-10-04T21:23:06.4462693Z     {
2026-10-04T21:23:06.4462970Z       "id": "hsk2-fltrp-2026:l13",
2026-10-04T21:23:06.4463224Z       "level": 2,
2026-10-04T21:23:06.4463423Z       "number": 13,
2026-10-04T21:23:06.4463947Z       "title": {
2026-10-04T21:23:06.4464241Z         "zh": "我们爱上中文课",
2026-10-04T21:23:06.4464617Z         "vi": "Chúng tôi thích học tiết tiếng Trung",
2026-10-04T21:23:06.4465331Z         "py": "Wǒmen ài shàng Zhōngwén kè"
2026-10-04T21:23:06.4465921Z       },
2026-10-04T21:23:06.4466272Z       "words": 13,
2026-10-04T21:23:06.4466637Z       "texts": 4,
2026-10-04T21:23:06.4466904Z       "grammar": 3,
2026-10-04T21:23:06.4467118Z       "homework": 30,
2026-10-04T21:23:06.4467547Z       "sha256": "06d5d9e3f096ffe189f8d8214ba5582db9912e776e9ce3cee55d4fbd928057e1"
2026-10-04T21:23:06.4467963Z     },
2026-10-04T21:23:06.4468146Z     {
2026-10-04T21:23:06.4468372Z       "id": "hsk2-fltrp-2026:l14",
2026-10-04T21:23:06.4468626Z       "level": 2,
2026-10-04T21:23:06.4468831Z       "number": 14,
2026-10-04T21:23:06.4469029Z       "title": {
2026-10-04T21:23:06.4469326Z         "zh": "一个人过年多没意思啊",
2026-10-04T21:23:06.4469665Z         "vi": "Ăn Tết một mình buồn biết bao",
2026-10-04T21:23:06.4470046Z         "py": "Yí gè rén guònián duō méi yìsi a"
2026-10-04T21:23:06.4470329Z       },
2026-10-04T21:23:06.4470525Z       "words": 14,
2026-10-04T21:23:06.4470727Z       "texts": 4,
2026-10-04T21:23:06.4470938Z       "grammar": 3,
2026-10-04T21:23:06.4471144Z       "homework": 30,
2026-10-04T21:23:06.4471534Z       "sha256": "74d7a43cbed89ddf152a840d3c5bc06e8200c975fa1de5e9bf4223e227d52e0f"
2026-10-04T21:23:06.4471942Z     },
2026-10-04T21:23:06.4472129Z     {
2026-10-04T21:23:06.4472346Z       "id": "hsk2-fltrp-2026:l15",
2026-10-04T21:23:06.4472603Z       "level": 2,
2026-10-04T21:23:06.4472814Z       "number": 15,
2026-10-04T21:23:06.4473015Z       "title": {
2026-10-04T21:23:06.4473264Z         "zh": "我想再去一次中国",
2026-10-04T21:23:06.4474195Z         "vi": "Tôi muốn đến Trung Quốc thêm một lần nữa",
2026-10-04T21:23:06.4474927Z         "py": "Wǒ xiǎng zài qù yí cì Zhōngguó"
2026-10-04T21:23:06.4475406Z       },
2026-10-04T21:23:06.4475733Z       "words": 12,
2026-10-04T21:23:06.4476063Z       "texts": 4,
2026-10-04T21:23:06.4476381Z       "grammar": 3,
2026-10-04T21:23:06.4476715Z       "homework": 30,
2026-10-04T21:23:06.4477363Z       "sha256": "299a8d8cf8f90e721d8a8c8b0ca24d7c33d759949166cab1edd2eeddf00ae907"
2026-10-04T21:23:06.4478032Z     },
2026-10-04T21:23:06.4478310Z     {
2026-10-04T21:23:06.4478661Z       "id": "hsk3-fltrp-2026:l01",
2026-10-04T21:23:06.4479066Z       "level": 3,
2026-10-04T21:23:06.4479397Z       "number": 1,
2026-10-04T21:23:06.4479745Z       "title": {
2026-10-04T21:23:06.4480153Z         "zh": "我们去机场接你们",
2026-10-04T21:23:06.4480981Z         "vi": "Chúng tôi sẽ ra sân bay đón các bạn",
2026-10-04T21:23:06.4481681Z         "py": "Wǒmen qù jīchǎng jiē nǐmen"
2026-10-04T21:23:06.4482138Z       },
2026-10-04T21:23:06.4482459Z       "words": 27,
2026-10-04T21:23:06.4482802Z       "texts": 4,
2026-10-04T21:23:06.4483146Z       "grammar": 3,
2026-10-04T21:23:06.4483503Z       "homework": 30,
2026-10-04T21:23:06.4484386Z       "sha256": "764630f97d7ce5a229448ae32199215a61ed395dee69b480b2929538857171c1"
2026-10-04T21:23:06.4485091Z     },
2026-10-04T21:23:06.4485424Z     {
2026-10-04T21:23:06.4485799Z       "id": "hsk3-fltrp-2026:l02",
2026-10-04T21:23:06.4486224Z       "level": 3,
2026-10-04T21:23:06.4486765Z       "number": 2,
2026-10-04T21:23:06.4486980Z       "title": {
2026-10-04T21:23:06.4487344Z         "zh": "你们想吃什么就点什么",
2026-10-04T21:23:06.4487769Z         "vi": "Các bạn muốn ăn gì thì gọi món đó",
2026-10-04T21:23:06.4488195Z         "py": "Nǐmen xiǎng chī shénme jiù diǎn shénme"
2026-10-04T21:23:06.4488489Z       },
2026-10-04T21:23:06.4488687Z       "words": 30,
2026-10-04T21:23:06.4488907Z       "texts": 4,
2026-10-04T21:23:06.4489109Z       "grammar": 3,
2026-10-04T21:23:06.4489320Z       "homework": 30,
2026-10-04T21:23:06.4489719Z       "sha256": "8557474924e3536b9487f514008b0c8f5b9ac65079d95c3db1b19d3d5e6705b1"
2026-10-04T21:23:06.4490108Z     },
2026-10-04T21:23:06.4490291Z     {
2026-10-04T21:23:06.4490513Z       "id": "hsk3-fltrp-2026:l03",
2026-10-04T21:23:06.4490770Z       "level": 3,
2026-10-04T21:23:06.4490974Z       "number": 3,
2026-10-04T21:23:06.4491180Z       "title": {
2026-10-04T21:23:06.4491431Z         "zh": "这个小区挺好的",
2026-10-04T21:23:06.4491745Z         "vi": "Khu dân cư này khá tốt",
2026-10-04T21:23:06.4492121Z         "py": "Zhè ge xiǎoqū tǐng hǎo de"
2026-10-04T21:23:06.4492392Z       },
2026-10-04T21:23:06.4492586Z       "words": 27,
2026-10-04T21:23:06.4492798Z       "texts": 4,
2026-10-04T21:23:06.4492999Z       "grammar": 3,
2026-10-04T21:23:06.4493226Z       "homework": 30,
2026-10-04T21:23:06.4493906Z       "sha256": "1dda336fa54416b00a222f692ed2429c868950517a68bd0664f84f9d1f98f5e6"
2026-10-04T21:23:06.4494325Z     },
2026-10-04T21:23:06.4494514Z     {
2026-10-04T21:23:06.4494748Z       "id": "hsk3-fltrp-2026:l04",
2026-10-04T21:23:06.4495008Z       "level": 3,
2026-10-04T21:23:06.4495213Z       "number": 4,
2026-10-04T21:23:06.4495416Z       "title": {
2026-10-04T21:23:06.4495694Z         "zh": "这家宾馆跟别的都不一样",
2026-10-04T21:23:06.4496059Z         "vi": "Khách sạn này khác hẳn những nơi khác",
2026-10-04T21:23:06.4496483Z         "py": "Zhè jiā bīnguǎn gēn biéde dōu bù yíyàng"
2026-10-04T21:23:06.4496777Z       },
2026-10-04T21:23:06.4496980Z       "words": 28,
2026-10-04T21:23:06.4497178Z       "texts": 4,
2026-10-04T21:23:06.4497375Z       "grammar": 3,
2026-10-04T21:23:06.4497586Z       "homework": 30,
2026-10-04T21:23:06.4497984Z       "sha256": "dd1dc183be33fdec24c5b614c648ab64828333728dd6857a43e82fa7b92baf30"
2026-10-04T21:23:06.4498373Z     },
2026-10-04T21:23:06.4498554Z     {
2026-10-04T21:23:06.4498782Z       "id": "hsk3-fltrp-2026:l05",
2026-10-04T21:23:06.4499032Z       "level": 3,
2026-10-04T21:23:06.4499234Z       "number": 5,
2026-10-04T21:23:06.4499437Z       "title": {
2026-10-04T21:23:06.4499688Z         "zh": "这样的照片才好看",
2026-10-04T21:23:06.4499997Z         "vi": "Ảnh như thế này mới đẹp",
2026-10-04T21:23:06.4500362Z         "py": "Zhèyàng de zhàopiàn cái hǎokàn"
2026-10-04T21:23:06.4500637Z       },
2026-10-04T21:23:06.4500820Z       "words": 28,
2026-10-04T21:23:06.4501029Z       "texts": 4,
2026-10-04T21:23:06.4501230Z       "grammar": 4,
2026-10-04T21:23:06.4501439Z       "homework": 30,
2026-10-04T21:23:06.4501816Z       "sha256": "1330ba4fe33c7389921cc68a5b82fee147b9f4022911207e4b06be73235042d4"
2026-10-04T21:23:06.4502212Z     },
2026-10-04T21:23:06.4502399Z     {
2026-10-04T21:23:06.4502619Z       "id": "hsk3-fltrp-2026:l06",
2026-10-04T21:23:06.4502878Z       "level": 3,
2026-10-04T21:23:06.4503080Z       "number": 6,
2026-10-04T21:23:06.4503278Z       "title": {
2026-10-04T21:23:06.4503733Z         "zh": "高铁上还可以点外卖",
2026-10-04T21:23:06.4504369Z         "vi": "Trên tàu cao tốc còn có thể gọi đồ ăn giao tận nơi",
2026-10-04T21:23:06.4504845Z         "py": "Gāotiě shàng hái kěyǐ diǎn wàimài"
2026-10-04T21:23:06.4505138Z       },
2026-10-04T21:23:06.4505328Z       "words": 31,
2026-10-04T21:23:06.4505535Z       "texts": 4,
2026-10-04T21:23:06.4505737Z       "grammar": 3,
2026-10-04T21:23:06.4506093Z       "homework": 30,
2026-10-04T21:23:06.4506768Z       "sha256": "335f48814ea644fd9f635279975cc74962b54a3b20263e7cb99ebf3e6a0a7346"
2026-10-04T21:23:06.4507393Z     },
2026-10-04T21:23:06.4507579Z     {
2026-10-04T21:23:06.4507985Z       "id": "hsk3-fltrp-2026:l07",
2026-10-04T21:23:06.4508239Z       "level": 3,
2026-10-04T21:23:06.4508439Z       "number": 7,
2026-10-04T21:23:06.4508636Z       "title": {
2026-10-04T21:23:06.4508933Z         "zh": "那条裙子比短裤更好看",
2026-10-04T21:23:06.4509279Z         "vi": "Chiếc váy kia đẹp hơn quần soóc",
2026-10-04T21:23:06.4509675Z         "py": "Nà tiáo qúnzi bǐ duǎnkù gèng hǎokàn"
2026-10-04T21:23:06.4509972Z       },
2026-10-04T21:23:06.4510160Z       "words": 30,
2026-10-04T21:23:06.4510361Z       "texts": 4,
2026-10-04T21:23:06.4510567Z       "grammar": 4,
2026-10-04T21:23:06.4510952Z       "homework": 30,
2026-10-04T21:23:06.4511687Z       "sha256": "2fb4bac59590ec1121814ea7fbac4f5e8fb0923c2113f630dfcb0c822a1288c9"
2026-10-04T21:23:06.4512436Z     },
2026-10-04T21:23:06.4512840Z     {
2026-10-04T21:23:06.4513311Z       "id": "hsk3-fltrp-2026:l08",
2026-10-04T21:23:06.4514012Z       "level": 3,
2026-10-04T21:23:06.4514379Z       "number": 8,
2026-10-04T21:23:06.4514630Z       "title": {
2026-10-04T21:23:06.4515003Z         "zh": "今天我出院了",
2026-10-04T21:23:06.4515369Z         "vi": "Hôm nay tôi xuất viện",
2026-10-04T21:23:06.4515753Z         "py": "Jīntiān wǒ chūyuàn le"
2026-10-04T21:23:06.4516021Z       },
2026-10-04T21:23:06.4516216Z       "words": 31,
2026-10-04T21:23:06.4516424Z       "texts": 4,
2026-10-04T21:23:06.4516626Z       "grammar": 4,
2026-10-04T21:23:06.4516845Z       "homework": 30,
2026-10-04T21:23:06.4517243Z       "sha256": "060fe8ae8ac154b8b6cb9a64c9153b64d13b8d0e28b9a949b66651d00f3d0c24"
2026-10-04T21:23:06.4517648Z     },
2026-10-04T21:23:06.4517827Z     {
2026-10-04T21:23:06.4518045Z       "id": "hsk3-fltrp-2026:l09",
2026-10-04T21:23:06.4518301Z       "level": 3,
2026-10-04T21:23:06.4518505Z       "number": 9,
2026-10-04T21:23:06.4518708Z       "title": {
2026-10-04T21:23:06.4518961Z         "zh": "打不好没关系",
2026-10-04T21:23:06.4519288Z         "vi": "Chơi chưa tốt cũng không sao",
2026-10-04T21:23:06.4519641Z         "py": "Dǎ bu hǎo méi guānxi"
2026-10-04T21:23:06.4519904Z       },
2026-10-04T21:23:06.4520093Z       "words": 33,
2026-10-04T21:23:06.4520294Z       "texts": 4,
2026-10-04T21:23:06.4520494Z       "grammar": 3,
2026-10-04T21:23:06.4520705Z       "homework": 30,
2026-10-04T21:23:06.4521099Z       "sha256": "fecde40f8913de909cccf29f357ba27fa2dc9a92b0b6fe21e8f31348a764c937"
2026-10-04T21:23:06.4521495Z     },
2026-10-04T21:23:06.4521672Z     {
2026-10-04T21:23:06.4521897Z       "id": "hsk3-fltrp-2026:l10",
2026-10-04T21:23:06.4522312Z       "level": 3,
2026-10-04T21:23:06.4522665Z       "number": 10,
2026-10-04T21:23:06.4523006Z       "title": {
2026-10-04T21:23:06.4523438Z         "zh": "你明天再把书还给我",
2026-10-04T21:23:06.4524256Z         "vi": "Ngày mai bạn hãy trả sách cho tôi",
2026-10-04T21:23:06.4524959Z         "py": "Nǐ míngtiān zài bǎ shū huán gěi wǒ"
2026-10-04T21:23:06.4525432Z       },
2026-10-04T21:23:06.4525739Z       "words": 33,
2026-10-04T21:23:06.4526050Z       "texts": 4,
2026-10-04T21:23:06.4526361Z       "grammar": 3,
2026-10-04T21:23:06.4526688Z       "homework": 30,
2026-10-04T21:23:06.4527337Z       "sha256": "b7f106e2ece82f87921a16bf87b4dac345f9d5366c75fee0394da1b7597de828"
2026-10-04T21:23:06.4527956Z     },
2026-10-04T21:23:06.4528246Z     {
2026-10-04T21:23:06.4528587Z       "id": "hsk3-fltrp-2026:l11",
2026-10-04T21:23:06.4528974Z       "level": 3,
2026-10-04T21:23:06.4529290Z       "number": 11,
2026-10-04T21:23:06.4529832Z       "title": {
2026-10-04T21:23:06.4530260Z         "zh": "看来我没办法解决这个问题",
2026-10-04T21:23:06.4530895Z         "vi": "Xem ra tôi không có cách giải quyết vấn đề này",
2026-10-04T21:23:06.4531598Z         "py": "Kànlái wǒ méi bànfǎ jiějué zhège wèntí"
2026-10-04T21:23:06.4532050Z       },
2026-10-04T21:23:06.4532344Z       "words": 29,
2026-10-04T21:23:06.4532661Z       "texts": 4,
2026-10-04T21:23:06.4532974Z       "grammar": 4,
2026-10-04T21:23:06.4533314Z       "homework": 30,
2026-10-04T21:23:06.4534143Z       "sha256": "e54b04f5fba66b2201d4ab9b963c7f8cf977fe3a52e0347e13186e9eb24ce4e2"
2026-10-04T21:23:06.4534806Z     },
2026-10-04T21:23:06.4535373Z     {
2026-10-04T21:23:06.4535713Z       "id": "hsk3-fltrp-2026:l12",
2026-10-04T21:23:06.4536110Z       "level": 3,
2026-10-04T21:23:06.4536494Z       "number": 12,
2026-10-04T21:23:06.4536848Z       "title": {
2026-10-04T21:23:06.4537289Z         "zh": "这个季节天气变化很快",
2026-10-04T21:23:06.4537883Z         "vi": "Mùa này thời tiết thay đổi rất nhanh",
2026-10-04T21:23:06.4538594Z         "py": "Zhège jìjié tiānqì biànhuà hěn kuài"
2026-10-04T21:23:06.4539080Z       },
2026-10-04T21:23:06.4539401Z       "words": 28,
2026-10-04T21:23:06.4539744Z       "texts": 4,
2026-10-04T21:23:06.4540081Z       "grammar": 4,
2026-10-04T21:23:06.4540430Z       "homework": 30,
2026-10-04T21:23:06.4541085Z       "sha256": "deb3939089488474d986529d9b4c46615c3264d614cd246041d62d98cdee3b4d"
2026-10-04T21:23:06.4541739Z     },
2026-10-04T21:23:06.4542035Z     {
2026-10-04T21:23:06.4542414Z       "id": "hsk3-fltrp-2026:l13",
2026-10-04T21:23:06.4542834Z       "level": 3,
2026-10-04T21:23:06.4543176Z       "number": 13,
2026-10-04T21:23:06.4543701Z       "title": {
2026-10-04T21:23:06.4544143Z         "zh": "我的新邻居来自英国",
2026-10-04T21:23:06.4544716Z         "vi": "Hàng xóm mới của tôi đến từ Anh",
2026-10-04T21:23:06.4545369Z         "py": "Wǒ de xīn línjū láizì Yīngguó"
2026-10-04T21:23:06.4545830Z       },
2026-10-04T21:23:06.4546122Z       "words": 28,
2026-10-04T21:23:06.4546436Z       "texts": 4,
2026-10-04T21:23:06.4546772Z       "grammar": 3,
2026-10-04T21:23:06.4547104Z       "homework": 30,
2026-10-04T21:23:06.4547710Z       "sha256": "440776721226463550a6e0b45fd42dd178bd3fe57a62d9c643923d8d132c61cc"
2026-10-04T21:23:06.4548310Z     },
2026-10-04T21:23:06.4548592Z     {
2026-10-04T21:23:06.4548940Z       "id": "hsk3-fltrp-2026:l14",
2026-10-04T21:23:06.4549368Z       "level": 3,
2026-10-04T21:23:06.4549712Z       "number": 14,
2026-10-04T21:23:06.4550059Z       "title": {
2026-10-04T21:23:06.4550546Z         "zh": "这本书被别人借走了",
2026-10-04T21:23:06.4551226Z         "vi": "Cuốn sách này đã được người khác mượn rồi",
2026-10-04T21:23:06.4551976Z         "py": "Zhè běn shū bèi biérén jiè zǒu le"
2026-10-04T21:23:06.4552459Z       },
2026-10-04T21:23:06.4552792Z       "words": 28,
2026-10-04T21:23:06.4553166Z       "texts": 4,
2026-10-04T21:23:06.4553383Z       "grammar": 3,
2026-10-04T21:23:06.4553856Z       "homework": 30,
2026-10-04T21:23:06.4554287Z       "sha256": "4243e1cafafd148020c1ffbf22cca4c9c9a2f1b2a361fdf778c26c95f678012a"
2026-10-04T21:23:06.4554700Z     },
2026-10-04T21:23:06.4554886Z     {
2026-10-04T21:23:06.4555117Z       "id": "hsk3-fltrp-2026:l15",
2026-10-04T21:23:06.4555371Z       "level": 3,
2026-10-04T21:23:06.4555573Z       "number": 15,
2026-10-04T21:23:06.4555929Z       "title": {
2026-10-04T21:23:06.4556390Z         "zh": "我是半个南京人",
2026-10-04T21:23:06.4557371Z         "vi": "Tôi có thể coi là nửa người Nam Kinh",
2026-10-04T21:23:06.4558243Z         "py": "Wǒ shì bàn ge Nánjīngrén"
2026-10-04T21:23:06.4570371Z       },
2026-10-04T21:23:06.4570610Z       "words": 28,
2026-10-04T21:23:06.4570868Z       "texts": 4,
2026-10-04T21:23:06.4571146Z       "grammar": 4,
2026-10-04T21:23:06.4571485Z       "homework": 30,
2026-10-04T21:23:06.4571908Z       "sha256": "72fe01c3ec5cb1153815f78cc24962d5323f2f0d44d49197f4ad79160f388836"
2026-10-04T21:23:06.4572324Z     },
2026-10-04T21:23:06.4572510Z     {
2026-10-04T21:23:06.4572738Z       "id": "hsk3-fltrp-2026:l16",
2026-10-04T21:23:06.4573227Z       "level": 3,
2026-10-04T21:23:06.4573449Z       "number": 16,
2026-10-04T21:23:06.4573955Z       "title": {
2026-10-04T21:23:06.4574425Z         "zh": "我听说有的熊猫出国了",
2026-10-04T21:23:06.4574853Z         "vi": "Tôi nghe nói có gấu trúc đã ra nước ngoài",
2026-10-04T21:23:06.4575312Z         "py": "Wǒ tīngshuō yǒude xióngmāo chū guó le"
2026-10-04T21:23:06.4575614Z       },
2026-10-04T21:23:06.4575809Z       "words": 26,
2026-10-04T21:23:06.4576017Z       "texts": 4,
2026-10-04T21:23:06.4576226Z       "grammar": 4,
2026-10-04T21:23:06.4576434Z       "homework": 30,
2026-10-04T21:23:06.4576828Z       "sha256": "06357423b8ea5eba948b8b7deb495d23779efa3cc8467f9c43554eb3f6769139"
2026-10-04T21:23:06.4577416Z     },
2026-10-04T21:23:06.4577603Z     {
2026-10-04T21:23:06.4577828Z       "id": "hsk3-fltrp-2026:l17",
2026-10-04T21:23:06.4578095Z       "level": 3,
2026-10-04T21:23:06.4578302Z       "number": 17,
2026-10-04T21:23:06.4578510Z       "title": {
2026-10-04T21:23:06.4578773Z         "zh": "我要多向认真的人学习",
2026-10-04T21:23:06.4579202Z         "vi": "Tôi phải học hỏi nhiều hơn từ những người cẩn thận",
2026-10-04T21:23:06.4579677Z         "py": "Wǒ yào duō xiàng rènzhēn de rén xuéxí"
2026-10-04T21:23:06.4579970Z       },
2026-10-04T21:23:06.4580161Z       "words": 28,
2026-10-04T21:23:06.4580363Z       "texts": 4,
2026-10-04T21:23:06.4580560Z       "grammar": 4,
2026-10-04T21:23:06.4580768Z       "homework": 30,
2026-10-04T21:23:06.4581198Z       "sha256": "244aa2c25d66d7168b4dff8c5431e200fed68d6c2d54af530e0781c7772bfe2a"
2026-10-04T21:23:06.4581594Z     },
2026-10-04T21:23:06.4581773Z     {
2026-10-04T21:23:06.4582031Z       "id": "hsk3-fltrp-2026:l18",
2026-10-04T21:23:06.4582304Z       "level": 3,
2026-10-04T21:23:06.4582508Z       "number": 18,
2026-10-04T21:23:06.4582738Z       "title": {
2026-10-04T21:23:06.4583017Z         "zh": "我学会了包饺子",
2026-10-04T21:23:06.4583353Z         "vi": "Tôi đã học được cách gói sủi cảo",
2026-10-04T21:23:06.4584275Z         "py": "Wǒ xuéhuì le bāo jiǎozi"
2026-10-04T21:23:06.4584748Z       },
2026-10-04T21:23:06.4584976Z       "words": 30,
2026-10-04T21:23:06.4585214Z       "texts": 4,
2026-10-04T21:23:06.4585422Z       "grammar": 4,
2026-10-04T21:23:06.4585673Z       "homework": 30,
2026-10-04T21:23:06.4586111Z       "sha256": "939dcb25ee7cdd124e062a2810fea523a9193395fd56fa940d8c111a554c0f53"
2026-10-04T21:23:06.4586528Z     }
2026-10-04T21:23:06.4586729Z   ],
2026-10-04T21:23:06.4586932Z   "lexicons": [
2026-10-04T21:23:06.4587176Z     {
2026-10-04T21:23:06.4587446Z       "courseId": "hsk2-fltrp-2026",
2026-10-04T21:23:06.4587741Z       "counts": {
2026-10-04T21:23:06.4587988Z         "sourceRecords": 226,
2026-10-04T21:23:06.4588270Z         "senses": 226,
2026-10-04T21:23:06.4588523Z         "chineseForms": 209,
2026-10-04T21:23:06.4588795Z         "verifiedMerges": 0
2026-10-04T21:23:06.4589042Z       },
2026-10-04T21:23:06.4589451Z       "sha256": "ef5bfd9d4b03fd83e0eb735afca091ff3daa09dd1c5439f1e4453d118bef014c"
2026-10-04T21:23:06.4589903Z     },
2026-10-04T21:23:06.4590109Z     {
2026-10-04T21:23:06.4590359Z       "courseId": "hsk3-fltrp-2026",
2026-10-04T21:23:06.4590662Z       "counts": {
2026-10-04T21:23:06.4590907Z         "sourceRecords": 523,
2026-10-04T21:23:06.4591173Z         "senses": 523,
2026-10-04T21:23:06.4591424Z         "chineseForms": 487,
2026-10-04T21:23:06.4591665Z         "verifiedMerges": 0
2026-10-04T21:23:06.4591905Z       },
2026-10-04T21:23:06.4592278Z       "sha256": "a3c72056adcde40201c46d5dd04aee5d0a633508b90acb09ec4d4dadd14eeef3"
2026-10-04T21:23:06.4592693Z     }
2026-10-04T21:23:06.4592884Z   ],
2026-10-04T21:23:06.4593150Z   "issues": []
2026-10-04T21:23:06.4593775Z }
2026-10-04T21:23:06.5967787Z 
2026-10-04T21:23:06.5968496Z > hsk1-modular-app@0.1.0 catalog:check
2026-10-04T21:23:06.5969240Z > node tools/catalog.mjs --check
2026-10-04T21:23:06.5969577Z 
2026-10-04T21:23:07.7465992Z {"ok":true,"mode":"check","baseline":"71b39192133c82f684384f450dda6079d3253440","counts":{"lessons":15,"tasks":300,"senses":344,"forms":319,"textbookWords":342,"texts":45,"grammar":40,"sortAnswers":95,"listening":75,"wordAudio":330,"missingWordAudio":14,"clips":405,"tracks":93},"artifacts":7}
2026-10-04T21:23:07.9070041Z 
2026-10-04T21:23:07.9070926Z > hsk1-modular-app@0.1.0 fixtures:check
2026-10-04T21:23:07.9071964Z > node tools/migration-fixtures.mjs --check
2026-10-04T21:23:07.9072913Z 
2026-10-04T21:23:08.0173314Z Verified 12 deterministic nonempty migration fixtures.
2026-10-04T21:23:08.1667420Z 
2026-10-04T21:23:08.1667980Z > hsk-shared-course-app@1.0.0 check
2026-10-04T21:23:08.1668410Z > tsc --noEmit
2026-10-04T21:23:08.1668564Z 
2026-10-04T21:23:09.0235948Z 
2026-10-04T21:23:09.0237105Z > hsk1-modular-app@0.1.0 check
2026-10-04T21:23:09.0237915Z > tsc --noEmit
2026-10-04T21:23:09.0239840Z 
2026-10-04T21:23:10.5290901Z ✔ an actual single native pass can satisfy exact engine/file/count (1.469308ms)
2026-10-04T21:23:10.5300456Z ✔ native guard rejects collection (1.825707ms)
2026-10-04T21:23:10.5304447Z ✔ native guard rejects skip (0.437982ms)
2026-10-04T21:23:10.5306777Z ✔ native guard rejects retry (0.246754ms)
2026-10-04T21:23:10.5307606Z ✔ native guard rejects expectedFailure (0.286267ms)
2026-10-04T21:23:10.5308130Z ✔ native guard rejects perCaseError (0.257463ms)
2026-10-04T21:23:10.5308582Z ✔ native guard rejects globalError (0.274084ms)
2026-10-04T21:23:10.5309021Z ✔ native guard rejects wrongEngine (0.22393ms)
2026-10-04T21:23:10.5309431Z ✔ native guard rejects foreignFile (0.327715ms)
2026-10-04T21:23:10.5309837Z ✔ native guard rejects missingCase (0.468389ms)
2026-10-04T21:23:10.5310684Z ✔ native guard rejects duplicateCase (0.387126ms)
2026-10-04T21:23:10.5311521Z ✔ native guard rejects flaky (0.262933ms)
2026-10-04T21:23:10.5401798Z ℹ tests 12
2026-10-04T21:23:10.5402874Z ℹ suites 0
2026-10-04T21:23:10.5403895Z ℹ pass 12
2026-10-04T21:23:10.5404310Z ℹ fail 0
2026-10-04T21:23:10.5404691Z ℹ cancelled 0
2026-10-04T21:23:10.5405145Z ℹ skipped 0
2026-10-04T21:23:10.5405535Z ℹ todo 0
2026-10-04T21:23:10.5405987Z ℹ duration_ms 71.787143
2026-10-04T21:23:10.5569544Z ##[group]Run node course-app/docs/resume-20261004/b10-adapter-ci/run-command.mjs browser-install course-app npx playwright install --with-deps webkit
2026-10-04T21:23:10.5570684Z [36;1mnode course-app/docs/resume-20261004/b10-adapter-ci/run-command.mjs browser-install course-app npx playwright install --with-deps webkit[0m
2026-10-04T21:23:10.5571721Z [36;1mnode course-app/docs/resume-20261004/b10-adapter-ci/run-command.mjs font-install . sudo apt-get install -y fonts-noto-cjk[0m
2026-10-04T21:23:10.5636257Z shell: /usr/bin/bash -e {0}
2026-10-04T21:23:10.5636541Z env:
2026-10-04T21:23:10.5636757Z   HSK_ADAPTER_CI_BROWSER: webkit
2026-10-04T21:23:10.5637047Z ##[endgroup]
2026-10-04T21:23:11.3932879Z Installing dependencies...
2026-10-04T21:23:11.4014044Z Switching to root user to install dependencies...
2026-10-04T21:23:11.4975361Z Get:1 file:/etc/apt/apt-mirrors.txt Mirrorlist [144 B]
2026-10-04T21:23:11.5271872Z Get:6 https://packages.microsoft.com/ubuntu/24.04/prod noble InRelease [3600 B]
2026-10-04T21:23:11.5362447Z Hit:2 http://azure.archive.ubuntu.com/ubuntu noble InRelease
2026-10-04T21:23:11.5377619Z Get:3 http://azure.archive.ubuntu.com/ubuntu noble-updates InRelease [126 kB]
2026-10-04T21:23:11.5407248Z Get:4 http://azure.archive.ubuntu.com/ubuntu noble-backports InRelease [126 kB]
2026-10-04T21:23:11.5440040Z Get:5 http://azure.archive.ubuntu.com/ubuntu noble-security InRelease [126 kB]
2026-10-04T21:23:11.5965048Z Get:7 https://packages.microsoft.com/ubuntu/24.04/prod noble/main armhf Packages [12.6 kB]
2026-10-04T21:23:11.6101195Z Get:8 https://packages.microsoft.com/ubuntu/24.04/prod noble/main arm64 Packages [458 kB]
2026-10-04T21:23:11.6194100Z Get:9 https://packages.microsoft.com/ubuntu/24.04/prod noble/main amd64 Packages [511 kB]
2026-10-04T21:23:11.7245588Z Get:10 http://azure.archive.ubuntu.com/ubuntu noble-updates/main amd64 Packages [1364 kB]
2026-10-04T21:23:11.7349166Z Get:11 http://azure.archive.ubuntu.com/ubuntu noble-updates/main Translation-en [304 kB]
2026-10-04T21:23:11.7373390Z Get:12 http://azure.archive.ubuntu.com/ubuntu noble-updates/main amd64 Components [181 kB]
2026-10-04T21:23:11.7390715Z Get:13 http://azure.archive.ubuntu.com/ubuntu noble-updates/universe amd64 Packages [1699 kB]
2026-10-04T21:23:11.7497145Z Get:14 http://azure.archive.ubuntu.com/ubuntu noble-updates/universe Translation-en [341 kB]
2026-10-04T21:23:11.7508768Z Get:15 http://azure.archive.ubuntu.com/ubuntu noble-updates/universe amd64 Components [388 kB]
2026-10-04T21:23:11.7538839Z Get:16 http://azure.archive.ubuntu.com/ubuntu noble-updates/restricted amd64 Packages [1720 kB]
2026-10-04T21:23:11.7630375Z Get:17 http://azure.archive.ubuntu.com/ubuntu noble-updates/restricted Translation-en [394 kB]
2026-10-04T21:23:11.7658082Z Get:18 http://azure.archive.ubuntu.com/ubuntu noble-updates/multiverse amd64 Components [940 B]
2026-10-04T21:23:11.7874468Z Get:19 http://azure.archive.ubuntu.com/ubuntu noble-backports/main amd64 Components [5776 B]
2026-10-04T21:23:11.8312756Z Get:20 http://azure.archive.ubuntu.com/ubuntu noble-backports/universe amd64 Components [12.6 kB]
2026-10-04T21:23:11.8485493Z Get:21 http://azure.archive.ubuntu.com/ubuntu noble-security/main amd64 Packages [1069 kB]
2026-10-04T21:23:11.8521499Z Get:22 http://azure.archive.ubuntu.com/ubuntu noble-security/main Translation-en [221 kB]
2026-10-04T21:23:11.8539031Z Get:23 http://azure.archive.ubuntu.com/ubuntu noble-security/main amd64 Components [46.4 kB]
2026-10-04T21:23:11.8550458Z Get:24 http://azure.archive.ubuntu.com/ubuntu noble-security/universe amd64 Packages [1216 kB]
2026-10-04T21:23:11.8611341Z Get:25 http://azure.archive.ubuntu.com/ubuntu noble-security/universe Translation-en [244 kB]
2026-10-04T21:23:11.8629379Z Get:26 http://azure.archive.ubuntu.com/ubuntu noble-security/universe amd64 Components [76.4 kB]
2026-10-04T21:23:11.8642800Z Get:27 http://azure.archive.ubuntu.com/ubuntu noble-security/restricted amd64 Packages [1566 kB]
2026-10-04T21:23:11.8719013Z Get:28 http://azure.archive.ubuntu.com/ubuntu noble-security/restricted Translation-en [361 kB]
2026-10-04T21:23:16.5434228Z Fetched 12.6 MB in 1s (9087 kB/s)
2026-10-04T21:23:17.4978282Z Reading package lists...
2026-10-04T21:23:17.5228681Z Reading package lists...
2026-10-04T21:23:17.7580313Z Building dependency tree...
2026-10-04T21:23:17.7587875Z Reading state information...
2026-10-04T21:23:18.0028586Z libicu74 is already the newest version (74.2-1ubuntu3.1).
2026-10-04T21:23:18.0029783Z libatomic1 is already the newest version (14.2.0-4ubuntu2~24.04.1).
2026-10-04T21:23:18.0030783Z libatomic1 set to manually installed.
2026-10-04T21:23:18.0031857Z libatk-bridge2.0-0t64 is already the newest version (2.52.0-1build1).
2026-10-04T21:23:18.0032961Z libatk-bridge2.0-0t64 set to manually installed.
2026-10-04T21:23:18.0034184Z libatk1.0-0t64 is already the newest version (2.52.0-1build1).
2026-10-04T21:23:18.0034941Z libatk1.0-0t64 set to manually installed.
2026-10-04T21:23:18.0035594Z libcairo-gobject2 is already the newest version (1.18.0-3build1).
2026-10-04T21:23:18.0036107Z libcairo-gobject2 set to manually installed.
2026-10-04T21:23:18.0036950Z libcairo2 is already the newest version (1.18.0-3build1).
2026-10-04T21:23:18.0037416Z libcairo2 set to manually installed.
2026-10-04T21:23:18.0037871Z libdbus-1-3 is already the newest version (1.14.10-4ubuntu4.1).
2026-10-04T21:23:18.0038316Z libdbus-1-3 set to manually installed.
2026-10-04T21:23:18.0038782Z libdrm2 is already the newest version (2.4.125-1ubuntu0.1~24.04.2).
2026-10-04T21:23:18.0039233Z libdrm2 set to manually installed.
2026-10-04T21:23:18.0039919Z libenchant-2-2 is already the newest version (2.3.3-2build2).
2026-10-04T21:23:18.0040732Z libenchant-2-2 set to manually installed.
2026-10-04T21:23:18.0041474Z libepoxy0 is already the newest version (1.5.10-1build1).
2026-10-04T21:23:18.0042192Z libepoxy0 set to manually installed.
2026-10-04T21:23:18.0042992Z libfontconfig1 is already the newest version (2.15.0-1.1ubuntu2).
2026-10-04T21:23:18.0043495Z libfontconfig1 set to manually installed.
2026-10-04T21:23:18.0044149Z libfreetype6 is already the newest version (2.13.2+dfsg-1ubuntu0.1).
2026-10-04T21:23:18.0044609Z libfreetype6 set to manually installed.
2026-10-04T21:23:18.0045106Z libgdk-pixbuf-2.0-0 is already the newest version (2.42.10+dfsg-3ubuntu3.3).
2026-10-04T21:23:18.0045589Z libgdk-pixbuf-2.0-0 set to manually installed.
2026-10-04T21:23:18.0046049Z libglib2.0-0t64 is already the newest version (2.80.0-6ubuntu3.9).
2026-10-04T21:23:18.0046480Z libglib2.0-0t64 set to manually installed.
2026-10-04T21:23:18.0046967Z libgstreamer1.0-0 is already the newest version (1.24.2-1ubuntu0.1).
2026-10-04T21:23:18.0047690Z libgstreamer1.0-0 set to manually installed.
2026-10-04T21:23:18.0048117Z libharfbuzz0b is already the newest version (8.3.0-2build2).
2026-10-04T21:23:18.0048518Z libharfbuzz0b set to manually installed.
2026-10-04T21:23:18.0048937Z libjpeg-turbo8 is already the newest version (2.1.5-2ubuntu2).
2026-10-04T21:23:18.0049344Z libjpeg-turbo8 set to manually installed.
2026-10-04T21:23:18.0049775Z liblcms2-2 is already the newest version (2.14-2ubuntu0.1).
2026-10-04T21:23:18.0050172Z liblcms2-2 set to manually installed.
2026-10-04T21:23:18.0050586Z libpango-1.0-0 is already the newest version (1.52.1+ds-1build1).
2026-10-04T21:23:18.0050995Z libpango-1.0-0 set to manually installed.
2026-10-04T21:23:18.0051554Z libpangocairo-1.0-0 is already the newest version (1.52.1+ds-1build1).
2026-10-04T21:23:18.0052447Z libpangocairo-1.0-0 set to manually installed.
2026-10-04T21:23:18.0053123Z libpng16-16t64 is already the newest version (1.6.43-5ubuntu0.6).
2026-10-04T21:23:18.0054087Z libpng16-16t64 set to manually installed.
2026-10-04T21:23:18.0054856Z libwayland-client0 is already the newest version (1.22.0-2.1build1).
2026-10-04T21:23:18.0055334Z libwayland-client0 set to manually installed.
2026-10-04T21:23:18.0055788Z libwayland-egl1 is already the newest version (1.22.0-2.1build1).
2026-10-04T21:23:18.0056326Z libwayland-egl1 set to manually installed.
2026-10-04T21:23:18.0057060Z libwebp7 is already the newest version (1.3.2-0.4build3).
2026-10-04T21:23:18.0057454Z libwebp7 set to manually installed.
2026-10-04T21:23:18.0057856Z libwebpdemux2 is already the newest version (1.3.2-0.4build3).
2026-10-04T21:23:18.0058259Z libwebpdemux2 set to manually installed.
2026-10-04T21:23:18.0058668Z libx11-6 is already the newest version (2:1.8.7-1build1).
2026-10-04T21:23:18.0059042Z libx11-6 set to manually installed.
2026-10-04T21:23:18.0059431Z libxkbcommon0 is already the newest version (1.6.0-1build1).
2026-10-04T21:23:18.0059851Z libxkbcommon0 set to manually installed.
2026-10-04T21:23:18.0060290Z libxml2 is already the newest version (2.9.14+dfsg-1.3ubuntu3.9).
2026-10-04T21:23:18.0060703Z libxml2 set to manually installed.
2026-10-04T21:23:18.0061137Z libxslt1.1 is already the newest version (1.1.39-0exp1ubuntu0.24.04.3).
2026-10-04T21:23:18.0061568Z libxslt1.1 set to manually installed.
2026-10-04T21:23:18.0061976Z xvfb is already the newest version (2:21.1.12-1ubuntu1.8).
2026-10-04T21:23:18.0062530Z fonts-noto-color-emoji is already the newest version (2.047-0ubuntu0.24.04.1).
2026-10-04T21:23:18.0063072Z fonts-liberation is already the newest version (1:2.1.5-3).
2026-10-04T21:23:18.0063477Z fonts-liberation set to manually installed.
2026-10-04T21:23:18.0064196Z The following additional packages will be installed:
2026-10-04T21:23:18.0064661Z   glib-networking glib-networking-common glib-networking-services
2026-10-04T21:23:18.0065185Z   gsettings-desktop-schemas libaa1 libabsl20220623t64 libass9 libasyncns0
2026-10-04T21:23:18.0065735Z   libavc1394-0 libavcodec60 libavfilter9 libavformat60 libavtp0 libavutil58
2026-10-04T21:23:18.0066276Z   libblas3 libbluray2 libbs2b0 libcaca0 libcairo-script-interpreter2
2026-10-04T21:23:18.0066784Z   libcdparanoia0 libchromaprint1 libcjson1 libcodec2-1.2 libdav1d7
2026-10-04T21:23:18.0067323Z   libdc1394-25 libdca0 libde265-0 libdecor-0-0 libdirectfb-1.7-7t64 libdv4t64
2026-10-04T21:23:18.0067869Z   libdvdnav4 libdvdread8t64 libegl-mesa0 libegl1 libevent-core-2.1-7t64
2026-10-04T21:23:18.0068428Z   libevent-pthreads-2.1-7t64 libfaad2 libflac12t64 libfluidsynth3 libfreeaptx0
2026-10-04T21:23:18.0069054Z   libgav1-1 libgl1-mesa-dri libglx-mesa0 libgme0 libgraphene-1.0-0 libgsm1
2026-10-04T21:23:18.0069621Z   libgssdp-1.6-0 libgstreamer-plugins-good1.0-0 libgtk-4-common libgupnp-1.6-0
2026-10-04T21:23:18.0070141Z   libgupnp-igd-1.6-0 libhwy1t64 libiec61883-0 libimath-3-1-29t64
2026-10-04T21:23:18.0070617Z   libinstpatch-1.0-2 libjack-jackd2-0 libjxl0.7 liblapack3 liblc3-1
2026-10-04T21:23:18.0071126Z   libldacbt-enc2 liblilv-0-0 liblrdf0 libltc11 libmbedcrypto7t64 libmfx1
2026-10-04T21:23:18.0071801Z   libmjpegutils-2.1-0t64 libmodplug1 libmp3lame0 libmpcdec6
2026-10-04T21:23:18.0072279Z   libmpeg2encpp-2.1-0t64 libmpg123-0t64 libmplex2-2.1-0t64 libmysofa1
2026-10-04T21:23:18.0072779Z   libneon27t64 libnice10 libopenal-data libopenal1 libopenexr-3-1-30
2026-10-04T21:23:18.0073247Z   libopenh264-7 libopenmpt0t64 libopenni2-0 liborc-0.4-0t64
2026-10-04T21:23:18.0073973Z   libpipewire-0.3-0t64 libplacebo338 libpocketsphinx3 libpostproc57
2026-10-04T21:23:18.0074501Z   libproxy1v5 libpulse0 libqrencode4 libraptor2-0 librav1e0 libraw1394-11
2026-10-04T21:23:18.0075042Z   librist4 librsvg2-2 librubberband2 libsamplerate0 libsbc1 libsdl2-2.0-0
2026-10-04T21:23:18.0075578Z   libsecret-common libserd-0-0 libshine3 libshout3 libsndfile1 libsndio7.0
2026-10-04T21:23:18.0076100Z   libsord-0-0 libsoundtouch1 libsoup-3.0-0 libsoup-3.0-common libsoxr0
2026-10-04T21:23:18.0076649Z   libspa-0.2-modules libspandsp2t64 libspeex1 libsphinxbase3t64 libsratom-0-0
2026-10-04T21:23:18.0077213Z   libsrt1.5-gnutls libsrtp2-1 libssh-gcrypt-4 libsvtav1enc1d1 libswresample4
2026-10-04T21:23:18.0077780Z   libswscale7 libtag1v5 libtag1v5-vanilla libtheora0 libtwolame0 libudfread0
2026-10-04T21:23:18.0078318Z   libunibreak5 libv4l-0t64 libv4lconvert0t64 libva-drm2 libva-x11-2 libva2
2026-10-04T21:23:18.0078850Z   libvdpau1 libvidstab1.1 libvisual-0.4-0 libvo-aacenc0 libvo-amrwbenc0
2026-10-04T21:23:18.0079538Z   libvorbisenc2 libvpl2 libwavpack1 libwebrtc-audio-processing1 libwildmidi2
2026-10-04T21:23:18.0080120Z   libx265-199 libxcb-xkb1 libxkbcommon-x11-0 libxvidcore4 libyuv0 libzbar0t64
2026-10-04T21:23:18.0080669Z   libzimg2 libzix-0-0 libzvbi-common libzvbi0t64 libzxing3 mesa-libgallium
2026-10-04T21:23:18.0081219Z   ocl-icd-libopencl1 session-migration timgm6mb-soundfont xfonts-encodings
2026-10-04T21:23:18.0081617Z   xfonts-utils
2026-10-04T21:23:18.0081844Z Suggested packages:
2026-10-04T21:23:18.0082218Z   frei0r-plugins gvfs libcuda1 libnvcuvid1 libnvidia-encode1 libbluray-bdj
2026-10-04T21:23:18.0082761Z   libdirectfb-extra libdv-bin oss-compat libdvdcss2 libvisual-0.4-plugins
2026-10-04T21:23:18.0083290Z   jackd2 liblrdf0-dev libportaudio2 opus-tools pipewire pulseaudio
2026-10-04T21:23:18.0084019Z   raptor2-utils libraw1394-doc librsvg2-bin serdi sndiod sordi speex
2026-10-04T21:23:18.0084468Z   libwildmidi-config opencl-icd fluid-soundfont-gm
2026-10-04T21:23:18.0084805Z Recommended packages:
2026-10-04T21:23:18.0085155Z   fonts-ipafont-mincho fonts-tlwg-loma gstreamer1.0-x libaacs0
2026-10-04T21:23:18.0085643Z   default-libdecor-0-plugin-1 | libdecor-0-plugin-1 gstreamer1.0-gl
2026-10-04T21:23:18.0086192Z   libgtk-4-bin librsvg2-common libgtk-4-media-gstreamer libpipewire-0.3-common
2026-10-04T21:23:18.0086772Z   pocketsphinx-en-us va-driver-all | va-driver vdpau-driver-all | vdpau-driver
2026-10-04T21:23:18.0087188Z   libmagickcore-6.q16-7-extra
2026-10-04T21:23:18.0755321Z The following NEW packages will be installed:
2026-10-04T21:23:18.0756856Z   fonts-freefont-ttf fonts-ipafont-gothic fonts-tlwg-loma-otf fonts-unifont
2026-10-04T21:23:18.0758044Z   fonts-wqy-zenhei glib-networking glib-networking-common
2026-10-04T21:23:18.0759172Z   glib-networking-services gsettings-desktop-schemas gstreamer1.0-libav
2026-10-04T21:23:18.0761310Z   gstreamer1.0-plugins-bad gstreamer1.0-plugins-base gstreamer1.0-plugins-good
2026-10-04T21:23:18.0762169Z   libaa1 libabsl20220623t64 libass9 libasyncns0 libavc1394-0 libavcodec60
2026-10-04T21:23:18.0762816Z   libavfilter9 libavformat60 libavif16 libavtp0 libavutil58 libblas3
2026-10-04T21:23:18.0764172Z   libbluray2 libbs2b0 libcaca0 libcairo-script-interpreter2 libcdparanoia0
2026-10-04T21:23:18.0765135Z   libchromaprint1 libcjson1 libcodec2-1.2 libdav1d7 libdc1394-25 libdca0
2026-10-04T21:23:18.0765666Z   libde265-0 libdecor-0-0 libdirectfb-1.7-7t64 libdv4t64 libdvdnav4
2026-10-04T21:23:18.0766198Z   libdvdread8t64 libegl-mesa0 libegl1 libevent-2.1-7t64 libfaad2 libflac12t64
2026-10-04T21:23:18.0766744Z   libflite1 libfluidsynth3 libfreeaptx0 libgav1-1 libgles2 libgme0
2026-10-04T21:23:18.0767970Z   libgraphene-1.0-0 libgsm1 libgssdp-1.6-0 libgstreamer-gl1.0-0
2026-10-04T21:23:18.0768473Z   libgstreamer-plugins-bad1.0-0 libgstreamer-plugins-base1.0-0
2026-10-04T21:23:18.0769010Z   libgstreamer-plugins-good1.0-0 libgtk-4-1 libgtk-4-common libgupnp-1.6-0
2026-10-04T21:23:18.0769574Z   libgupnp-igd-1.6-0 libharfbuzz-icu0 libhwy1t64 libhyphen0 libiec61883-0
2026-10-04T21:23:18.0770130Z   libimath-3-1-29t64 libinstpatch-1.0-2 libjack-jackd2-0 libjxl0.7 liblapack3
2026-10-04T21:23:18.0770766Z   liblc3-1 libldacbt-enc2 liblilv-0-0 liblrdf0 libltc11 libmanette-0.2-0
2026-10-04T21:23:18.0772010Z   libmbedcrypto7t64 libmfx1 libmjpegutils-2.1-0t64 libmodplug1 libmp3lame0
2026-10-04T21:23:18.0773220Z   libmpcdec6 libmpeg2encpp-2.1-0t64 libmpg123-0t64 libmplex2-2.1-0t64
2026-10-04T21:23:18.0774310Z   libmysofa1 libneon27t64 libnice10 libopenal-data libopenal1
2026-10-04T21:23:18.0774977Z   libopenexr-3-1-30 libopenh264-7 libopenmpt0t64 libopenni2-0 libopus0
2026-10-04T21:23:18.0775499Z   liborc-0.4-0t64 libpipewire-0.3-0t64 libplacebo338 libpocketsphinx3
2026-10-04T21:23:18.0776037Z   libpostproc57 libproxy1v5 libpulse0 libqrencode4 libraptor2-0 librav1e0
2026-10-04T21:23:18.0776574Z   libraw1394-11 librist4 librsvg2-2 librubberband2 libsamplerate0 libsbc1
2026-10-04T21:23:18.0777117Z   libsdl2-2.0-0 libsecret-1-0 libsecret-common libserd-0-0 libshine3 libshout3
2026-10-04T21:23:18.0777861Z   libsndfile1 libsndio7.0 libsord-0-0 libsoundtouch1 libsoup-3.0-0
2026-10-04T21:23:18.0778457Z   libsoup-3.0-common libsoxr0 libspa-0.2-modules libspandsp2t64 libspeex1
2026-10-04T21:23:18.0779696Z   libsphinxbase3t64 libsratom-0-0 libsrt1.5-gnutls libsrtp2-1 libssh-gcrypt-4
2026-10-04T21:23:18.0780451Z   libsvtav1enc1d1 libswresample4 libswscale7 libtag1v5 libtag1v5-vanilla
2026-10-04T21:23:18.0780952Z   libtheora0 libtwolame0 libudfread0 libunibreak5 libv4l-0t64
2026-10-04T21:23:18.0781441Z   libv4lconvert0t64 libva-drm2 libva-x11-2 libva2 libvdpau1 libvidstab1.1
2026-10-04T21:23:18.0782013Z   libvisual-0.4-0 libvo-aacenc0 libvo-amrwbenc0 libvorbisenc2 libvpl2 libvpx9
2026-10-04T21:23:18.0782586Z   libwavpack1 libwayland-server0 libwebrtc-audio-processing1 libwildmidi2
2026-10-04T21:23:18.0783182Z   libwoff1 libx264-164 libx265-199 libxcb-xkb1 libxkbcommon-x11-0 libxvidcore4
2026-10-04T21:23:18.0783909Z   libyuv0 libzbar0t64 libzimg2 libzix-0-0 libzvbi-common libzvbi0t64 libzxing3
2026-10-04T21:23:18.0784490Z   ocl-icd-libopencl1 session-migration timgm6mb-soundfont xfonts-cyrillic
2026-10-04T21:23:18.0784948Z   xfonts-encodings xfonts-scalable xfonts-utils
2026-10-04T21:23:18.0785325Z The following packages will be upgraded:
2026-10-04T21:23:18.0785778Z   libevent-core-2.1-7t64 libevent-pthreads-2.1-7t64 libgbm1 libgl1-mesa-dri
2026-10-04T21:23:18.0786207Z   libglx-mesa0 mesa-libgallium
2026-10-04T21:23:18.1027784Z 6 upgraded, 181 newly installed, 0 to remove and 19 not upgraded.
2026-10-04T21:23:18.1028933Z Need to get 125 MB of archives.
2026-10-04T21:23:18.1029988Z After this operation, 364 MB of additional disk space will be used.
2026-10-04T21:23:18.1030589Z Get:1 file:/etc/apt/apt-mirrors.txt Mirrorlist [144 B]
2026-10-04T21:23:18.2280148Z Get:2 http://azure.archive.ubuntu.com/ubuntu noble/universe amd64 fonts-ipafont-gothic all 00303-21ubuntu1 [3513 kB]
2026-10-04T21:23:18.6611882Z Get:3 http://azure.archive.ubuntu.com/ubuntu noble/main amd64 fonts-freefont-ttf all 20211204+svn4273-2 [5641 kB]
2026-10-04T21:23:18.8024206Z Get:4 http://azure.archive.ubuntu.com/ubuntu noble/universe amd64 fonts-tlwg-loma-otf all 1:0.7.3-1 [107 kB]
2026-10-04T21:23:18.8502286Z Get:5 http://azure.archive.ubuntu.com/ubuntu noble/universe amd64 fonts-unifont all 1:15.1.01-1build1 [2993 kB]
2026-10-04T21:23:18.9362324Z Get:6 http://azure.archive.ubuntu.com/ubuntu noble/universe amd64 fonts-wqy-zenhei all 0.9.45-8 [7472 kB]
2026-10-04T21:23:19.1829875Z Get:7 http://azure.archive.ubuntu.com/ubuntu noble/main amd64 libproxy1v5 amd64 0.5.4-4build1 [26.5 kB]
2026-10-04T21:23:19.2308188Z Get:8 http://azure.archive.ubuntu.com/ubuntu noble/main amd64 glib-networking-common all 2.80.0-1build1 [6702 B]
2026-10-04T21:23:19.2779428Z Get:9 http://azure.archive.ubuntu.com/ubuntu noble/main amd64 glib-networking-services amd64 2.80.0-1build1 [12.8 kB]
2026-10-04T21:23:19.3254255Z Get:10 http://azure.archive.ubuntu.com/ubuntu noble/main amd64 session-migration amd64 0.3.9build1 [9034 B]
2026-10-04T21:23:19.3726446Z Get:11 http://azure.archive.ubuntu.com/ubuntu noble-updates/main amd64 gsettings-desktop-schemas all 46.1-0ubuntu1 [35.6 kB]
2026-10-04T21:23:19.4201514Z Get:12 http://azure.archive.ubuntu.com/ubuntu noble/main amd64 glib-networking amd64 2.80.0-1build1 [64.1 kB]
2026-10-04T21:23:19.4691713Z Get:13 http://azure.archive.ubuntu.com/ubuntu noble-updates/universe amd64 libva2 amd64 2.20.0-2ubuntu0.2 [66.4 kB]
2026-10-04T21:23:19.5170371Z Get:14 http://azure.archive.ubuntu.com/ubuntu noble-updates/universe amd64 libva-drm2 amd64 2.20.0-2ubuntu0.2 [7124 B]
2026-10-04T21:23:19.5639163Z Get:15 http://azure.archive.ubuntu.com/ubuntu noble-updates/universe amd64 libva-x11-2 amd64 2.20.0-2ubuntu0.2 [12.0 kB]
2026-10-04T21:23:19.6110429Z Get:16 http://azure.archive.ubuntu.com/ubuntu noble/main amd64 libvdpau1 amd64 1.5-2build1 [27.8 kB]
2026-10-04T21:23:19.6584644Z Get:17 http://azure.archive.ubuntu.com/ubuntu noble/universe amd64 libvpl2 amd64 2023.3.0-1build1 [99.8 kB]
2026-10-04T21:23:19.7095281Z Get:18 http://azure.archive.ubuntu.com/ubuntu noble/universe amd64 ocl-icd-libopencl1 amd64 2.3.2-1build1 [38.5 kB]
2026-10-04T21:23:19.7575953Z Get:19 http://azure.archive.ubuntu.com/ubuntu noble/universe amd64 libavutil58 amd64 7:6.1.1-3ubuntu5 [401 kB]
2026-10-04T21:23:19.8199644Z Get:20 http://azure.archive.ubuntu.com/ubuntu noble/universe amd64 libcodec2-1.2 amd64 1.2.0-2build1 [8998 kB]
2026-10-04T21:23:20.0658836Z Get:21 http://azure.archive.ubuntu.com/ubuntu noble/universe amd64 libdav1d7 amd64 1.4.1-1build1 [604 kB]
2026-10-04T21:23:20.1213076Z Get:22 http://azure.archive.ubuntu.com/ubuntu noble/universe amd64 libgsm1 amd64 1.0.22-1build1 [27.8 kB]
2026-10-04T21:23:20.1691372Z Get:23 http://azure.archive.ubuntu.com/ubuntu noble/universe amd64 libhwy1t64 amd64 1.0.7-8.1build1 [584 kB]
2026-10-04T21:23:20.2322649Z Get:24 http://azure.archive.ubuntu.com/ubuntu noble-updates/universe amd64 libjxl0.7 amd64 0.7.0-10.2ubuntu6.1 [1001 kB]
2026-10-04T21:23:20.3087106Z Get:25 http://azure.archive.ubuntu.com/ubuntu noble/main amd64 libmp3lame0 amd64 3.100-6build1 [142 kB]
2026-10-04T21:23:20.3577328Z Get:26 http://azure.archive.ubuntu.com/ubuntu noble/main amd64 libopus0 amd64 1.4-1build1 [208 kB]
2026-10-04T21:23:20.4070387Z Get:27 http://azure.archive.ubuntu.com/ubuntu noble/universe amd64 librav1e0 amd64 0.7.1-2 [1022 kB]
2026-10-04T21:23:20.4686260Z Get:28 http://azure.archive.ubuntu.com/ubuntu noble/main amd64 librsvg2-2 amd64 2.58.0+dfsg-1build1 [2135 kB]
2026-10-04T21:23:20.5519841Z Get:29 http://azure.archive.ubuntu.com/ubuntu noble/universe amd64 libshine3 amd64 3.1.1-2build1 [23.2 kB]
2026-10-04T21:23:20.5993527Z Get:30 http://azure.archive.ubuntu.com/ubuntu noble-updates/main amd64 libspeex1 amd64 1.2.1-2ubuntu2.24.04.1 [59.6 kB]
2026-10-04T21:23:20.6470185Z Get:31 http://azure.archive.ubuntu.com/ubuntu noble/universe amd64 libsvtav1enc1d1 amd64 1.7.0+dfsg-2build1 [2425 kB]
2026-10-04T21:23:20.7289916Z Get:32 http://azure.archive.ubuntu.com/ubuntu noble/universe amd64 libsoxr0 amd64 0.1.3-4build3 [80.0 kB]
2026-10-04T21:23:20.7763987Z Get:33 http://azure.archive.ubuntu.com/ubuntu noble/universe amd64 libswresample4 amd64 7:6.1.1-3ubuntu5 [63.8 kB]
2026-10-04T21:23:20.8234283Z Get:34 http://azure.archive.ubuntu.com/ubuntu noble/main amd64 libtheora0 amd64 1.1.1+dfsg.1-16.1build3 [211 kB]
2026-10-04T21:23:20.8727778Z Get:35 http://azure.archive.ubuntu.com/ubuntu noble/main amd64 libtwolame0 amd64 0.4.0-2build3 [52.3 kB]
2026-10-04T21:23:20.9203118Z Get:36 http://azure.archive.ubuntu.com/ubuntu noble/main amd64 libvorbisenc2 amd64 1.3.7-1build3 [80.8 kB]
2026-10-04T21:23:20.9676053Z Get:37 http://azure.archive.ubuntu.com/ubuntu noble-updates/main amd64 libvpx9 amd64 1.14.0-1ubuntu2.3 [1143 kB]
2026-10-04T21:23:21.0301452Z Get:38 http://azure.archive.ubuntu.com/ubuntu noble/universe amd64 libx264-164 amd64 2:0.164.3108+git31e19f9-1 [604 kB]
2026-10-04T21:23:21.0850140Z Get:39 http://azure.archive.ubuntu.com/ubuntu noble/universe amd64 libx265-199 amd64 3.5-2build1 [1226 kB]
2026-10-04T21:23:21.1491527Z Get:40 http://azure.archive.ubuntu.com/ubuntu noble/universe amd64 libxvidcore4 amd64 2:1.3.7-1build1 [219 kB]
2026-10-04T21:23:21.1999315Z Get:41 http://azure.archive.ubuntu.com/ubuntu noble/universe amd64 libzvbi-common all 0.2.42-2 [42.4 kB]
2026-10-04T21:23:21.2470757Z Get:42 http://azure.archive.ubuntu.com/ubuntu noble/universe amd64 libzvbi0t64 amd64 0.2.42-2 [261 kB]
2026-10-04T21:23:21.4959960Z Get:43 http://azure.archive.ubuntu.com/ubuntu noble/universe amd64 libavcodec60 amd64 7:6.1.1-3ubuntu5 [5851 kB]
2026-10-04T21:23:21.7645551Z Get:44 http://azure.archive.ubuntu.com/ubuntu noble/universe amd64 libunibreak5 amd64 5.1-2build1 [25.0 kB]
2026-10-04T21:23:21.8116326Z Get:45 http://azure.archive.ubuntu.com/ubuntu noble/universe amd64 libass9 amd64 1:0.17.1-2build1 [104 kB]
2026-10-04T21:23:21.8592320Z Get:46 http://azure.archive.ubuntu.com/ubuntu noble/universe amd64 libudfread0 amd64 1.1.2-1build1 [19.0 kB]
2026-10-04T21:23:21.9060574Z Get:47 http://azure.archive.ubuntu.com/ubuntu noble/universe amd64 libbluray2 amd64 1:1.3.4-1build1 [159 kB]
2026-10-04T21:23:21.9547656Z Get:48 http://azure.archive.ubuntu.com/ubuntu noble/universe amd64 libchromaprint1 amd64 1.5.1-5 [30.5 kB]
2026-10-04T21:23:22.0019715Z Get:49 http://azure.archive.ubuntu.com/ubuntu noble/universe amd64 libgme0 amd64 0.6.3-7build1 [134 kB]
2026-10-04T21:23:22.0556180Z Get:50 http://azure.archive.ubuntu.com/ubuntu noble-updates/main amd64 libmpg123-0t64 amd64 1.32.5-1ubuntu1.1 [169 kB]
2026-10-04T21:23:22.1038467Z Get:51 http://azure.archive.ubuntu.com/ubuntu noble/universe amd64 libopenmpt0t64 amd64 0.7.3-1.1build3 [647 kB]
2026-10-04T21:23:22.1598685Z Get:52 http://azure.archive.ubuntu.com/ubuntu noble/universe amd64 libcjson1 amd64 1.7.17-1 [24.8 kB]
2026-10-04T21:23:22.2085695Z Get:53 http://azure.archive.ubuntu.com/ubuntu noble/universe amd64 libmbedcrypto7t64 amd64 2.28.8-1 [209 kB]
2026-10-04T21:23:22.2589764Z Get:54 http://azure.archive.ubuntu.com/ubuntu noble/universe amd64 librist4 amd64 0.2.10+dfsg-2 [74.9 kB]
2026-10-04T21:23:22.3067019Z Get:55 http://azure.archive.ubuntu.com/ubuntu noble/universe amd64 libsrt1.5-gnutls amd64 1.5.3-1build2 [316 kB]
2026-10-04T21:23:22.3576207Z Get:56 http://azure.archive.ubuntu.com/ubuntu noble-updates/main amd64 libssh-gcrypt-4 amd64 0.10.6-2ubuntu0.5 [226 kB]
2026-10-04T21:23:22.4069063Z Get:57 http://azure.archive.ubuntu.com/ubuntu noble/universe amd64 libavformat60 amd64 7:6.1.1-3ubuntu5 [1153 kB]
2026-10-04T21:23:22.4707282Z Get:58 http://azure.archive.ubuntu.com/ubuntu noble/universe amd64 libbs2b0 amd64 3.1.0+dfsg-7build1 [10.6 kB]
2026-10-04T21:23:22.5181384Z Get:59 http://azure.archive.ubuntu.com/ubuntu noble/universe amd64 libflite1 amd64 2.2-6build3 [13.6 MB]
2026-10-04T21:23:22.7806517Z Get:60 http://azure.archive.ubuntu.com/ubuntu noble/universe amd64 libserd-0-0 amd64 0.32.2-1 [43.6 kB]
2026-10-04T21:23:22.8279247Z Get:61 http://azure.archive.ubuntu.com/ubuntu noble/universe amd64 libzix-0-0 amd64 0.4.2-2build1 [23.6 kB]
2026-10-04T21:23:22.8751353Z Get:62 http://azure.archive.ubuntu.com/ubuntu noble/universe amd64 libsord-0-0 amd64 0.16.16-2build1 [15.8 kB]
2026-10-04T21:23:22.9224099Z Get:63 http://azure.archive.ubuntu.com/ubuntu noble/universe amd64 libsratom-0-0 amd64 0.6.16-1build1 [17.3 kB]
2026-10-04T21:23:22.9698062Z Get:64 http://azure.archive.ubuntu.com/ubuntu noble/universe amd64 liblilv-0-0 amd64 0.24.22-1build1 [41.0 kB]
2026-10-04T21:23:23.0169213Z Get:65 http://azure.archive.ubuntu.com/ubuntu noble/universe amd64 libmysofa1 amd64 1.3.2+dfsg-2ubuntu2 [1158 kB]
2026-10-04T21:23:23.0798022Z Get:66 http://azure.archive.ubuntu.com/ubuntu noble/universe amd64 libplacebo338 amd64 6.338.2-2build1 [2654 kB]
2026-10-04T21:23:23.1744355Z Get:67 http://azure.archive.ubuntu.com/ubuntu noble-updates/main amd64 libblas3 amd64 3.12.0-3build1.1 [238 kB]
2026-10-04T21:23:23.2244193Z Get:68 http://azure.archive.ubuntu.com/ubuntu noble-updates/main amd64 liblapack3 amd64 3.12.0-3build1.1 [2646 kB]
2026-10-04T21:23:23.3227020Z Get:69 http://azure.archive.ubuntu.com/ubuntu noble/main amd64 libasyncns0 amd64 0.8-6build4 [11.3 kB]
2026-10-04T21:23:23.3694678Z Get:70 http://azure.archive.ubuntu.com/ubuntu noble/main amd64 libflac12t64 amd64 1.4.3+ds-2.1ubuntu2 [197 kB]
2026-10-04T21:23:23.4184349Z Get:71 http://azure.archive.ubuntu.com/ubuntu noble-updates/main amd64 libsndfile1 amd64 1.2.2-1ubuntu5.24.04.1 [209 kB]
2026-10-04T21:23:23.4672622Z Get:72 http://azure.archive.ubuntu.com/ubuntu noble-updates/main amd64 libpulse0 amd64 1:16.1+dfsg1-2ubuntu10.1 [292 kB]
2026-10-04T21:23:23.5221708Z Get:73 http://azure.archive.ubuntu.com/ubuntu noble/universe amd64 libsphinxbase3t64 amd64 0.8+5prealpha+1-17build2 [126 kB]
2026-10-04T21:23:23.5698601Z Get:74 http://azure.archive.ubuntu.com/ubuntu noble/universe amd64 libpocketsphinx3 amd64 0.8.0+real5prealpha+1-15ubuntu5 [133 kB]
2026-10-04T21:23:23.6173492Z Get:75 http://azure.archive.ubuntu.com/ubuntu noble/universe amd64 libpostproc57 amd64 7:6.1.1-3ubuntu5 [49.9 kB]
2026-10-04T21:23:23.6653400Z Get:76 http://azure.archive.ubuntu.com/ubuntu noble/main amd64 libsamplerate0 amd64 0.2.2-4build1 [1344 kB]
2026-10-04T21:23:23.7336669Z Get:77 http://azure.archive.ubuntu.com/ubuntu noble/universe amd64 librubberband2 amd64 3.3.0+dfsg-2build1 [130 kB]
2026-10-04T21:23:23.7848334Z Get:78 http://azure.archive.ubuntu.com/ubuntu noble/universe amd64 libswscale7 amd64 7:6.1.1-3ubuntu5 [193 kB]
2026-10-04T21:23:23.8329184Z Get:79 http://azure.archive.ubuntu.com/ubuntu noble/universe amd64 libvidstab1.1 amd64 1.1.0-2build1 [38.5 kB]
2026-10-04T21:23:23.8800907Z Get:80 http://azure.archive.ubuntu.com/ubuntu noble/universe amd64 libzimg2 amd64 3.0.5+ds1-1build1 [254 kB]
2026-10-04T21:23:23.9341467Z Get:81 http://azure.archive.ubuntu.com/ubuntu noble/universe amd64 libavfilter9 amd64 7:6.1.1-3ubuntu5 [4235 kB]
2026-10-04T21:23:24.0912505Z Get:82 http://azure.archive.ubuntu.com/ubuntu noble-updates/main amd64 liborc-0.4-0t64 amd64 1:0.4.38-1ubuntu0.1 [207 kB]
2026-10-04T21:23:24.1400943Z Get:83 http://azure.archive.ubuntu.com/ubuntu noble-updates/main amd64 libgstreamer-plugins-base1.0-0 amd64 1.24.2-1ubuntu0.5 [862 kB]
2026-10-04T21:23:24.1991252Z Get:84 http://azure.archive.ubuntu.com/ubuntu noble/universe amd64 gstreamer1.0-libav amd64 1.24.1-1build1 [103 kB]
2026-10-04T21:23:24.2468013Z Get:85 http://azure.archive.ubuntu.com/ubuntu noble/main amd64 libcdparanoia0 amd64 3.10.2+debian-14build3 [48.5 kB]
2026-10-04T21:23:24.2942101Z Get:86 http://azure.archive.ubuntu.com/ubuntu noble/main amd64 libvisual-0.4-0 amd64 0.4.2-2build1 [115 kB]
2026-10-04T21:23:24.3421222Z Get:87 http://azure.archive.ubuntu.com/ubuntu noble-updates/main amd64 gstreamer1.0-plugins-base amd64 1.24.2-1ubuntu0.5 [721 kB]
2026-10-04T21:23:24.3982669Z Get:88 http://azure.archive.ubuntu.com/ubuntu noble/main amd64 libaa1 amd64 1.4p5-51.1 [49.9 kB]
2026-10-04T21:23:24.4453181Z Get:89 http://azure.archive.ubuntu.com/ubuntu noble/main amd64 libraw1394-11 amd64 2.1.2-2build3 [26.2 kB]
2026-10-04T21:23:24.4922820Z Get:90 http://azure.archive.ubuntu.com/ubuntu noble/main amd64 libavc1394-0 amd64 0.5.4-5build3 [15.4 kB]
2026-10-04T21:23:24.5391041Z Get:91 http://azure.archive.ubuntu.com/ubuntu noble-updates/main amd64 libcaca0 amd64 0.99.beta20-4ubuntu0.2 [209 kB]
2026-10-04T21:23:24.5882392Z Get:92 http://azure.archive.ubuntu.com/ubuntu noble/main amd64 libdv4t64 amd64 1.0.0-17.1build1 [63.2 kB]
2026-10-04T21:23:24.6361712Z Get:93 http://azure.archive.ubuntu.com/ubuntu noble-updates/main amd64 libgstreamer-plugins-good1.0-0 amd64 1.24.2-1ubuntu1.8 [34.3 kB]
2026-10-04T21:23:24.6836009Z Get:94 http://azure.archive.ubuntu.com/ubuntu noble/main amd64 libiec61883-0 amd64 1.2.0-6build1 [24.5 kB]
2026-10-04T21:23:24.7310336Z Get:95 http://azure.archive.ubuntu.com/ubuntu noble/main amd64 libshout3 amd64 2.4.6-1build2 [50.3 kB]
2026-10-04T21:23:24.7786076Z Get:96 http://azure.archive.ubuntu.com/ubuntu noble/main amd64 libtag1v5-vanilla amd64 1.13.1-1build1 [326 kB]
2026-10-04T21:23:24.8314911Z Get:97 http://azure.archive.ubuntu.com/ubuntu noble/main amd64 libtag1v5 amd64 1.13.1-1build1 [11.7 kB]
2026-10-04T21:23:24.8786228Z Get:98 http://azure.archive.ubuntu.com/ubuntu noble/main amd64 libv4lconvert0t64 amd64 1.26.1-4build3 [87.6 kB]
2026-10-04T21:23:24.9262136Z Get:99 http://azure.archive.ubuntu.com/ubuntu noble/main amd64 libv4l-0t64 amd64 1.26.1-4build3 [46.9 kB]
2026-10-04T21:23:24.9736764Z Get:100 http://azure.archive.ubuntu.com/ubuntu noble/main amd64 libwavpack1 amd64 5.6.0-1build1 [84.6 kB]
2026-10-04T21:23:25.0207946Z Get:101 http://azure.archive.ubuntu.com/ubuntu noble-updates/main amd64 libsoup-3.0-common all 3.4.4-5ubuntu0.8 [11.7 kB]
2026-10-04T21:23:25.0679248Z Get:102 http://azure.archive.ubuntu.com/ubuntu noble-updates/main amd64 libsoup-3.0-0 amd64 3.4.4-5ubuntu0.8 [290 kB]
2026-10-04T21:23:25.1205953Z Get:103 http://azure.archive.ubuntu.com/ubuntu noble-updates/main amd64 gstreamer1.0-plugins-good amd64 1.24.2-1ubuntu1.8 [2236 kB]
2026-10-04T21:23:25.3585909Z Get:104 http://azure.archive.ubuntu.com/ubuntu noble-updates/main amd64 libabsl20220623t64 amd64 20220623.1-3.1ubuntu3.2 [423 kB]
2026-10-04T21:23:25.4123451Z Get:105 http://azure.archive.ubuntu.com/ubuntu noble/universe amd64 libgav1-1 amd64 0.18.0-1build3 [357 kB]
2026-10-04T21:23:25.4629082Z Get:106 http://azure.archive.ubuntu.com/ubuntu noble/universe amd64 libyuv0 amd64 0.0~git202401110.af6ac82-1 [178 kB]
2026-10-04T21:23:25.5127167Z Get:107 http://azure.archive.ubuntu.com/ubuntu noble/universe amd64 libavif16 amd64 1.0.4-1ubuntu3 [91.2 kB]
2026-10-04T21:23:25.5607827Z Get:108 http://azure.archive.ubuntu.com/ubuntu noble/universe amd64 libavtp0 amd64 0.2.0-1build1 [6414 B]
2026-10-04T21:23:25.6078318Z Get:109 http://azure.archive.ubuntu.com/ubuntu noble/main amd64 libcairo-script-interpreter2 amd64 1.18.0-3build1 [60.3 kB]
2026-10-04T21:23:25.6553300Z Get:110 http://azure.archive.ubuntu.com/ubuntu noble/universe amd64 libdc1394-25 amd64 2.2.6-4build1 [90.1 kB]
2026-10-04T21:23:25.7036896Z Get:111 http://azure.archive.ubuntu.com/ubuntu noble-updates/main amd64 libde265-0 amd64 1.0.15-1ubuntu0.1 [167 kB]
2026-10-04T21:23:25.7522619Z Get:112 http://azure.archive.ubuntu.com/ubuntu noble/main amd64 libdecor-0-0 amd64 0.2.2-1build2 [16.5 kB]
2026-10-04T21:23:25.7997845Z Get:113 http://azure.archive.ubuntu.com/ubuntu noble/main amd64 libgles2 amd64 1.7.0-1build1 [17.1 kB]
2026-10-04T21:23:25.8478315Z Get:114 http://azure.archive.ubuntu.com/ubuntu noble/universe amd64 libdirectfb-1.7-7t64 amd64 1.7.7-11.1ubuntu2 [1035 kB]
2026-10-04T21:23:25.9106805Z Get:115 http://azure.archive.ubuntu.com/ubuntu noble/universe amd64 libdvdread8t64 amd64 6.1.3-1.1build1 [54.7 kB]
2026-10-04T21:23:25.9589727Z Get:116 http://azure.archive.ubuntu.com/ubuntu noble/universe amd64 libdvdnav4 amd64 6.1.1-3build1 [39.5 kB]
2026-10-04T21:23:26.0065924Z Get:117 http://azure.archive.ubuntu.com/ubuntu noble-updates/main amd64 libgl1-mesa-dri amd64 25.2.8-0ubuntu0.24.04.4 [38.0 kB]
2026-10-04T21:23:26.0546443Z Get:118 http://azure.archive.ubuntu.com/ubuntu noble-updates/main amd64 libglx-mesa0 amd64 25.2.8-0ubuntu0.24.04.4 [110 kB]
2026-10-04T21:23:26.1030067Z Get:119 http://azure.archive.ubuntu.com/ubuntu noble-updates/main amd64 libgbm1 amd64 25.2.8-0ubuntu0.24.04.4 [34.2 kB]
2026-10-04T21:23:26.1504994Z Get:120 http://azure.archive.ubuntu.com/ubuntu noble-updates/main amd64 mesa-libgallium amd64 25.2.8-0ubuntu0.24.04.4 [10.8 MB]
2026-10-04T21:23:26.4884696Z Get:121 http://azure.archive.ubuntu.com/ubuntu noble-updates/main amd64 libegl-mesa0 amd64 25.2.8-0ubuntu0.24.04.4 [117 kB]
2026-10-04T21:23:26.5368733Z Get:122 http://azure.archive.ubuntu.com/ubuntu noble-updates/main amd64 libevent-2.1-7t64 amd64 2.1.12-stable-9ubuntu2.2 [146 kB]
2026-10-04T21:23:26.5873997Z Get:123 http://azure.archive.ubuntu.com/ubuntu noble-updates/main amd64 libevent-pthreads-2.1-7t64 amd64 2.1.12-stable-9ubuntu2.2 [7988 B]
2026-10-04T21:23:26.6367382Z Get:124 http://azure.archive.ubuntu.com/ubuntu noble-updates/main amd64 libevent-core-2.1-7t64 amd64 2.1.12-stable-9ubuntu2.2 [91.9 kB]
2026-10-04T21:23:26.6861159Z Get:125 http://azure.archive.ubuntu.com/ubuntu noble/universe amd64 libfaad2 amd64 2.11.1-1build1 [207 kB]
2026-10-04T21:23:26.7374142Z Get:126 http://azure.archive.ubuntu.com/ubuntu noble/universe amd64 libinstpatch-1.0-2 amd64 1.1.6-1build2 [251 kB]
2026-10-04T21:23:26.7871038Z Get:127 http://azure.archive.ubuntu.com/ubuntu noble/main amd64 libjack-jackd2-0 amd64 1.9.21~dfsg-3ubuntu3 [289 kB]
2026-10-04T21:23:26.8383077Z Get:128 http://azure.archive.ubuntu.com/ubuntu noble/main amd64 libwebrtc-audio-processing1 amd64 0.3.1-0ubuntu6 [290 kB]
2026-10-04T21:23:26.8942720Z Get:129 http://azure.archive.ubuntu.com/ubuntu noble-updates/main amd64 libspa-0.2-modules amd64 1.0.5-1ubuntu3.3 [628 kB]
2026-10-04T21:23:26.9511565Z Get:130 http://azure.archive.ubuntu.com/ubuntu noble-updates/main amd64 libpipewire-0.3-0t64 amd64 1.0.5-1ubuntu3.3 [252 kB]
2026-10-04T21:23:27.0016233Z Get:131 http://azure.archive.ubuntu.com/ubuntu noble-updates/main amd64 libsdl2-2.0-0 amd64 2.30.0+dfsg-1ubuntu3.1 [686 kB]
2026-10-04T21:23:27.0542355Z Get:132 http://azure.archive.ubuntu.com/ubuntu noble/universe amd64 timgm6mb-soundfont all 1.3-5 [5427 kB]
2026-10-04T21:23:27.2333247Z Get:133 http://azure.archive.ubuntu.com/ubuntu noble/universe amd64 libfluidsynth3 amd64 2.3.4-1build3 [249 kB]
2026-10-04T21:23:27.2876203Z Get:134 http://azure.archive.ubuntu.com/ubuntu noble/main amd64 libfreeaptx0 amd64 0.1.1-2build1 [13.5 kB]
2026-10-04T21:23:27.3351557Z Get:135 http://azure.archive.ubuntu.com/ubuntu noble/main amd64 libgraphene-1.0-0 amd64 1.10.8-3build2 [46.2 kB]
2026-10-04T21:23:27.3826987Z Get:136 http://azure.archive.ubuntu.com/ubuntu noble/main amd64 libgssdp-1.6-0 amd64 1.6.3-1build3 [40.4 kB]
2026-10-04T21:23:27.4303411Z Get:137 http://azure.archive.ubuntu.com/ubuntu noble/main amd64 libegl1 amd64 1.7.0-1build1 [28.7 kB]
2026-10-04T21:23:27.4779473Z Get:138 http://azure.archive.ubuntu.com/ubuntu noble-updates/main amd64 libgstreamer-gl1.0-0 amd64 1.24.2-1ubuntu0.5 [214 kB]
2026-10-04T21:23:27.5270415Z Get:139 http://azure.archive.ubuntu.com/ubuntu noble-updates/main amd64 libgtk-4-common all 4.14.5+ds-0ubuntu0.10 [1497 kB]
2026-10-04T21:23:27.5943465Z Get:140 http://azure.archive.ubuntu.com/ubuntu noble-updates/main amd64 libgtk-4-1 amd64 4.14.5+ds-0ubuntu0.10 [3295 kB]
2026-10-04T21:23:27.6908307Z Get:141 http://azure.archive.ubuntu.com/ubuntu noble/main amd64 libgupnp-1.6-0 amd64 1.6.6-1build3 [92.7 kB]
2026-10-04T21:23:27.7382814Z Get:142 http://azure.archive.ubuntu.com/ubuntu noble/universe amd64 libgupnp-igd-1.6-0 amd64 1.6.0-3build3 [16.5 kB]
2026-10-04T21:23:27.7851094Z Get:143 http://azure.archive.ubuntu.com/ubuntu noble/main amd64 libharfbuzz-icu0 amd64 8.3.0-2build2 [13.3 kB]
2026-10-04T21:23:27.8320562Z Get:144 http://azure.archive.ubuntu.com/ubuntu noble/main amd64 libhyphen0 amd64 2.8.8-7build3 [26.5 kB]
2026-10-04T21:23:27.8792279Z Get:145 http://azure.archive.ubuntu.com/ubuntu noble/universe amd64 libimath-3-1-29t64 amd64 3.1.9-3.1ubuntu2 [72.2 kB]
2026-10-04T21:23:27.9265413Z Get:146 http://azure.archive.ubuntu.com/ubuntu noble/main amd64 liblc3-1 amd64 1.0.4-3build1 [69.7 kB]
2026-10-04T21:23:27.9741246Z Get:147 http://azure.archive.ubuntu.com/ubuntu noble/main amd64 libldacbt-enc2 amd64 2.0.2.3+git20200429+ed310a0-4ubuntu2 [27.1 kB]
2026-10-04T21:23:28.0211336Z Get:148 http://azure.archive.ubuntu.com/ubuntu noble-updates/main amd64 libraptor2-0 amd64 2.0.16-3ubuntu0.1 [165 kB]
2026-10-04T21:23:28.0693998Z Get:149 http://azure.archive.ubuntu.com/ubuntu noble/universe amd64 liblrdf0 amd64 0.6.1-4build1 [18.5 kB]
2026-10-04T21:23:28.1164831Z Get:150 http://azure.archive.ubuntu.com/ubuntu noble/universe amd64 libltc11 amd64 1.3.2-1build1 [13.0 kB]
2026-10-04T21:23:28.1637251Z Get:151 http://azure.archive.ubuntu.com/ubuntu noble/main amd64 libmanette-0.2-0 amd64 0.2.7-1build2 [30.6 kB]
2026-10-04T21:23:28.2114696Z Get:152 http://azure.archive.ubuntu.com/ubuntu noble/universe amd64 libmfx1 amd64 22.5.4-1 [3124 kB]
2026-10-04T21:23:28.3166476Z Get:153 http://azure.archive.ubuntu.com/ubuntu noble/universe amd64 libmjpegutils-2.1-0t64 amd64 1:2.1.0+debian-8.1build1 [25.5 kB]
2026-10-04T21:23:28.3639128Z Get:154 http://azure.archive.ubuntu.com/ubuntu noble/universe amd64 libmodplug1 amd64 1:0.8.9.0-3build1 [166 kB]
2026-10-04T21:23:28.4146213Z Get:155 http://azure.archive.ubuntu.com/ubuntu noble/universe amd64 libmpcdec6 amd64 2:0.1~r495-2build1 [32.7 kB]
2026-10-04T21:23:28.4624846Z Get:156 http://azure.archive.ubuntu.com/ubuntu noble/universe amd64 libmpeg2encpp-2.1-0t64 amd64 1:2.1.0+debian-8.1build1 [75.6 kB]
2026-10-04T21:23:28.5118424Z Get:157 http://azure.archive.ubuntu.com/ubuntu noble/universe amd64 libmplex2-2.1-0t64 amd64 1:2.1.0+debian-8.1build1 [46.1 kB]
2026-10-04T21:23:28.5604475Z Get:158 http://azure.archive.ubuntu.com/ubuntu noble/universe amd64 libneon27t64 amd64 0.33.0-1.1build3 [102 kB]
2026-10-04T21:23:28.6084746Z Get:159 http://azure.archive.ubuntu.com/ubuntu noble/universe amd64 libnice10 amd64 0.1.21-2build3 [157 kB]
2026-10-04T21:23:28.6570857Z Get:160 http://azure.archive.ubuntu.com/ubuntu noble/universe amd64 libopenal-data all 1:1.23.1-4build1 [161 kB]
2026-10-04T21:23:28.7066280Z Get:161 http://azure.archive.ubuntu.com/ubuntu noble/universe amd64 libopenexr-3-1-30 amd64 3.1.5-5.1build3 [1004 kB]
2026-10-04T21:23:28.7675718Z Get:162 http://azure.archive.ubuntu.com/ubuntu noble/universe amd64 libopenh264-7 amd64 2.4.1+dfsg-1 [409 kB]
2026-10-04T21:23:28.8196852Z Get:163 http://azure.archive.ubuntu.com/ubuntu noble/universe amd64 libopenni2-0 amd64 2.2.0.33+dfsg-18 [370 kB]
2026-10-04T21:23:28.8721224Z Get:164 http://azure.archive.ubuntu.com/ubuntu noble/universe amd64 libqrencode4 amd64 4.1.1-1build2 [25.0 kB]
2026-10-04T21:23:28.9191839Z Get:165 http://azure.archive.ubuntu.com/ubuntu noble/main amd64 libsecret-common all 0.21.4-1build3 [4962 B]
2026-10-04T21:23:28.9660775Z Get:166 http://azure.archive.ubuntu.com/ubuntu noble/main amd64 libsecret-1-0 amd64 0.21.4-1build3 [116 kB]
2026-10-04T21:23:29.0135068Z Get:167 http://azure.archive.ubuntu.com/ubuntu noble/universe amd64 libsndio7.0 amd64 1.9.0-0.3build3 [29.6 kB]
2026-10-04T21:23:29.0605526Z Get:168 http://azure.archive.ubuntu.com/ubuntu noble/universe amd64 libsoundtouch1 amd64 2.3.2+ds1-1build1 [60.5 kB]
2026-10-04T21:23:29.1081642Z Get:169 http://azure.archive.ubuntu.com/ubuntu noble/universe amd64 libspandsp2t64 amd64 0.0.6+dfsg-2.1build1 [311 kB]
2026-10-04T21:23:29.1590657Z Get:170 http://azure.archive.ubuntu.com/ubuntu noble/universe amd64 libsrtp2-1 amd64 2.5.0-3build1 [41.9 kB]
2026-10-04T21:23:29.2066377Z Get:171 http://azure.archive.ubuntu.com/ubuntu noble/main amd64 libwayland-server0 amd64 1.22.0-2.1build1 [33.9 kB]
2026-10-04T21:23:29.2539588Z Get:172 http://azure.archive.ubuntu.com/ubuntu noble/universe amd64 libwildmidi2 amd64 0.4.3-1build3 [68.5 kB]
2026-10-04T21:23:29.3022661Z Get:173 http://azure.archive.ubuntu.com/ubuntu noble/main amd64 libwoff1 amd64 1.0.2-2build1 [45.3 kB]
2026-10-04T21:23:29.3495761Z Get:174 http://azure.archive.ubuntu.com/ubuntu noble/main amd64 libxcb-xkb1 amd64 1.15-1ubuntu2 [32.3 kB]
2026-10-04T21:23:29.3966092Z Get:175 http://azure.archive.ubuntu.com/ubuntu noble/main amd64 libxkbcommon-x11-0 amd64 1.6.0-1build1 [14.5 kB]
2026-10-04T21:23:29.4446757Z Get:176 http://azure.archive.ubuntu.com/ubuntu noble/universe amd64 libzbar0t64 amd64 0.23.93-4build3 [123 kB]
2026-10-04T21:23:29.4926095Z Get:177 http://azure.archive.ubuntu.com/ubuntu noble/universe amd64 libzxing3 amd64 2.2.1-3 [583 kB]
2026-10-04T21:23:29.5470417Z Get:178 http://azure.archive.ubuntu.com/ubuntu noble/main amd64 xfonts-encodings all 1:1.0.5-0ubuntu2 [578 kB]
2026-10-04T21:23:29.6012930Z Get:179 http://azure.archive.ubuntu.com/ubuntu noble/main amd64 xfonts-utils amd64 1:7.7+6build3 [94.4 kB]
2026-10-04T21:23:29.6488020Z Get:180 http://azure.archive.ubuntu.com/ubuntu noble/universe amd64 xfonts-cyrillic all 1:1.0.5+nmu1 [384 kB]
2026-10-04T21:23:29.7039065Z Get:181 http://azure.archive.ubuntu.com/ubuntu noble/main amd64 xfonts-scalable all 1:1.0.3-1.3 [304 kB]
2026-10-04T21:23:29.7555865Z Get:182 http://azure.archive.ubuntu.com/ubuntu noble/universe amd64 libgstreamer-plugins-bad1.0-0 amd64 1.24.2-1ubuntu4 [797 kB]
2026-10-04T21:23:29.8131023Z Get:183 http://azure.archive.ubuntu.com/ubuntu noble/universe amd64 libdca0 amd64 0.0.7-2build1 [93.8 kB]
2026-10-04T21:23:29.8610467Z Get:184 http://azure.archive.ubuntu.com/ubuntu noble/universe amd64 libopenal1 amd64 1:1.23.1-4build1 [540 kB]
2026-10-04T21:23:29.9120137Z Get:185 http://azure.archive.ubuntu.com/ubuntu noble/main amd64 libsbc1 amd64 2.0-1build1 [33.9 kB]
2026-10-04T21:23:29.9567885Z Get:186 http://azure.archive.ubuntu.com/ubuntu noble/universe amd64 libvo-aacenc0 amd64 0.1.3-2build1 [67.8 kB]
2026-10-04T21:23:30.0019068Z Get:187 http://azure.archive.ubuntu.com/ubuntu noble/universe amd64 libvo-amrwbenc0 amd64 0.1.3-2build1 [76.7 kB]
2026-10-04T21:23:30.0470853Z Get:188 http://azure.archive.ubuntu.com/ubuntu noble/universe amd64 gstreamer1.0-plugins-bad amd64 1.24.2-1ubuntu4 [3081 kB]
2026-10-04T21:23:30.5225351Z Fetched 125 MB in 12s (10.4 MB/s)
2026-10-04T21:23:30.5555260Z Selecting previously unselected package fonts-ipafont-gothic.
2026-10-04T21:23:30.5865801Z (Reading database ... 
2026-10-04T21:23:30.5866323Z (Reading database ... 5%
2026-10-04T21:23:30.5867358Z (Reading database ... 10%
2026-10-04T21:23:30.5867855Z (Reading database ... 15%
2026-10-04T21:23:30.5868313Z (Reading database ... 20%
2026-10-04T21:23:30.5868631Z (Reading database ... 25%
2026-10-04T21:23:30.5868943Z (Reading database ... 30%
2026-10-04T21:23:30.5869236Z (Reading database ... 35%
2026-10-04T21:23:30.5869523Z (Reading database ... 40%
2026-10-04T21:23:30.5869941Z (Reading database ... 45%
2026-10-04T21:23:30.5870252Z (Reading database ... 50%
2026-10-04T21:23:30.5906172Z (Reading database ... 55%
2026-10-04T21:23:30.6561886Z (Reading database ... 60%
2026-10-04T21:23:30.8539078Z (Reading database ... 65%
2026-10-04T21:23:31.0573277Z (Reading database ... 70%
2026-10-04T21:23:31.2055541Z (Reading database ... 75%
2026-10-04T21:23:31.3558113Z (Reading database ... 80%
2026-10-04T21:23:31.4646020Z (Reading database ... 85%
2026-10-04T21:23:31.6056381Z (Reading database ... 90%
2026-10-04T21:23:31.7208086Z (Reading database ... 95%
2026-10-04T21:23:31.7208691Z (Reading database ... 100%
2026-10-04T21:23:31.7209446Z (Reading database ... 202296 files and directories currently installed.)
2026-10-04T21:23:31.7251120Z Preparing to unpack .../000-fonts-ipafont-gothic_00303-21ubuntu1_all.deb ...
2026-10-04T21:23:31.7341170Z Unpacking fonts-ipafont-gothic (00303-21ubuntu1) ...
2026-10-04T21:23:31.9669721Z Selecting previously unselected package fonts-freefont-ttf.
2026-10-04T21:23:31.9795207Z Preparing to unpack .../001-fonts-freefont-ttf_20211204+svn4273-2_all.deb ...
2026-10-04T21:23:31.9801868Z Unpacking fonts-freefont-ttf (20211204+svn4273-2) ...
2026-10-04T21:23:32.0603489Z Selecting previously unselected package fonts-tlwg-loma-otf.
2026-10-04T21:23:32.0728953Z Preparing to unpack .../002-fonts-tlwg-loma-otf_1%3a0.7.3-1_all.deb ...
2026-10-04T21:23:32.0737378Z Unpacking fonts-tlwg-loma-otf (1:0.7.3-1) ...
2026-10-04T21:23:32.0947997Z Selecting previously unselected package fonts-unifont.
2026-10-04T21:23:32.1074052Z Preparing to unpack .../003-fonts-unifont_1%3a15.1.01-1build1_all.deb ...
2026-10-04T21:23:32.1080237Z Unpacking fonts-unifont (1:15.1.01-1build1) ...
2026-10-04T21:23:32.2182834Z Selecting previously unselected package fonts-wqy-zenhei.
2026-10-04T21:23:32.2310137Z Preparing to unpack .../004-fonts-wqy-zenhei_0.9.45-8_all.deb ...
2026-10-04T21:23:32.2416567Z Unpacking fonts-wqy-zenhei (0.9.45-8) ...
2026-10-04T21:23:32.7194356Z Selecting previously unselected package libproxy1v5:amd64.
2026-10-04T21:23:32.7323483Z Preparing to unpack .../005-libproxy1v5_0.5.4-4build1_amd64.deb ...
2026-10-04T21:23:32.7341027Z Unpacking libproxy1v5:amd64 (0.5.4-4build1) ...
2026-10-04T21:23:32.7550142Z Selecting previously unselected package glib-networking-common.
2026-10-04T21:23:32.7676150Z Preparing to unpack .../006-glib-networking-common_2.80.0-1build1_all.deb ...
2026-10-04T21:23:32.7682983Z Unpacking glib-networking-common (2.80.0-1build1) ...
2026-10-04T21:23:32.7868631Z Selecting previously unselected package glib-networking-services.
2026-10-04T21:23:32.7994838Z Preparing to unpack .../007-glib-networking-services_2.80.0-1build1_amd64.deb ...
2026-10-04T21:23:32.8001605Z Unpacking glib-networking-services (2.80.0-1build1) ...
2026-10-04T21:23:32.8207063Z Selecting previously unselected package session-migration.
2026-10-04T21:23:32.8338594Z Preparing to unpack .../008-session-migration_0.3.9build1_amd64.deb ...
2026-10-04T21:23:32.8347284Z Unpacking session-migration (0.3.9build1) ...
2026-10-04T21:23:32.8578033Z Selecting previously unselected package gsettings-desktop-schemas.
2026-10-04T21:23:32.8704466Z Preparing to unpack .../009-gsettings-desktop-schemas_46.1-0ubuntu1_all.deb ...
2026-10-04T21:23:32.8711147Z Unpacking gsettings-desktop-schemas (46.1-0ubuntu1) ...
2026-10-04T21:23:32.8979599Z Selecting previously unselected package glib-networking:amd64.
2026-10-04T21:23:32.9106485Z Preparing to unpack .../010-glib-networking_2.80.0-1build1_amd64.deb ...
2026-10-04T21:23:32.9113533Z Unpacking glib-networking:amd64 (2.80.0-1build1) ...
2026-10-04T21:23:32.9327635Z Selecting previously unselected package libva2:amd64.
2026-10-04T21:23:32.9453005Z Preparing to unpack .../011-libva2_2.20.0-2ubuntu0.2_amd64.deb ...
2026-10-04T21:23:32.9460284Z Unpacking libva2:amd64 (2.20.0-2ubuntu0.2) ...
2026-10-04T21:23:32.9669606Z Selecting previously unselected package libva-drm2:amd64.
2026-10-04T21:23:32.9795519Z Preparing to unpack .../012-libva-drm2_2.20.0-2ubuntu0.2_amd64.deb ...
2026-10-04T21:23:32.9802239Z Unpacking libva-drm2:amd64 (2.20.0-2ubuntu0.2) ...
2026-10-04T21:23:33.0007097Z Selecting previously unselected package libva-x11-2:amd64.
2026-10-04T21:23:33.0135998Z Preparing to unpack .../013-libva-x11-2_2.20.0-2ubuntu0.2_amd64.deb ...
2026-10-04T21:23:33.0142982Z Unpacking libva-x11-2:amd64 (2.20.0-2ubuntu0.2) ...
2026-10-04T21:23:33.0345184Z Selecting previously unselected package libvdpau1:amd64.
2026-10-04T21:23:33.0473298Z Preparing to unpack .../014-libvdpau1_1.5-2build1_amd64.deb ...
2026-10-04T21:23:33.0480353Z Unpacking libvdpau1:amd64 (1.5-2build1) ...
2026-10-04T21:23:33.0693215Z Selecting previously unselected package libvpl2.
2026-10-04T21:23:33.0819804Z Preparing to unpack .../015-libvpl2_2023.3.0-1build1_amd64.deb ...
2026-10-04T21:23:33.0827600Z Unpacking libvpl2 (2023.3.0-1build1) ...
2026-10-04T21:23:33.1054166Z Selecting previously unselected package ocl-icd-libopencl1:amd64.
2026-10-04T21:23:33.1181936Z Preparing to unpack .../016-ocl-icd-libopencl1_2.3.2-1build1_amd64.deb ...
2026-10-04T21:23:33.1188705Z Unpacking ocl-icd-libopencl1:amd64 (2.3.2-1build1) ...
2026-10-04T21:23:33.1424282Z Selecting previously unselected package libavutil58:amd64.
2026-10-04T21:23:33.1554216Z Preparing to unpack .../017-libavutil58_7%3a6.1.1-3ubuntu5_amd64.deb ...
2026-10-04T21:23:33.1567264Z Unpacking libavutil58:amd64 (7:6.1.1-3ubuntu5) ...
2026-10-04T21:23:33.1822998Z Selecting previously unselected package libcodec2-1.2:amd64.
2026-10-04T21:23:33.1949074Z Preparing to unpack .../018-libcodec2-1.2_1.2.0-2build1_amd64.deb ...
2026-10-04T21:23:33.1955683Z Unpacking libcodec2-1.2:amd64 (1.2.0-2build1) ...
2026-10-04T21:23:33.2722802Z Selecting previously unselected package libdav1d7:amd64.
2026-10-04T21:23:33.2850700Z Preparing to unpack .../019-libdav1d7_1.4.1-1build1_amd64.deb ...
2026-10-04T21:23:33.2858881Z Unpacking libdav1d7:amd64 (1.4.1-1build1) ...
2026-10-04T21:23:33.3135300Z Selecting previously unselected package libgsm1:amd64.
2026-10-04T21:23:33.3262002Z Preparing to unpack .../020-libgsm1_1.0.22-1build1_amd64.deb ...
2026-10-04T21:23:33.3269465Z Unpacking libgsm1:amd64 (1.0.22-1build1) ...
2026-10-04T21:23:33.3481672Z Selecting previously unselected package libhwy1t64:amd64.
2026-10-04T21:23:33.3608979Z Preparing to unpack .../021-libhwy1t64_1.0.7-8.1build1_amd64.deb ...
2026-10-04T21:23:33.3617441Z Unpacking libhwy1t64:amd64 (1.0.7-8.1build1) ...
2026-10-04T21:23:33.3952846Z Selecting previously unselected package libjxl0.7:amd64.
2026-10-04T21:23:33.4079343Z Preparing to unpack .../022-libjxl0.7_0.7.0-10.2ubuntu6.1_amd64.deb ...
2026-10-04T21:23:33.4087192Z Unpacking libjxl0.7:amd64 (0.7.0-10.2ubuntu6.1) ...
2026-10-04T21:23:33.4413490Z Selecting previously unselected package libmp3lame0:amd64.
2026-10-04T21:23:33.4539558Z Preparing to unpack .../023-libmp3lame0_3.100-6build1_amd64.deb ...
2026-10-04T21:23:33.4550011Z Unpacking libmp3lame0:amd64 (3.100-6build1) ...
2026-10-04T21:23:33.4764758Z Selecting previously unselected package libopus0:amd64.
2026-10-04T21:23:33.4891039Z Preparing to unpack .../024-libopus0_1.4-1build1_amd64.deb ...
2026-10-04T21:23:33.4900135Z Unpacking libopus0:amd64 (1.4-1build1) ...
2026-10-04T21:23:33.5121073Z Selecting previously unselected package librav1e0:amd64.
2026-10-04T21:23:33.5247784Z Preparing to unpack .../025-librav1e0_0.7.1-2_amd64.deb ...
2026-10-04T21:23:33.5254474Z Unpacking librav1e0:amd64 (0.7.1-2) ...
2026-10-04T21:23:33.5577803Z Selecting previously unselected package librsvg2-2:amd64.
2026-10-04T21:23:33.5703267Z Preparing to unpack .../026-librsvg2-2_2.58.0+dfsg-1build1_amd64.deb ...
2026-10-04T21:23:33.5710837Z Unpacking librsvg2-2:amd64 (2.58.0+dfsg-1build1) ...
2026-10-04T21:23:33.6187992Z Selecting previously unselected package libshine3:amd64.
2026-10-04T21:23:33.6313295Z Preparing to unpack .../027-libshine3_3.1.1-2build1_amd64.deb ...
2026-10-04T21:23:33.6320625Z Unpacking libshine3:amd64 (3.1.1-2build1) ...
2026-10-04T21:23:33.6524584Z Selecting previously unselected package libspeex1:amd64.
2026-10-04T21:23:33.6654511Z Preparing to unpack .../028-libspeex1_1.2.1-2ubuntu2.24.04.1_amd64.deb ...
2026-10-04T21:23:33.6662798Z Unpacking libspeex1:amd64 (1.2.1-2ubuntu2.24.04.1) ...
2026-10-04T21:23:33.6878166Z Selecting previously unselected package libsvtav1enc1d1:amd64.
2026-10-04T21:23:33.7005777Z Preparing to unpack .../029-libsvtav1enc1d1_1.7.0+dfsg-2build1_amd64.deb ...
2026-10-04T21:23:33.7012260Z Unpacking libsvtav1enc1d1:amd64 (1.7.0+dfsg-2build1) ...
2026-10-04T21:23:33.7484912Z Selecting previously unselected package libsoxr0:amd64.
2026-10-04T21:23:33.7611280Z Preparing to unpack .../030-libsoxr0_0.1.3-4build3_amd64.deb ...
2026-10-04T21:23:33.7618331Z Unpacking libsoxr0:amd64 (0.1.3-4build3) ...
2026-10-04T21:23:33.7830441Z Selecting previously unselected package libswresample4:amd64.
2026-10-04T21:23:33.7955802Z Preparing to unpack .../031-libswresample4_7%3a6.1.1-3ubuntu5_amd64.deb ...
2026-10-04T21:23:33.7963353Z Unpacking libswresample4:amd64 (7:6.1.1-3ubuntu5) ...
2026-10-04T21:23:33.8179465Z Selecting previously unselected package libtheora0:amd64.
2026-10-04T21:23:33.8305593Z Preparing to unpack .../032-libtheora0_1.1.1+dfsg.1-16.1build3_amd64.deb ...
2026-10-04T21:23:33.8314051Z Unpacking libtheora0:amd64 (1.1.1+dfsg.1-16.1build3) ...
2026-10-04T21:23:33.8547570Z Selecting previously unselected package libtwolame0:amd64.
2026-10-04T21:23:33.8675398Z Preparing to unpack .../033-libtwolame0_0.4.0-2build3_amd64.deb ...
2026-10-04T21:23:33.8682450Z Unpacking libtwolame0:amd64 (0.4.0-2build3) ...
2026-10-04T21:23:33.8893293Z Selecting previously unselected package libvorbisenc2:amd64.
2026-10-04T21:23:33.9020939Z Preparing to unpack .../034-libvorbisenc2_1.3.7-1build3_amd64.deb ...
2026-10-04T21:23:33.9028435Z Unpacking libvorbisenc2:amd64 (1.3.7-1build3) ...
2026-10-04T21:23:33.9253188Z Selecting previously unselected package libvpx9:amd64.
2026-10-04T21:23:33.9379538Z Preparing to unpack .../035-libvpx9_1.14.0-1ubuntu2.3_amd64.deb ...
2026-10-04T21:23:33.9386993Z Unpacking libvpx9:amd64 (1.14.0-1ubuntu2.3) ...
2026-10-04T21:23:33.9715773Z Selecting previously unselected package libx264-164:amd64.
2026-10-04T21:23:33.9842939Z Preparing to unpack .../036-libx264-164_2%3a0.164.3108+git31e19f9-1_amd64.deb ...
2026-10-04T21:23:33.9850606Z Unpacking libx264-164:amd64 (2:0.164.3108+git31e19f9-1) ...
2026-10-04T21:23:34.0125707Z Selecting previously unselected package libx265-199:amd64.
2026-10-04T21:23:34.0253042Z Preparing to unpack .../037-libx265-199_3.5-2build1_amd64.deb ...
2026-10-04T21:23:34.0259813Z Unpacking libx265-199:amd64 (3.5-2build1) ...
2026-10-04T21:23:34.0887558Z Selecting previously unselected package libxvidcore4:amd64.
2026-10-04T21:23:34.1014556Z Preparing to unpack .../038-libxvidcore4_2%3a1.3.7-1build1_amd64.deb ...
2026-10-04T21:23:34.1021946Z Unpacking libxvidcore4:amd64 (2:1.3.7-1build1) ...
2026-10-04T21:23:34.1241527Z Selecting previously unselected package libzvbi-common.
2026-10-04T21:23:34.1369261Z Preparing to unpack .../039-libzvbi-common_0.2.42-2_all.deb ...
2026-10-04T21:23:34.1378086Z Unpacking libzvbi-common (0.2.42-2) ...
2026-10-04T21:23:34.1665009Z Selecting previously unselected package libzvbi0t64:amd64.
2026-10-04T21:23:34.1789682Z Preparing to unpack .../040-libzvbi0t64_0.2.42-2_amd64.deb ...
2026-10-04T21:23:34.1797495Z Unpacking libzvbi0t64:amd64 (0.2.42-2) ...
2026-10-04T21:23:34.2034229Z Selecting previously unselected package libavcodec60:amd64.
2026-10-04T21:23:34.2161913Z Preparing to unpack .../041-libavcodec60_7%3a6.1.1-3ubuntu5_amd64.deb ...
2026-10-04T21:23:34.2169369Z Unpacking libavcodec60:amd64 (7:6.1.1-3ubuntu5) ...
2026-10-04T21:23:34.2977825Z Selecting previously unselected package libunibreak5:amd64.
2026-10-04T21:23:34.3102006Z Preparing to unpack .../042-libunibreak5_5.1-2build1_amd64.deb ...
2026-10-04T21:23:34.3109901Z Unpacking libunibreak5:amd64 (5.1-2build1) ...
2026-10-04T21:23:34.3319204Z Selecting previously unselected package libass9:amd64.
2026-10-04T21:23:34.3447405Z Preparing to unpack .../043-libass9_1%3a0.17.1-2build1_amd64.deb ...
2026-10-04T21:23:34.3455239Z Unpacking libass9:amd64 (1:0.17.1-2build1) ...
2026-10-04T21:23:34.3666522Z Selecting previously unselected package libudfread0:amd64.
2026-10-04T21:23:34.3793095Z Preparing to unpack .../044-libudfread0_1.1.2-1build1_amd64.deb ...
2026-10-04T21:23:34.3801005Z Unpacking libudfread0:amd64 (1.1.2-1build1) ...
2026-10-04T21:23:34.4001679Z Selecting previously unselected package libbluray2:amd64.
2026-10-04T21:23:34.4126409Z Preparing to unpack .../045-libbluray2_1%3a1.3.4-1build1_amd64.deb ...
2026-10-04T21:23:34.4134861Z Unpacking libbluray2:amd64 (1:1.3.4-1build1) ...
2026-10-04T21:23:34.4354905Z Selecting previously unselected package libchromaprint1:amd64.
2026-10-04T21:23:34.4480242Z Preparing to unpack .../046-libchromaprint1_1.5.1-5_amd64.deb ...
2026-10-04T21:23:34.4487820Z Unpacking libchromaprint1:amd64 (1.5.1-5) ...
2026-10-04T21:23:34.4695663Z Selecting previously unselected package libgme0:amd64.
2026-10-04T21:23:34.4820831Z Preparing to unpack .../047-libgme0_0.6.3-7build1_amd64.deb ...
2026-10-04T21:23:34.4828731Z Unpacking libgme0:amd64 (0.6.3-7build1) ...
2026-10-04T21:23:34.5041358Z Selecting previously unselected package libmpg123-0t64:amd64.
2026-10-04T21:23:34.5166087Z Preparing to unpack .../048-libmpg123-0t64_1.32.5-1ubuntu1.1_amd64.deb ...
2026-10-04T21:23:34.5174488Z Unpacking libmpg123-0t64:amd64 (1.32.5-1ubuntu1.1) ...
2026-10-04T21:23:34.5398854Z Selecting previously unselected package libopenmpt0t64:amd64.
2026-10-04T21:23:34.5525597Z Preparing to unpack .../049-libopenmpt0t64_0.7.3-1.1build3_amd64.deb ...
2026-10-04T21:23:34.5533914Z Unpacking libopenmpt0t64:amd64 (0.7.3-1.1build3) ...
2026-10-04T21:23:34.5805821Z Selecting previously unselected package libcjson1:amd64.
2026-10-04T21:23:34.5932329Z Preparing to unpack .../050-libcjson1_1.7.17-1_amd64.deb ...
2026-10-04T21:23:34.5961594Z Unpacking libcjson1:amd64 (1.7.17-1) ...
2026-10-04T21:23:34.6170694Z Selecting previously unselected package libmbedcrypto7t64:amd64.
2026-10-04T21:23:34.6297923Z Preparing to unpack .../051-libmbedcrypto7t64_2.28.8-1_amd64.deb ...
2026-10-04T21:23:34.6305334Z Unpacking libmbedcrypto7t64:amd64 (2.28.8-1) ...
2026-10-04T21:23:34.6534067Z Selecting previously unselected package librist4:amd64.
2026-10-04T21:23:34.6661462Z Preparing to unpack .../052-librist4_0.2.10+dfsg-2_amd64.deb ...
2026-10-04T21:23:34.6668510Z Unpacking librist4:amd64 (0.2.10+dfsg-2) ...
2026-10-04T21:23:34.6877838Z Selecting previously unselected package libsrt1.5-gnutls:amd64.
2026-10-04T21:23:34.7005349Z Preparing to unpack .../053-libsrt1.5-gnutls_1.5.3-1build2_amd64.deb ...
2026-10-04T21:23:34.7012643Z Unpacking libsrt1.5-gnutls:amd64 (1.5.3-1build2) ...
2026-10-04T21:23:34.7255828Z Selecting previously unselected package libssh-gcrypt-4:amd64.
2026-10-04T21:23:34.7382672Z Preparing to unpack .../054-libssh-gcrypt-4_0.10.6-2ubuntu0.5_amd64.deb ...
2026-10-04T21:23:34.7390861Z Unpacking libssh-gcrypt-4:amd64 (0.10.6-2ubuntu0.5) ...
2026-10-04T21:23:34.7625115Z Selecting previously unselected package libavformat60:amd64.
2026-10-04T21:23:34.7751984Z Preparing to unpack .../055-libavformat60_7%3a6.1.1-3ubuntu5_amd64.deb ...
2026-10-04T21:23:34.7758974Z Unpacking libavformat60:amd64 (7:6.1.1-3ubuntu5) ...
2026-10-04T21:23:34.8072508Z Selecting previously unselected package libbs2b0:amd64.
2026-10-04T21:23:34.8200389Z Preparing to unpack .../056-libbs2b0_3.1.0+dfsg-7build1_amd64.deb ...
2026-10-04T21:23:34.8208812Z Unpacking libbs2b0:amd64 (3.1.0+dfsg-7build1) ...
2026-10-04T21:23:34.8440127Z Selecting previously unselected package libflite1:amd64.
2026-10-04T21:23:34.8567844Z Preparing to unpack .../057-libflite1_2.2-6build3_amd64.deb ...
2026-10-04T21:23:34.8576540Z Unpacking libflite1:amd64 (2.2-6build3) ...
2026-10-04T21:23:34.9643399Z Selecting previously unselected package libserd-0-0:amd64.
2026-10-04T21:23:34.9769246Z Preparing to unpack .../058-libserd-0-0_0.32.2-1_amd64.deb ...
2026-10-04T21:23:34.9776584Z Unpacking libserd-0-0:amd64 (0.32.2-1) ...
2026-10-04T21:23:34.9984630Z Selecting previously unselected package libzix-0-0:amd64.
2026-10-04T21:23:35.0111091Z Preparing to unpack .../059-libzix-0-0_0.4.2-2build1_amd64.deb ...
2026-10-04T21:23:35.0118613Z Unpacking libzix-0-0:amd64 (0.4.2-2build1) ...
2026-10-04T21:23:35.0324402Z Selecting previously unselected package libsord-0-0:amd64.
2026-10-04T21:23:35.0448501Z Preparing to unpack .../060-libsord-0-0_0.16.16-2build1_amd64.deb ...
2026-10-04T21:23:35.0457407Z Unpacking libsord-0-0:amd64 (0.16.16-2build1) ...
2026-10-04T21:23:35.0661507Z Selecting previously unselected package libsratom-0-0:amd64.
2026-10-04T21:23:35.0786011Z Preparing to unpack .../061-libsratom-0-0_0.6.16-1build1_amd64.deb ...
2026-10-04T21:23:35.0793118Z Unpacking libsratom-0-0:amd64 (0.6.16-1build1) ...
2026-10-04T21:23:35.0998129Z Selecting previously unselected package liblilv-0-0:amd64.
2026-10-04T21:23:35.1121930Z Preparing to unpack .../062-liblilv-0-0_0.24.22-1build1_amd64.deb ...
2026-10-04T21:23:35.1129901Z Unpacking liblilv-0-0:amd64 (0.24.22-1build1) ...
2026-10-04T21:23:35.1333071Z Selecting previously unselected package libmysofa1:amd64.
2026-10-04T21:23:35.1459509Z Preparing to unpack .../063-libmysofa1_1.3.2+dfsg-2ubuntu2_amd64.deb ...
2026-10-04T21:23:35.1483106Z Unpacking libmysofa1:amd64 (1.3.2+dfsg-2ubuntu2) ...
2026-10-04T21:23:35.1727029Z Selecting previously unselected package libplacebo338:amd64.
2026-10-04T21:23:35.1851805Z Preparing to unpack .../064-libplacebo338_6.338.2-2build1_amd64.deb ...
2026-10-04T21:23:35.1859615Z Unpacking libplacebo338:amd64 (6.338.2-2build1) ...
2026-10-04T21:23:35.2429281Z Selecting previously unselected package libblas3:amd64.
2026-10-04T21:23:35.2555851Z Preparing to unpack .../065-libblas3_3.12.0-3build1.1_amd64.deb ...
2026-10-04T21:23:35.2608476Z Unpacking libblas3:amd64 (3.12.0-3build1.1) ...
2026-10-04T21:23:35.2849859Z Selecting previously unselected package liblapack3:amd64.
2026-10-04T21:23:35.2975171Z Preparing to unpack .../066-liblapack3_3.12.0-3build1.1_amd64.deb ...
2026-10-04T21:23:35.3005933Z Unpacking liblapack3:amd64 (3.12.0-3build1.1) ...
2026-10-04T21:23:35.3505398Z Selecting previously unselected package libasyncns0:amd64.
2026-10-04T21:23:35.3630994Z Preparing to unpack .../067-libasyncns0_0.8-6build4_amd64.deb ...
2026-10-04T21:23:35.3639483Z Unpacking libasyncns0:amd64 (0.8-6build4) ...
2026-10-04T21:23:35.3858410Z Selecting previously unselected package libflac12t64:amd64.
2026-10-04T21:23:35.3984832Z Preparing to unpack .../068-libflac12t64_1.4.3+ds-2.1ubuntu2_amd64.deb ...
2026-10-04T21:23:35.3993260Z Unpacking libflac12t64:amd64 (1.4.3+ds-2.1ubuntu2) ...
2026-10-04T21:23:35.4215502Z Selecting previously unselected package libsndfile1:amd64.
2026-10-04T21:23:35.4341453Z Preparing to unpack .../069-libsndfile1_1.2.2-1ubuntu5.24.04.1_amd64.deb ...
2026-10-04T21:23:35.4348748Z Unpacking libsndfile1:amd64 (1.2.2-1ubuntu5.24.04.1) ...
2026-10-04T21:23:35.4591034Z Selecting previously unselected package libpulse0:amd64.
2026-10-04T21:23:35.4717847Z Preparing to unpack .../070-libpulse0_1%3a16.1+dfsg1-2ubuntu10.1_amd64.deb ...
2026-10-04T21:23:35.4788177Z Unpacking libpulse0:amd64 (1:16.1+dfsg1-2ubuntu10.1) ...
2026-10-04T21:23:35.5057931Z Selecting previously unselected package libsphinxbase3t64:amd64.
2026-10-04T21:23:35.5187012Z Preparing to unpack .../071-libsphinxbase3t64_0.8+5prealpha+1-17build2_amd64.deb ...
2026-10-04T21:23:35.5193814Z Unpacking libsphinxbase3t64:amd64 (0.8+5prealpha+1-17build2) ...
2026-10-04T21:23:35.5422543Z Selecting previously unselected package libpocketsphinx3:amd64.
2026-10-04T21:23:35.5551141Z Preparing to unpack .../072-libpocketsphinx3_0.8.0+real5prealpha+1-15ubuntu5_amd64.deb ...
2026-10-04T21:23:35.5558103Z Unpacking libpocketsphinx3:amd64 (0.8.0+real5prealpha+1-15ubuntu5) ...
2026-10-04T21:23:35.5777709Z Selecting previously unselected package libpostproc57:amd64.
2026-10-04T21:23:35.5904395Z Preparing to unpack .../073-libpostproc57_7%3a6.1.1-3ubuntu5_amd64.deb ...
2026-10-04T21:23:35.5912441Z Unpacking libpostproc57:amd64 (7:6.1.1-3ubuntu5) ...
2026-10-04T21:23:35.6122346Z Selecting previously unselected package libsamplerate0:amd64.
2026-10-04T21:23:35.6249984Z Preparing to unpack .../074-libsamplerate0_0.2.2-4build1_amd64.deb ...
2026-10-04T21:23:35.6257980Z Unpacking libsamplerate0:amd64 (0.2.2-4build1) ...
2026-10-04T21:23:35.6518124Z Selecting previously unselected package librubberband2:amd64.
2026-10-04T21:23:35.6644594Z Preparing to unpack .../075-librubberband2_3.3.0+dfsg-2build1_amd64.deb ...
2026-10-04T21:23:35.6652143Z Unpacking librubberband2:amd64 (3.3.0+dfsg-2build1) ...
2026-10-04T21:23:35.6878419Z Selecting previously unselected package libswscale7:amd64.
2026-10-04T21:23:35.7004643Z Preparing to unpack .../076-libswscale7_7%3a6.1.1-3ubuntu5_amd64.deb ...
2026-10-04T21:23:35.7033927Z Unpacking libswscale7:amd64 (7:6.1.1-3ubuntu5) ...
2026-10-04T21:23:35.7265372Z Selecting previously unselected package libvidstab1.1:amd64.
2026-10-04T21:23:35.7391831Z Preparing to unpack .../077-libvidstab1.1_1.1.0-2build1_amd64.deb ...
2026-10-04T21:23:35.7399139Z Unpacking libvidstab1.1:amd64 (1.1.0-2build1) ...
2026-10-04T21:23:35.7611434Z Selecting previously unselected package libzimg2:amd64.
2026-10-04T21:23:35.7736122Z Preparing to unpack .../078-libzimg2_3.0.5+ds1-1build1_amd64.deb ...
2026-10-04T21:23:35.7744449Z Unpacking libzimg2:amd64 (3.0.5+ds1-1build1) ...
2026-10-04T21:23:35.7995250Z Selecting previously unselected package libavfilter9:amd64.
2026-10-04T21:23:35.8121458Z Preparing to unpack .../079-libavfilter9_7%3a6.1.1-3ubuntu5_amd64.deb ...
2026-10-04T21:23:35.8144107Z Unpacking libavfilter9:amd64 (7:6.1.1-3ubuntu5) ...
2026-10-04T21:23:35.8863497Z Selecting previously unselected package liborc-0.4-0t64:amd64.
2026-10-04T21:23:35.8991927Z Preparing to unpack .../080-liborc-0.4-0t64_1%3a0.4.38-1ubuntu0.1_amd64.deb ...
2026-10-04T21:23:35.9020757Z Unpacking liborc-0.4-0t64:amd64 (1:0.4.38-1ubuntu0.1) ...
2026-10-04T21:23:35.9270358Z Selecting previously unselected package libgstreamer-plugins-base1.0-0:amd64.
2026-10-04T21:23:35.9397625Z Preparing to unpack .../081-libgstreamer-plugins-base1.0-0_1.24.2-1ubuntu0.5_amd64.deb ...
2026-10-04T21:23:35.9405936Z Unpacking libgstreamer-plugins-base1.0-0:amd64 (1.24.2-1ubuntu0.5) ...
2026-10-04T21:23:36.0000702Z Selecting previously unselected package gstreamer1.0-libav:amd64.
2026-10-04T21:23:36.0139477Z Preparing to unpack .../082-gstreamer1.0-libav_1.24.1-1build1_amd64.deb ...
2026-10-04T21:23:36.0151433Z Unpacking gstreamer1.0-libav:amd64 (1.24.1-1build1) ...
2026-10-04T21:23:36.0368654Z Selecting previously unselected package libcdparanoia0:amd64.
2026-10-04T21:23:36.0495854Z Preparing to unpack .../083-libcdparanoia0_3.10.2+debian-14build3_amd64.deb ...
2026-10-04T21:23:36.0507407Z Unpacking libcdparanoia0:amd64 (3.10.2+debian-14build3) ...
2026-10-04T21:23:36.0727406Z Selecting previously unselected package libvisual-0.4-0:amd64.
2026-10-04T21:23:36.0854318Z Preparing to unpack .../084-libvisual-0.4-0_0.4.2-2build1_amd64.deb ...
2026-10-04T21:23:36.0861367Z Unpacking libvisual-0.4-0:amd64 (0.4.2-2build1) ...
2026-10-04T21:23:36.1086798Z Selecting previously unselected package gstreamer1.0-plugins-base:amd64.
2026-10-04T21:23:36.1215901Z Preparing to unpack .../085-gstreamer1.0-plugins-base_1.24.2-1ubuntu0.5_amd64.deb ...
2026-10-04T21:23:36.1224118Z Unpacking gstreamer1.0-plugins-base:amd64 (1.24.2-1ubuntu0.5) ...
2026-10-04T21:23:36.1576906Z Selecting previously unselected package libaa1:amd64.
2026-10-04T21:23:36.1706099Z Preparing to unpack .../086-libaa1_1.4p5-51.1_amd64.deb ...
2026-10-04T21:23:36.1713812Z Unpacking libaa1:amd64 (1.4p5-51.1) ...
2026-10-04T21:23:36.1937202Z Selecting previously unselected package libraw1394-11:amd64.
2026-10-04T21:23:36.2064855Z Preparing to unpack .../087-libraw1394-11_2.1.2-2build3_amd64.deb ...
2026-10-04T21:23:36.2073313Z Unpacking libraw1394-11:amd64 (2.1.2-2build3) ...
2026-10-04T21:23:36.2282786Z Selecting previously unselected package libavc1394-0:amd64.
2026-10-04T21:23:36.2410926Z Preparing to unpack .../088-libavc1394-0_0.5.4-5build3_amd64.deb ...
2026-10-04T21:23:36.2418557Z Unpacking libavc1394-0:amd64 (0.5.4-5build3) ...
2026-10-04T21:23:36.2640006Z Selecting previously unselected package libcaca0:amd64.
2026-10-04T21:23:36.2767023Z Preparing to unpack .../089-libcaca0_0.99.beta20-4ubuntu0.2_amd64.deb ...
2026-10-04T21:23:36.2776207Z Unpacking libcaca0:amd64 (0.99.beta20-4ubuntu0.2) ...
2026-10-04T21:23:36.3029965Z Selecting previously unselected package libdv4t64:amd64.
2026-10-04T21:23:36.3156389Z Preparing to unpack .../090-libdv4t64_1.0.0-17.1build1_amd64.deb ...
2026-10-04T21:23:36.3177304Z Unpacking libdv4t64:amd64 (1.0.0-17.1build1) ...
2026-10-04T21:23:36.3400763Z Selecting previously unselected package libgstreamer-plugins-good1.0-0:amd64.
2026-10-04T21:23:36.3527651Z Preparing to unpack .../091-libgstreamer-plugins-good1.0-0_1.24.2-1ubuntu1.8_amd64.deb ...
2026-10-04T21:23:36.3537360Z Unpacking libgstreamer-plugins-good1.0-0:amd64 (1.24.2-1ubuntu1.8) ...
2026-10-04T21:23:36.3769863Z Selecting previously unselected package libiec61883-0:amd64.
2026-10-04T21:23:36.3896816Z Preparing to unpack .../092-libiec61883-0_1.2.0-6build1_amd64.deb ...
2026-10-04T21:23:36.3904045Z Unpacking libiec61883-0:amd64 (1.2.0-6build1) ...
2026-10-04T21:23:36.4127554Z Selecting previously unselected package libshout3:amd64.
2026-10-04T21:23:36.4255430Z Preparing to unpack .../093-libshout3_2.4.6-1build2_amd64.deb ...
2026-10-04T21:23:36.4262287Z Unpacking libshout3:amd64 (2.4.6-1build2) ...
2026-10-04T21:23:36.4484539Z Selecting previously unselected package libtag1v5-vanilla:amd64.
2026-10-04T21:23:36.4610455Z Preparing to unpack .../094-libtag1v5-vanilla_1.13.1-1build1_amd64.deb ...
2026-10-04T21:23:36.4624820Z Unpacking libtag1v5-vanilla:amd64 (1.13.1-1build1) ...
2026-10-04T21:23:36.4919283Z Selecting previously unselected package libtag1v5:amd64.
2026-10-04T21:23:36.5045745Z Preparing to unpack .../095-libtag1v5_1.13.1-1build1_amd64.deb ...
2026-10-04T21:23:36.5054232Z Unpacking libtag1v5:amd64 (1.13.1-1build1) ...
2026-10-04T21:23:36.5264139Z Selecting previously unselected package libv4lconvert0t64:amd64.
2026-10-04T21:23:36.5390505Z Preparing to unpack .../096-libv4lconvert0t64_1.26.1-4build3_amd64.deb ...
2026-10-04T21:23:36.5398122Z Unpacking libv4lconvert0t64:amd64 (1.26.1-4build3) ...
2026-10-04T21:23:36.5626723Z Selecting previously unselected package libv4l-0t64:amd64.
2026-10-04T21:23:36.5753209Z Preparing to unpack .../097-libv4l-0t64_1.26.1-4build3_amd64.deb ...
2026-10-04T21:23:36.5760421Z Unpacking libv4l-0t64:amd64 (1.26.1-4build3) ...
2026-10-04T21:23:36.6004859Z Selecting previously unselected package libwavpack1:amd64.
2026-10-04T21:23:36.6131489Z Preparing to unpack .../098-libwavpack1_5.6.0-1build1_amd64.deb ...
2026-10-04T21:23:36.6138894Z Unpacking libwavpack1:amd64 (5.6.0-1build1) ...
2026-10-04T21:23:36.6346479Z Selecting previously unselected package libsoup-3.0-common.
2026-10-04T21:23:36.6473436Z Preparing to unpack .../099-libsoup-3.0-common_3.4.4-5ubuntu0.8_all.deb ...
2026-10-04T21:23:36.6481042Z Unpacking libsoup-3.0-common (3.4.4-5ubuntu0.8) ...
2026-10-04T21:23:36.6682670Z Selecting previously unselected package libsoup-3.0-0:amd64.
2026-10-04T21:23:36.6812155Z Preparing to unpack .../100-libsoup-3.0-0_3.4.4-5ubuntu0.8_amd64.deb ...
2026-10-04T21:23:36.6820155Z Unpacking libsoup-3.0-0:amd64 (3.4.4-5ubuntu0.8) ...
2026-10-04T21:23:36.7067398Z Selecting previously unselected package gstreamer1.0-plugins-good:amd64.
2026-10-04T21:23:36.7194684Z Preparing to unpack .../101-gstreamer1.0-plugins-good_1.24.2-1ubuntu1.8_amd64.deb ...
2026-10-04T21:23:36.7201989Z Unpacking gstreamer1.0-plugins-good:amd64 (1.24.2-1ubuntu1.8) ...
2026-10-04T21:23:36.7798026Z Selecting previously unselected package libabsl20220623t64:amd64.
2026-10-04T21:23:36.7925154Z Preparing to unpack .../102-libabsl20220623t64_20220623.1-3.1ubuntu3.2_amd64.deb ...
2026-10-04T21:23:36.7932311Z Unpacking libabsl20220623t64:amd64 (20220623.1-3.1ubuntu3.2) ...
2026-10-04T21:23:36.8366330Z Selecting previously unselected package libgav1-1:amd64.
2026-10-04T21:23:36.8494188Z Preparing to unpack .../103-libgav1-1_0.18.0-1build3_amd64.deb ...
2026-10-04T21:23:36.8501188Z Unpacking libgav1-1:amd64 (0.18.0-1build3) ...
2026-10-04T21:23:36.8750278Z Selecting previously unselected package libyuv0:amd64.
2026-10-04T21:23:36.8877454Z Preparing to unpack .../104-libyuv0_0.0~git202401110.af6ac82-1_amd64.deb ...
2026-10-04T21:23:36.8884452Z Unpacking libyuv0:amd64 (0.0~git202401110.af6ac82-1) ...
2026-10-04T21:23:36.9116166Z Selecting previously unselected package libavif16:amd64.
2026-10-04T21:23:36.9244719Z Preparing to unpack .../105-libavif16_1.0.4-1ubuntu3_amd64.deb ...
2026-10-04T21:23:36.9252582Z Unpacking libavif16:amd64 (1.0.4-1ubuntu3) ...
2026-10-04T21:23:36.9471888Z Selecting previously unselected package libavtp0:amd64.
2026-10-04T21:23:36.9598942Z Preparing to unpack .../106-libavtp0_0.2.0-1build1_amd64.deb ...
2026-10-04T21:23:36.9607651Z Unpacking libavtp0:amd64 (0.2.0-1build1) ...
2026-10-04T21:23:36.9819016Z Selecting previously unselected package libcairo-script-interpreter2:amd64.
2026-10-04T21:23:36.9949508Z Preparing to unpack .../107-libcairo-script-interpreter2_1.18.0-3build1_amd64.deb ...
2026-10-04T21:23:36.9959612Z Unpacking libcairo-script-interpreter2:amd64 (1.18.0-3build1) ...
2026-10-04T21:23:37.0184344Z Selecting previously unselected package libdc1394-25:amd64.
2026-10-04T21:23:37.0316087Z Preparing to unpack .../108-libdc1394-25_2.2.6-4build1_amd64.deb ...
2026-10-04T21:23:37.0324708Z Unpacking libdc1394-25:amd64 (2.2.6-4build1) ...
2026-10-04T21:23:37.0562493Z Selecting previously unselected package libde265-0:amd64.
2026-10-04T21:23:37.0691991Z Preparing to unpack .../109-libde265-0_1.0.15-1ubuntu0.1_amd64.deb ...
2026-10-04T21:23:37.0701643Z Unpacking libde265-0:amd64 (1.0.15-1ubuntu0.1) ...
2026-10-04T21:23:37.0936249Z Selecting previously unselected package libdecor-0-0:amd64.
2026-10-04T21:23:37.1064703Z Preparing to unpack .../110-libdecor-0-0_0.2.2-1build2_amd64.deb ...
2026-10-04T21:23:37.1074015Z Unpacking libdecor-0-0:amd64 (0.2.2-1build2) ...
2026-10-04T21:23:37.1287268Z Selecting previously unselected package libgles2:amd64.
2026-10-04T21:23:37.1418451Z Preparing to unpack .../111-libgles2_1.7.0-1build1_amd64.deb ...
2026-10-04T21:23:37.1428224Z Unpacking libgles2:amd64 (1.7.0-1build1) ...
2026-10-04T21:23:37.1642616Z Selecting previously unselected package libdirectfb-1.7-7t64:amd64.
2026-10-04T21:23:37.1769382Z Preparing to unpack .../112-libdirectfb-1.7-7t64_1.7.7-11.1ubuntu2_amd64.deb ...
2026-10-04T21:23:37.1776668Z Unpacking libdirectfb-1.7-7t64:amd64 (1.7.7-11.1ubuntu2) ...
2026-10-04T21:23:37.2183251Z Selecting previously unselected package libdvdread8t64:amd64.
2026-10-04T21:23:37.2311789Z Preparing to unpack .../113-libdvdread8t64_6.1.3-1.1build1_amd64.deb ...
2026-10-04T21:23:37.2322592Z Unpacking libdvdread8t64:amd64 (6.1.3-1.1build1) ...
2026-10-04T21:23:37.2549592Z Selecting previously unselected package libdvdnav4:amd64.
2026-10-04T21:23:37.2679623Z Preparing to unpack .../114-libdvdnav4_6.1.1-3build1_amd64.deb ...
2026-10-04T21:23:37.2688042Z Unpacking libdvdnav4:amd64 (6.1.1-3build1) ...
2026-10-04T21:23:37.3045716Z Preparing to unpack .../115-libgl1-mesa-dri_25.2.8-0ubuntu0.24.04.4_amd64.deb ...
2026-10-04T21:23:37.3194952Z Unpacking libgl1-mesa-dri:amd64 (25.2.8-0ubuntu0.24.04.4) over (25.2.8-0ubuntu0.24.04.2) ...
2026-10-04T21:23:37.3705425Z Preparing to unpack .../116-libglx-mesa0_25.2.8-0ubuntu0.24.04.4_amd64.deb ...
2026-10-04T21:23:37.3728949Z Unpacking libglx-mesa0:amd64 (25.2.8-0ubuntu0.24.04.4) over (25.2.8-0ubuntu0.24.04.2) ...
2026-10-04T21:23:37.4109479Z Preparing to unpack .../117-libgbm1_25.2.8-0ubuntu0.24.04.4_amd64.deb ...
2026-10-04T21:23:37.4131438Z Unpacking libgbm1:amd64 (25.2.8-0ubuntu0.24.04.4) over (25.2.8-0ubuntu0.24.04.2) ...
2026-10-04T21:23:37.4504784Z Preparing to unpack .../118-mesa-libgallium_25.2.8-0ubuntu0.24.04.4_amd64.deb ...
2026-10-04T21:23:37.4528220Z Unpacking mesa-libgallium:amd64 (25.2.8-0ubuntu0.24.04.4) over (25.2.8-0ubuntu0.24.04.2) ...
2026-10-04T21:23:37.6342789Z Selecting previously unselected package libegl-mesa0:amd64.
2026-10-04T21:23:37.6472643Z Preparing to unpack .../119-libegl-mesa0_25.2.8-0ubuntu0.24.04.4_amd64.deb ...
2026-10-04T21:23:37.6480387Z Unpacking libegl-mesa0:amd64 (25.2.8-0ubuntu0.24.04.4) ...
2026-10-04T21:23:37.6717952Z Selecting previously unselected package libevent-2.1-7t64:amd64.
2026-10-04T21:23:37.6844988Z Preparing to unpack .../120-libevent-2.1-7t64_2.1.12-stable-9ubuntu2.2_amd64.deb ...
2026-10-04T21:23:37.6851764Z Unpacking libevent-2.1-7t64:amd64 (2.1.12-stable-9ubuntu2.2) ...
2026-10-04T21:23:37.7206490Z Preparing to unpack .../121-libevent-pthreads-2.1-7t64_2.1.12-stable-9ubuntu2.2_amd64.deb ...
2026-10-04T21:23:37.7332624Z Unpacking libevent-pthreads-2.1-7t64:amd64 (2.1.12-stable-9ubuntu2.2) over (2.1.12-stable-9ubuntu2.1) ...
2026-10-04T21:23:37.7709721Z Preparing to unpack .../122-libevent-core-2.1-7t64_2.1.12-stable-9ubuntu2.2_amd64.deb ...
2026-10-04T21:23:37.7819761Z Unpacking libevent-core-2.1-7t64:amd64 (2.1.12-stable-9ubuntu2.2) over (2.1.12-stable-9ubuntu2.1) ...
2026-10-04T21:23:37.8067790Z Selecting previously unselected package libfaad2:amd64.
2026-10-04T21:23:37.8195709Z Preparing to unpack .../123-libfaad2_2.11.1-1build1_amd64.deb ...
2026-10-04T21:23:37.8203464Z Unpacking libfaad2:amd64 (2.11.1-1build1) ...
2026-10-04T21:23:37.8438606Z Selecting previously unselected package libinstpatch-1.0-2:amd64.
2026-10-04T21:23:37.8565090Z Preparing to unpack .../124-libinstpatch-1.0-2_1.1.6-1build2_amd64.deb ...
2026-10-04T21:23:37.8573490Z Unpacking libinstpatch-1.0-2:amd64 (1.1.6-1build2) ...
2026-10-04T21:23:37.8809113Z Selecting previously unselected package libjack-jackd2-0:amd64.
2026-10-04T21:23:37.8934831Z Preparing to unpack .../125-libjack-jackd2-0_1.9.21~dfsg-3ubuntu3_amd64.deb ...
2026-10-04T21:23:37.8942501Z Unpacking libjack-jackd2-0:amd64 (1.9.21~dfsg-3ubuntu3) ...
2026-10-04T21:23:37.9210330Z Selecting previously unselected package libwebrtc-audio-processing1:amd64.
2026-10-04T21:23:37.9339845Z Preparing to unpack .../126-libwebrtc-audio-processing1_0.3.1-0ubuntu6_amd64.deb ...
2026-10-04T21:23:37.9346525Z Unpacking libwebrtc-audio-processing1:amd64 (0.3.1-0ubuntu6) ...
2026-10-04T21:23:37.9576660Z Selecting previously unselected package libspa-0.2-modules:amd64.
2026-10-04T21:23:37.9704937Z Preparing to unpack .../127-libspa-0.2-modules_1.0.5-1ubuntu3.3_amd64.deb ...
2026-10-04T21:23:37.9715125Z Unpacking libspa-0.2-modules:amd64 (1.0.5-1ubuntu3.3) ...
2026-10-04T21:23:38.0036936Z Selecting previously unselected package libpipewire-0.3-0t64:amd64.
2026-10-04T21:23:38.0164846Z Preparing to unpack .../128-libpipewire-0.3-0t64_1.0.5-1ubuntu3.3_amd64.deb ...
2026-10-04T21:23:38.0192521Z Unpacking libpipewire-0.3-0t64:amd64 (1.0.5-1ubuntu3.3) ...
2026-10-04T21:23:38.0442157Z Selecting previously unselected package libsdl2-2.0-0:amd64.
2026-10-04T21:23:38.0569181Z Preparing to unpack .../129-libsdl2-2.0-0_2.30.0+dfsg-1ubuntu3.1_amd64.deb ...
2026-10-04T21:23:38.0576898Z Unpacking libsdl2-2.0-0:amd64 (2.30.0+dfsg-1ubuntu3.1) ...
2026-10-04T21:23:38.0870973Z Selecting previously unselected package timgm6mb-soundfont.
2026-10-04T21:23:38.0998814Z Preparing to unpack .../130-timgm6mb-soundfont_1.3-5_all.deb ...
2026-10-04T21:23:38.1005996Z Unpacking timgm6mb-soundfont (1.3-5) ...
2026-10-04T21:23:38.4412889Z Selecting previously unselected package libfluidsynth3:amd64.
2026-10-04T21:23:38.4541745Z Preparing to unpack .../131-libfluidsynth3_2.3.4-1build3_amd64.deb ...
2026-10-04T21:23:38.4548858Z Unpacking libfluidsynth3:amd64 (2.3.4-1build3) ...
2026-10-04T21:23:38.4787423Z Selecting previously unselected package libfreeaptx0:amd64.
2026-10-04T21:23:38.4918797Z Preparing to unpack .../132-libfreeaptx0_0.1.1-2build1_amd64.deb ...
2026-10-04T21:23:38.4925853Z Unpacking libfreeaptx0:amd64 (0.1.1-2build1) ...
2026-10-04T21:23:38.5140844Z Selecting previously unselected package libgraphene-1.0-0:amd64.
2026-10-04T21:23:38.5271209Z Preparing to unpack .../133-libgraphene-1.0-0_1.10.8-3build2_amd64.deb ...
2026-10-04T21:23:38.5278688Z Unpacking libgraphene-1.0-0:amd64 (1.10.8-3build2) ...
2026-10-04T21:23:38.5497768Z Selecting previously unselected package libgssdp-1.6-0:amd64.
2026-10-04T21:23:38.5626810Z Preparing to unpack .../134-libgssdp-1.6-0_1.6.3-1build3_amd64.deb ...
2026-10-04T21:23:38.5634611Z Unpacking libgssdp-1.6-0:amd64 (1.6.3-1build3) ...
2026-10-04T21:23:38.5868141Z Selecting previously unselected package libegl1:amd64.
2026-10-04T21:23:38.5998871Z Preparing to unpack .../135-libegl1_1.7.0-1build1_amd64.deb ...
2026-10-04T21:23:38.6006865Z Unpacking libegl1:amd64 (1.7.0-1build1) ...
2026-10-04T21:23:38.6232858Z Selecting previously unselected package libgstreamer-gl1.0-0:amd64.
2026-10-04T21:23:38.6366218Z Preparing to unpack .../136-libgstreamer-gl1.0-0_1.24.2-1ubuntu0.5_amd64.deb ...
2026-10-04T21:23:38.6374724Z Unpacking libgstreamer-gl1.0-0:amd64 (1.24.2-1ubuntu0.5) ...
2026-10-04T21:23:38.6608329Z Selecting previously unselected package libgtk-4-common.
2026-10-04T21:23:38.6736983Z Preparing to unpack .../137-libgtk-4-common_4.14.5+ds-0ubuntu0.10_all.deb ...
2026-10-04T21:23:38.6745302Z Unpacking libgtk-4-common (4.14.5+ds-0ubuntu0.10) ...
2026-10-04T21:23:38.7241471Z Selecting previously unselected package libgtk-4-1:amd64.
2026-10-04T21:23:38.7369358Z Preparing to unpack .../138-libgtk-4-1_4.14.5+ds-0ubuntu0.10_amd64.deb ...
2026-10-04T21:23:38.7378211Z Unpacking libgtk-4-1:amd64 (4.14.5+ds-0ubuntu0.10) ...
2026-10-04T21:23:38.8076180Z Selecting previously unselected package libgupnp-1.6-0:amd64.
2026-10-04T21:23:38.8202288Z Preparing to unpack .../139-libgupnp-1.6-0_1.6.6-1build3_amd64.deb ...
2026-10-04T21:23:38.8210347Z Unpacking libgupnp-1.6-0:amd64 (1.6.6-1build3) ...
2026-10-04T21:23:38.8434014Z Selecting previously unselected package libgupnp-igd-1.6-0:amd64.
2026-10-04T21:23:38.8564097Z Preparing to unpack .../140-libgupnp-igd-1.6-0_1.6.0-3build3_amd64.deb ...
2026-10-04T21:23:38.8571998Z Unpacking libgupnp-igd-1.6-0:amd64 (1.6.0-3build3) ...
2026-10-04T21:23:38.8782469Z Selecting previously unselected package libharfbuzz-icu0:amd64.
2026-10-04T21:23:38.8909598Z Preparing to unpack .../141-libharfbuzz-icu0_8.3.0-2build2_amd64.deb ...
2026-10-04T21:23:38.8916511Z Unpacking libharfbuzz-icu0:amd64 (8.3.0-2build2) ...
2026-10-04T21:23:38.9142053Z Selecting previously unselected package libhyphen0:amd64.
2026-10-04T21:23:38.9268188Z Preparing to unpack .../142-libhyphen0_2.8.8-7build3_amd64.deb ...
2026-10-04T21:23:38.9278991Z Unpacking libhyphen0:amd64 (2.8.8-7build3) ...
2026-10-04T21:23:38.9494068Z Selecting previously unselected package libimath-3-1-29t64:amd64.
2026-10-04T21:23:38.9620280Z Preparing to unpack .../143-libimath-3-1-29t64_3.1.9-3.1ubuntu2_amd64.deb ...
2026-10-04T21:23:38.9627973Z Unpacking libimath-3-1-29t64:amd64 (3.1.9-3.1ubuntu2) ...
2026-10-04T21:23:38.9858217Z Selecting previously unselected package liblc3-1:amd64.
2026-10-04T21:23:38.9986022Z Preparing to unpack .../144-liblc3-1_1.0.4-3build1_amd64.deb ...
2026-10-04T21:23:38.9994074Z Unpacking liblc3-1:amd64 (1.0.4-3build1) ...
2026-10-04T21:23:39.0221447Z Selecting previously unselected package libldacbt-enc2:amd64.
2026-10-04T21:23:39.0349092Z Preparing to unpack .../145-libldacbt-enc2_2.0.2.3+git20200429+ed310a0-4ubuntu2_amd64.deb ...
2026-10-04T21:23:39.0357021Z Unpacking libldacbt-enc2:amd64 (2.0.2.3+git20200429+ed310a0-4ubuntu2) ...
2026-10-04T21:23:39.0575961Z Selecting previously unselected package libraptor2-0:amd64.
2026-10-04T21:23:39.0702738Z Preparing to unpack .../146-libraptor2-0_2.0.16-3ubuntu0.1_amd64.deb ...
2026-10-04T21:23:39.0711221Z Unpacking libraptor2-0:amd64 (2.0.16-3ubuntu0.1) ...
2026-10-04T21:23:39.0949588Z Selecting previously unselected package liblrdf0:amd64.
2026-10-04T21:23:39.1084581Z Preparing to unpack .../147-liblrdf0_0.6.1-4build1_amd64.deb ...
2026-10-04T21:23:39.1092678Z Unpacking liblrdf0:amd64 (0.6.1-4build1) ...
2026-10-04T21:23:39.1328588Z Selecting previously unselected package libltc11:amd64.
2026-10-04T21:23:39.1458425Z Preparing to unpack .../148-libltc11_1.3.2-1build1_amd64.deb ...
2026-10-04T21:23:39.1466842Z Unpacking libltc11:amd64 (1.3.2-1build1) ...
2026-10-04T21:23:39.1680805Z Selecting previously unselected package libmanette-0.2-0:amd64.
2026-10-04T21:23:39.1811615Z Preparing to unpack .../149-libmanette-0.2-0_0.2.7-1build2_amd64.deb ...
2026-10-04T21:23:39.1819543Z Unpacking libmanette-0.2-0:amd64 (0.2.7-1build2) ...
2026-10-04T21:23:39.2040619Z Selecting previously unselected package libmfx1:amd64.
2026-10-04T21:23:39.2168219Z Preparing to unpack .../150-libmfx1_22.5.4-1_amd64.deb ...
2026-10-04T21:23:39.2175836Z Unpacking libmfx1:amd64 (22.5.4-1) ...
2026-10-04T21:23:39.3073418Z Selecting previously unselected package libmjpegutils-2.1-0t64:amd64.
2026-10-04T21:23:39.3203084Z Preparing to unpack .../151-libmjpegutils-2.1-0t64_1%3a2.1.0+debian-8.1build1_amd64.deb ...
2026-10-04T21:23:39.3211095Z Unpacking libmjpegutils-2.1-0t64:amd64 (1:2.1.0+debian-8.1build1) ...
2026-10-04T21:23:39.3428399Z Selecting previously unselected package libmodplug1:amd64.
2026-10-04T21:23:39.3557159Z Preparing to unpack .../152-libmodplug1_1%3a0.8.9.0-3build1_amd64.deb ...
2026-10-04T21:23:39.3566179Z Unpacking libmodplug1:amd64 (1:0.8.9.0-3build1) ...
2026-10-04T21:23:39.3796119Z Selecting previously unselected package libmpcdec6:amd64.
2026-10-04T21:23:39.3922874Z Preparing to unpack .../153-libmpcdec6_2%3a0.1~r495-2build1_amd64.deb ...
2026-10-04T21:23:39.3930510Z Unpacking libmpcdec6:amd64 (2:0.1~r495-2build1) ...
2026-10-04T21:23:39.4141449Z Selecting previously unselected package libmpeg2encpp-2.1-0t64:amd64.
2026-10-04T21:23:39.4268103Z Preparing to unpack .../154-libmpeg2encpp-2.1-0t64_1%3a2.1.0+debian-8.1build1_amd64.deb ...
2026-10-04T21:23:39.4281081Z Unpacking libmpeg2encpp-2.1-0t64:amd64 (1:2.1.0+debian-8.1build1) ...
2026-10-04T21:23:39.4498916Z Selecting previously unselected package libmplex2-2.1-0t64:amd64.
2026-10-04T21:23:39.4624743Z Preparing to unpack .../155-libmplex2-2.1-0t64_1%3a2.1.0+debian-8.1build1_amd64.deb ...
2026-10-04T21:23:39.4636685Z Unpacking libmplex2-2.1-0t64:amd64 (1:2.1.0+debian-8.1build1) ...
2026-10-04T21:23:39.4847318Z Selecting previously unselected package libneon27t64:amd64.
2026-10-04T21:23:39.4974800Z Preparing to unpack .../156-libneon27t64_0.33.0-1.1build3_amd64.deb ...
2026-10-04T21:23:39.4985139Z Unpacking libneon27t64:amd64 (0.33.0-1.1build3) ...
2026-10-04T21:23:39.5213237Z Selecting previously unselected package libnice10:amd64.
2026-10-04T21:23:39.5342222Z Preparing to unpack .../157-libnice10_0.1.21-2build3_amd64.deb ...
2026-10-04T21:23:39.5350898Z Unpacking libnice10:amd64 (0.1.21-2build3) ...
2026-10-04T21:23:39.5589229Z Selecting previously unselected package libopenal-data.
2026-10-04T21:23:39.5719840Z Preparing to unpack .../158-libopenal-data_1%3a1.23.1-4build1_all.deb ...
2026-10-04T21:23:39.5730192Z Unpacking libopenal-data (1:1.23.1-4build1) ...
2026-10-04T21:23:39.6210354Z Selecting previously unselected package libopenexr-3-1-30:amd64.
2026-10-04T21:23:39.6340225Z Preparing to unpack .../159-libopenexr-3-1-30_3.1.5-5.1build3_amd64.deb ...
2026-10-04T21:23:39.6346396Z Unpacking libopenexr-3-1-30:amd64 (3.1.5-5.1build3) ...
2026-10-04T21:23:39.6728334Z Selecting previously unselected package libopenh264-7:amd64.
2026-10-04T21:23:39.6855446Z Preparing to unpack .../160-libopenh264-7_2.4.1+dfsg-1_amd64.deb ...
2026-10-04T21:23:39.6866575Z Unpacking libopenh264-7:amd64 (2.4.1+dfsg-1) ...
2026-10-04T21:23:39.7143380Z Selecting previously unselected package libopenni2-0:amd64.
2026-10-04T21:23:39.7274417Z Preparing to unpack .../161-libopenni2-0_2.2.0.33+dfsg-18_amd64.deb ...
2026-10-04T21:23:39.7308590Z Unpacking libopenni2-0:amd64 (2.2.0.33+dfsg-18) ...
2026-10-04T21:23:39.7585213Z Selecting previously unselected package libqrencode4:amd64.
2026-10-04T21:23:39.7715548Z Preparing to unpack .../162-libqrencode4_4.1.1-1build2_amd64.deb ...
2026-10-04T21:23:39.7723489Z Unpacking libqrencode4:amd64 (4.1.1-1build2) ...
2026-10-04T21:23:39.7930395Z Selecting previously unselected package libsecret-common.
2026-10-04T21:23:39.8059597Z Preparing to unpack .../163-libsecret-common_0.21.4-1build3_all.deb ...
2026-10-04T21:23:39.8067497Z Unpacking libsecret-common (0.21.4-1build3) ...
2026-10-04T21:23:39.8274952Z Selecting previously unselected package libsecret-1-0:amd64.
2026-10-04T21:23:39.8404159Z Preparing to unpack .../164-libsecret-1-0_0.21.4-1build3_amd64.deb ...
2026-10-04T21:23:39.8411976Z Unpacking libsecret-1-0:amd64 (0.21.4-1build3) ...
2026-10-04T21:23:39.8649358Z Selecting previously unselected package libsndio7.0:amd64.
2026-10-04T21:23:39.8778254Z Preparing to unpack .../165-libsndio7.0_1.9.0-0.3build3_amd64.deb ...
2026-10-04T21:23:39.8786295Z Unpacking libsndio7.0:amd64 (1.9.0-0.3build3) ...
2026-10-04T21:23:39.9019000Z Selecting previously unselected package libsoundtouch1:amd64.
2026-10-04T21:23:39.9146696Z Preparing to unpack .../166-libsoundtouch1_2.3.2+ds1-1build1_amd64.deb ...
2026-10-04T21:23:39.9156415Z Unpacking libsoundtouch1:amd64 (2.3.2+ds1-1build1) ...
2026-10-04T21:23:39.9377923Z Selecting previously unselected package libspandsp2t64:amd64.
2026-10-04T21:23:39.9505283Z Preparing to unpack .../167-libspandsp2t64_0.0.6+dfsg-2.1build1_amd64.deb ...
2026-10-04T21:23:39.9512503Z Unpacking libspandsp2t64:amd64 (0.0.6+dfsg-2.1build1) ...
2026-10-04T21:23:39.9763944Z Selecting previously unselected package libsrtp2-1:amd64.
2026-10-04T21:23:39.9892071Z Preparing to unpack .../168-libsrtp2-1_2.5.0-3build1_amd64.deb ...
2026-10-04T21:23:39.9900630Z Unpacking libsrtp2-1:amd64 (2.5.0-3build1) ...
2026-10-04T21:23:40.0132583Z Selecting previously unselected package libwayland-server0:amd64.
2026-10-04T21:23:40.0261854Z Preparing to unpack .../169-libwayland-server0_1.22.0-2.1build1_amd64.deb ...
2026-10-04T21:23:40.0270272Z Unpacking libwayland-server0:amd64 (1.22.0-2.1build1) ...
2026-10-04T21:23:40.0483819Z Selecting previously unselected package libwildmidi2:amd64.
2026-10-04T21:23:40.0610616Z Preparing to unpack .../170-libwildmidi2_0.4.3-1build3_amd64.deb ...
2026-10-04T21:23:40.0621242Z Unpacking libwildmidi2:amd64 (0.4.3-1build3) ...
2026-10-04T21:23:40.0844059Z Selecting previously unselected package libwoff1:amd64.
2026-10-04T21:23:40.0971476Z Preparing to unpack .../171-libwoff1_1.0.2-2build1_amd64.deb ...
2026-10-04T21:23:40.0979638Z Unpacking libwoff1:amd64 (1.0.2-2build1) ...
2026-10-04T21:23:40.1229351Z Selecting previously unselected package libxcb-xkb1:amd64.
2026-10-04T21:23:40.1358245Z Preparing to unpack .../172-libxcb-xkb1_1.15-1ubuntu2_amd64.deb ...
2026-10-04T21:23:40.1367919Z Unpacking libxcb-xkb1:amd64 (1.15-1ubuntu2) ...
2026-10-04T21:23:40.1584051Z Selecting previously unselected package libxkbcommon-x11-0:amd64.
2026-10-04T21:23:40.1712407Z Preparing to unpack .../173-libxkbcommon-x11-0_1.6.0-1build1_amd64.deb ...
2026-10-04T21:23:40.1722382Z Unpacking libxkbcommon-x11-0:amd64 (1.6.0-1build1) ...
2026-10-04T21:23:40.1943989Z Selecting previously unselected package libzbar0t64:amd64.
2026-10-04T21:23:40.2071050Z Preparing to unpack .../174-libzbar0t64_0.23.93-4build3_amd64.deb ...
2026-10-04T21:23:40.2082675Z Unpacking libzbar0t64:amd64 (0.23.93-4build3) ...
2026-10-04T21:23:40.2326217Z Selecting previously unselected package libzxing3:amd64.
2026-10-04T21:23:40.2453795Z Preparing to unpack .../175-libzxing3_2.2.1-3_amd64.deb ...
2026-10-04T21:23:40.2466432Z Unpacking libzxing3:amd64 (2.2.1-3) ...
2026-10-04T21:23:40.2733089Z Selecting previously unselected package xfonts-encodings.
2026-10-04T21:23:40.2860714Z Preparing to unpack .../176-xfonts-encodings_1%3a1.0.5-0ubuntu2_all.deb ...
2026-10-04T21:23:40.2869787Z Unpacking xfonts-encodings (1:1.0.5-0ubuntu2) ...
2026-10-04T21:23:40.3165627Z Selecting previously unselected package xfonts-utils.
2026-10-04T21:23:40.3293282Z Preparing to unpack .../177-xfonts-utils_1%3a7.7+6build3_amd64.deb ...
2026-10-04T21:23:40.3304235Z Unpacking xfonts-utils (1:7.7+6build3) ...
2026-10-04T21:23:40.3652675Z Selecting previously unselected package xfonts-cyrillic.
2026-10-04T21:23:40.3781722Z Preparing to unpack .../178-xfonts-cyrillic_1%3a1.0.5+nmu1_all.deb ...
2026-10-04T21:23:40.3790916Z Unpacking xfonts-cyrillic (1:1.0.5+nmu1) ...
2026-10-04T21:23:40.4151897Z Selecting previously unselected package xfonts-scalable.
2026-10-04T21:23:40.4280943Z Preparing to unpack .../179-xfonts-scalable_1%3a1.0.3-1.3_all.deb ...
2026-10-04T21:23:40.4289138Z Unpacking xfonts-scalable (1:1.0.3-1.3) ...
2026-10-04T21:23:40.4548488Z Selecting previously unselected package libgstreamer-plugins-bad1.0-0:amd64.
2026-10-04T21:23:40.4677183Z Preparing to unpack .../180-libgstreamer-plugins-bad1.0-0_1.24.2-1ubuntu4_amd64.deb ...
2026-10-04T21:23:40.4684730Z Unpacking libgstreamer-plugins-bad1.0-0:amd64 (1.24.2-1ubuntu4) ...
2026-10-04T21:23:40.5068258Z Selecting previously unselected package libdca0:amd64.
2026-10-04T21:23:40.5195611Z Preparing to unpack .../181-libdca0_0.0.7-2build1_amd64.deb ...
2026-10-04T21:23:40.5202606Z Unpacking libdca0:amd64 (0.0.7-2build1) ...
2026-10-04T21:23:40.5427705Z Selecting previously unselected package libopenal1:amd64.
2026-10-04T21:23:40.5554441Z Preparing to unpack .../182-libopenal1_1%3a1.23.1-4build1_amd64.deb ...
2026-10-04T21:23:40.5561331Z Unpacking libopenal1:amd64 (1:1.23.1-4build1) ...
2026-10-04T21:23:40.5830973Z Selecting previously unselected package libsbc1:amd64.
2026-10-04T21:23:40.5962412Z Preparing to unpack .../183-libsbc1_2.0-1build1_amd64.deb ...
2026-10-04T21:23:40.5970326Z Unpacking libsbc1:amd64 (2.0-1build1) ...
2026-10-04T21:23:40.6191264Z Selecting previously unselected package libvo-aacenc0:amd64.
2026-10-04T21:23:40.6318529Z Preparing to unpack .../184-libvo-aacenc0_0.1.3-2build1_amd64.deb ...
2026-10-04T21:23:40.6326465Z Unpacking libvo-aacenc0:amd64 (0.1.3-2build1) ...
2026-10-04T21:23:40.6562231Z Selecting previously unselected package libvo-amrwbenc0:amd64.
2026-10-04T21:23:40.6689583Z Preparing to unpack .../185-libvo-amrwbenc0_0.1.3-2build1_amd64.deb ...
2026-10-04T21:23:40.6697088Z Unpacking libvo-amrwbenc0:amd64 (0.1.3-2build1) ...
2026-10-04T21:23:40.6917428Z Selecting previously unselected package gstreamer1.0-plugins-bad:amd64.
2026-10-04T21:23:40.7044473Z Preparing to unpack .../186-gstreamer1.0-plugins-bad_1.24.2-1ubuntu4_amd64.deb ...
2026-10-04T21:23:40.7052071Z Unpacking gstreamer1.0-plugins-bad:amd64 (1.24.2-1ubuntu4) ...
2026-10-04T21:23:40.8413416Z Setting up libgme0:amd64 (0.6.3-7build1) ...
2026-10-04T21:23:40.8445394Z Setting up libchromaprint1:amd64 (1.5.1-5) ...
2026-10-04T21:23:40.8466841Z Setting up libssh-gcrypt-4:amd64 (0.10.6-2ubuntu0.5) ...
2026-10-04T21:23:40.8482934Z Setting up libhwy1t64:amd64 (1.0.7-8.1build1) ...
2026-10-04T21:23:40.8506083Z Setting up libcairo-script-interpreter2:amd64 (1.18.0-3build1) ...
2026-10-04T21:23:40.8523287Z Setting up libfreeaptx0:amd64 (0.1.1-2build1) ...
2026-10-04T21:23:40.8543271Z Setting up libdvdread8t64:amd64 (6.1.3-1.1build1) ...
2026-10-04T21:23:40.8561721Z Setting up libudfread0:amd64 (1.1.2-1build1) ...
2026-10-04T21:23:40.8581879Z Setting up libmodplug1:amd64 (1:0.8.9.0-3build1) ...
2026-10-04T21:23:40.8606310Z Setting up libcdparanoia0:amd64 (3.10.2+debian-14build3) ...
2026-10-04T21:23:40.8626278Z Setting up libwayland-server0:amd64 (1.22.0-2.1build1) ...
2026-10-04T21:23:40.8649291Z Setting up libvo-amrwbenc0:amd64 (0.1.3-2build1) ...
2026-10-04T21:23:40.8667636Z Setting up mesa-libgallium:amd64 (25.2.8-0ubuntu0.24.04.4) ...
2026-10-04T21:23:40.8688200Z Setting up session-migration (0.3.9build1) ...
2026-10-04T21:23:40.9886465Z Created symlink /etc/systemd/user/graphical-session-pre.target.wants/session-migration.service → /usr/lib/systemd/user/session-migration.service.
2026-10-04T21:23:40.9887286Z 
2026-10-04T21:23:40.9919518Z Setting up libraw1394-11:amd64 (2.1.2-2build3) ...
2026-10-04T21:23:40.9939658Z Setting up libsbc1:amd64 (2.0-1build1) ...
2026-10-04T21:23:40.9957151Z Setting up libproxy1v5:amd64 (0.5.4-4build1) ...
2026-10-04T21:23:40.9980641Z Setting up libneon27t64:amd64 (0.33.0-1.1build3) ...
2026-10-04T21:23:40.9999499Z Setting up libtag1v5-vanilla:amd64 (1.13.1-1build1) ...
2026-10-04T21:23:41.0018625Z Setting up libharfbuzz-icu0:amd64 (8.3.0-2build2) ...
2026-10-04T21:23:41.0042367Z Setting up libopenni2-0:amd64 (2.2.0.33+dfsg-18) ...
2026-10-04T21:23:41.0218198Z Setting up libspeex1:amd64 (1.2.1-2ubuntu2.24.04.1) ...
2026-10-04T21:23:41.0236277Z Setting up libshine3:amd64 (3.1.1-2build1) ...
2026-10-04T21:23:41.0253397Z Setting up libcaca0:amd64 (0.99.beta20-4ubuntu0.2) ...
2026-10-04T21:23:41.0270909Z Setting up libvpl2 (2023.3.0-1build1) ...
2026-10-04T21:23:41.0294742Z Setting up libv4lconvert0t64:amd64 (1.26.1-4build3) ...
2026-10-04T21:23:41.0317824Z Setting up libx264-164:amd64 (2:0.164.3108+git31e19f9-1) ...
2026-10-04T21:23:41.0335915Z Setting up libtwolame0:amd64 (0.4.0-2build3) ...
2026-10-04T21:23:41.0356332Z Setting up libmbedcrypto7t64:amd64 (2.28.8-1) ...
2026-10-04T21:23:41.0375877Z Setting up libwoff1:amd64 (1.0.2-2build1) ...
2026-10-04T21:23:41.0397864Z Setting up liblc3-1:amd64 (1.0.4-3build1) ...
2026-10-04T21:23:41.0415687Z Setting up libqrencode4:amd64 (4.1.1-1build2) ...
2026-10-04T21:23:41.0434476Z Setting up libhyphen0:amd64 (2.8.8-7build3) ...
2026-10-04T21:23:41.0459985Z Setting up libgbm1:amd64 (25.2.8-0ubuntu0.24.04.4) ...
2026-10-04T21:23:41.0480081Z Setting up libgsm1:amd64 (1.0.22-1build1) ...
2026-10-04T21:23:41.0501005Z Setting up libvisual-0.4-0:amd64 (0.4.2-2build1) ...
2026-10-04T21:23:41.0533203Z Setting up libsoxr0:amd64 (0.1.3-4build3) ...
2026-10-04T21:23:41.0542991Z Setting up libzix-0-0:amd64 (0.4.2-2build1) ...
2026-10-04T21:23:41.0563975Z Setting up libcodec2-1.2:amd64 (1.2.0-2build1) ...
2026-10-04T21:23:41.0581163Z Setting up libmanette-0.2-0:amd64 (0.2.7-1build2) ...
2026-10-04T21:23:41.0597687Z Setting up libsrtp2-1:amd64 (2.5.0-3build1) ...
2026-10-04T21:23:41.0627621Z Setting up libgl1-mesa-dri:amd64 (25.2.8-0ubuntu0.24.04.4) ...
2026-10-04T21:23:41.0709473Z Setting up libmysofa1:amd64 (1.3.2+dfsg-2ubuntu2) ...
2026-10-04T21:23:41.0734907Z Setting up libraptor2-0:amd64 (2.0.16-3ubuntu0.1) ...
2026-10-04T21:23:41.0752596Z Setting up libldacbt-enc2:amd64 (2.0.2.3+git20200429+ed310a0-4ubuntu2) ...
2026-10-04T21:23:41.0770976Z Setting up fonts-wqy-zenhei (0.9.45-8) ...
2026-10-04T21:23:41.0891377Z Setting up libwebrtc-audio-processing1:amd64 (0.3.1-0ubuntu6) ...
2026-10-04T21:23:41.0909778Z Setting up fonts-freefont-ttf (20211204+svn4273-2) ...
2026-10-04T21:23:41.0955082Z Setting up libevent-2.1-7t64:amd64 (2.1.12-stable-9ubuntu2.2) ...
2026-10-04T21:23:41.0974958Z Setting up libsvtav1enc1d1:amd64 (1.7.0+dfsg-2build1) ...
2026-10-04T21:23:41.0994819Z Setting up libsoup-3.0-common (3.4.4-5ubuntu0.8) ...
2026-10-04T21:23:41.1011379Z Setting up libmpg123-0t64:amd64 (1.32.5-1ubuntu1.1) ...
2026-10-04T21:23:41.1028087Z Setting up libcjson1:amd64 (1.7.17-1) ...
2026-10-04T21:23:41.1049784Z Setting up libxvidcore4:amd64 (2:1.3.7-1build1) ...
2026-10-04T21:23:41.1071722Z Setting up libmpcdec6:amd64 (2:0.1~r495-2build1) ...
2026-10-04T21:23:41.1094815Z Setting up libmjpegutils-2.1-0t64:amd64 (1:2.1.0+debian-8.1build1) ...
2026-10-04T21:23:41.1114301Z Setting up librav1e0:amd64 (0.7.1-2) ...
2026-10-04T21:23:41.1137427Z Setting up liborc-0.4-0t64:amd64 (1:0.4.38-1ubuntu0.1) ...
2026-10-04T21:23:41.1158504Z Setting up libxcb-xkb1:amd64 (1.15-1ubuntu2) ...
2026-10-04T21:23:41.1178051Z Setting up libvo-aacenc0:amd64 (0.1.3-2build1) ...
2026-10-04T21:23:41.1198017Z Setting up librist4:amd64 (0.2.10+dfsg-2) ...
2026-10-04T21:23:41.1217209Z Setting up librsvg2-2:amd64 (2.58.0+dfsg-1build1) ...
2026-10-04T21:23:41.1233948Z Setting up libblas3:amd64 (3.12.0-3build1.1) ...
2026-10-04T21:23:41.1299891Z update-alternatives: using /usr/lib/x86_64-linux-gnu/blas/libblas.so.3 to provide /usr/lib/x86_64-linux-gnu/libblas.so.3 (libblas.so.3-x86_64-linux-gnu) in auto mode
2026-10-04T21:23:41.1315369Z Setting up libegl-mesa0:amd64 (25.2.8-0ubuntu0.24.04.4) ...
2026-10-04T21:23:41.1332189Z Setting up libsoundtouch1:amd64 (2.3.2+ds1-1build1) ...
2026-10-04T21:23:41.1355462Z Setting up libplacebo338:amd64 (6.338.2-2build1) ...
2026-10-04T21:23:41.1373908Z Setting up libgles2:amd64 (1.7.0-1build1) ...
2026-10-04T21:23:41.1394159Z Setting up fonts-tlwg-loma-otf (1:0.7.3-1) ...
2026-10-04T21:23:41.1416197Z Setting up libva2:amd64 (2.20.0-2ubuntu0.2) ...
2026-10-04T21:23:41.1435420Z Setting up libspa-0.2-modules:amd64 (1.0.5-1ubuntu3.3) ...
2026-10-04T21:23:41.1454997Z Setting up libzxing3:amd64 (2.2.1-3) ...
2026-10-04T21:23:41.1476335Z Setting up xfonts-encodings (1:1.0.5-0ubuntu2) ...
2026-10-04T21:23:41.1494180Z Setting up libopus0:amd64 (1.4-1build1) ...
2026-10-04T21:23:41.1513100Z Setting up libfaad2:amd64 (2.11.1-1build1) ...
2026-10-04T21:23:41.1531681Z Setting up libxkbcommon-x11-0:amd64 (1.6.0-1build1) ...
2026-10-04T21:23:41.1552923Z Setting up libdc1394-25:amd64 (2.2.6-4build1) ...
2026-10-04T21:23:41.1576084Z Setting up libimath-3-1-29t64:amd64 (3.1.9-3.1ubuntu2) ...
2026-10-04T21:23:41.1595030Z Setting up libunibreak5:amd64 (5.1-2build1) ...
2026-10-04T21:23:41.1615016Z Setting up libdv4t64:amd64 (1.0.0-17.1build1) ...
2026-10-04T21:23:41.1633981Z Setting up libjxl0.7:amd64 (0.7.0-10.2ubuntu6.1) ...
2026-10-04T21:23:41.1652606Z Setting up libopenh264-7:amd64 (2.4.1+dfsg-1) ...
2026-10-04T21:23:41.1676349Z Setting up libltc11:amd64 (1.3.2-1build1) ...
2026-10-04T21:23:41.1695476Z Setting up libx265-199:amd64 (3.5-2build1) ...
2026-10-04T21:23:41.1979702Z Setting up libv4l-0t64:amd64 (1.26.1-4build3) ...
2026-10-04T21:23:41.1996363Z Setting up libavtp0:amd64 (0.2.0-1build1) ...
2026-10-04T21:23:41.2016511Z Setting up libsndio7.0:amd64 (1.9.0-0.3build3) ...
2026-10-04T21:23:41.2067019Z Setting up libdirectfb-1.7-7t64:amd64 (1.7.7-11.1ubuntu2) ...
2026-10-04T21:23:41.2085984Z Setting up libspandsp2t64:amd64 (0.0.6+dfsg-2.1build1) ...
2026-10-04T21:23:41.2108347Z Setting up libvidstab1.1:amd64 (1.1.0-2build1) ...
2026-10-04T21:23:41.2126750Z Setting up libvpx9:amd64 (1.14.0-1ubuntu2.3) ...
2026-10-04T21:23:41.2145845Z Setting up libsrt1.5-gnutls:amd64 (1.5.3-1build2) ...
2026-10-04T21:23:41.2168223Z Setting up libtag1v5:amd64 (1.13.1-1build1) ...
2026-10-04T21:23:41.2187676Z Setting up libflite1:amd64 (2.2-6build3) ...
2026-10-04T21:23:41.2208934Z Setting up libdav1d7:amd64 (1.4.1-1build1) ...
2026-10-04T21:23:41.2228986Z Setting up libva-drm2:amd64 (2.20.0-2ubuntu0.2) ...
2026-10-04T21:23:41.2247320Z Setting up fonts-ipafont-gothic (00303-21ubuntu1) ...
2026-10-04T21:23:41.2317330Z update-alternatives: using /usr/share/fonts/opentype/ipafont-gothic/ipag.ttf to provide /usr/share/fonts/truetype/fonts-japanese-gothic.ttf (fonts-japanese-gothic.ttf) in auto mode
2026-10-04T21:23:41.2335533Z Setting up ocl-icd-libopencl1:amd64 (2.3.2-1build1) ...
2026-10-04T21:23:41.2358822Z Setting up libasyncns0:amd64 (0.8-6build4) ...
2026-10-04T21:23:41.2380031Z Setting up libwildmidi2:amd64 (0.4.3-1build3) ...
2026-10-04T21:23:41.2399017Z Setting up libvdpau1:amd64 (1.5-2build1) ...
2026-10-04T21:23:41.2425333Z Setting up libwavpack1:amd64 (5.6.0-1build1) ...
2026-10-04T21:23:41.2443751Z Setting up libbs2b0:amd64 (3.1.0+dfsg-7build1) ...
2026-10-04T21:23:41.2460282Z Setting up libtheora0:amd64 (1.1.1+dfsg.1-16.1build3) ...
2026-10-04T21:23:41.2479967Z Setting up libegl1:amd64 (1.7.0-1build1) ...
2026-10-04T21:23:41.2498799Z Setting up libdecor-0-0:amd64 (0.2.2-1build2) ...
2026-10-04T21:23:41.2518207Z Setting up libdca0:amd64 (0.0.7-2build1) ...
2026-10-04T21:23:41.2536179Z Setting up libzimg2:amd64 (3.0.5+ds1-1build1) ...
2026-10-04T21:23:41.2554765Z Setting up libopenal-data (1:1.23.1-4build1) ...
2026-10-04T21:23:41.2586487Z Setting up libevent-core-2.1-7t64:amd64 (2.1.12-stable-9ubuntu2.2) ...
2026-10-04T21:23:41.2606129Z Setting up libabsl20220623t64:amd64 (20220623.1-3.1ubuntu3.2) ...
2026-10-04T21:23:41.2628984Z Setting up libflac12t64:amd64 (1.4.3+ds-2.1ubuntu2) ...
2026-10-04T21:23:41.2649571Z Setting up libgtk-4-common (4.14.5+ds-0ubuntu0.10) ...
2026-10-04T21:23:41.2668804Z Setting up libmpeg2encpp-2.1-0t64:amd64 (1:2.1.0+debian-8.1build1) ...
2026-10-04T21:23:41.2688192Z Setting up glib-networking-common (2.80.0-1build1) ...
2026-10-04T21:23:41.2705073Z Setting up libmfx1:amd64 (22.5.4-1) ...
2026-10-04T21:23:41.2725828Z Setting up libbluray2:amd64 (1:1.3.4-1build1) ...
2026-10-04T21:23:41.2745439Z Setting up libde265-0:amd64 (1.0.15-1ubuntu0.1) ...
2026-10-04T21:23:41.2763988Z Setting up libsamplerate0:amd64 (0.2.2-4build1) ...
2026-10-04T21:23:41.2784690Z Setting up timgm6mb-soundfont (1.3-5) ...
2026-10-04T21:23:41.2868131Z update-alternatives: using /usr/share/sounds/sf2/TimGM6mb.sf2 to provide /usr/share/sounds/sf2/default-GM.sf2 (default-GM.sf2) in auto mode
2026-10-04T21:23:41.2914979Z update-alternatives: using /usr/share/sounds/sf2/TimGM6mb.sf2 to provide /usr/share/sounds/sf3/default-GM.sf3 (default-GM.sf3) in auto mode
2026-10-04T21:23:41.2932067Z Setting up libva-x11-2:amd64 (2.20.0-2ubuntu0.2) ...
2026-10-04T21:23:41.2955327Z Setting up libyuv0:amd64 (0.0~git202401110.af6ac82-1) ...
2026-10-04T21:23:41.2976690Z Setting up libmplex2-2.1-0t64:amd64 (1:2.1.0+debian-8.1build1) ...
2026-10-04T21:23:41.2998825Z Setting up libpipewire-0.3-0t64:amd64 (1.0.5-1ubuntu3.3) ...
2026-10-04T21:23:41.3019994Z Setting up libopenmpt0t64:amd64 (0.7.3-1.1build3) ...
2026-10-04T21:23:41.3046394Z Setting up libzvbi-common (0.2.42-2) ...
2026-10-04T21:23:41.3067609Z Setting up libsecret-common (0.21.4-1build3) ...
2026-10-04T21:23:41.3087597Z Setting up libmp3lame0:amd64 (3.100-6build1) ...
2026-10-04T21:23:41.3108028Z Setting up libgraphene-1.0-0:amd64 (1.10.8-3build2) ...
2026-10-04T21:23:41.3128076Z Setting up libvorbisenc2:amd64 (1.3.7-1build3) ...
2026-10-04T21:23:41.3175709Z Setting up libdvdnav4:amd64 (6.1.1-3build1) ...
2026-10-04T21:23:41.3194389Z Setting up fonts-unifont (1:15.1.01-1build1) ...
2026-10-04T21:23:41.3213452Z Setting up libaa1:amd64 (1.4p5-51.1) ...
2026-10-04T21:23:41.3235354Z Setting up libiec61883-0:amd64 (1.2.0-6build1) ...
2026-10-04T21:23:41.3252553Z Setting up libserd-0-0:amd64 (0.32.2-1) ...
2026-10-04T21:23:41.3269322Z Setting up libavc1394-0:amd64 (0.5.4-5build3) ...
2026-10-04T21:23:41.3293016Z Setting up gsettings-desktop-schemas (46.1-0ubuntu1) ...
2026-10-04T21:23:41.3312050Z Setting up glib-networking-services (2.80.0-1build1) ...
2026-10-04T21:23:41.3333431Z Setting up liblapack3:amd64 (3.12.0-3build1.1) ...
2026-10-04T21:23:41.3398714Z update-alternatives: using /usr/lib/x86_64-linux-gnu/lapack/liblapack.so.3 to provide /usr/lib/x86_64-linux-gnu/liblapack.so.3 (liblapack.so.3-x86_64-linux-gnu) in auto mode
2026-10-04T21:23:41.3414090Z Setting up libglx-mesa0:amd64 (25.2.8-0ubuntu0.24.04.4) ...
2026-10-04T21:23:41.3435800Z Setting up libzvbi0t64:amd64 (0.2.42-2) ...
2026-10-04T21:23:41.3455931Z Setting up libevent-pthreads-2.1-7t64:amd64 (2.1.12-stable-9ubuntu2.2) ...
2026-10-04T21:23:41.3473528Z Setting up liblrdf0:amd64 (0.6.1-4build1) ...
2026-10-04T21:23:41.3496507Z Setting up libzbar0t64:amd64 (0.23.93-4build3) ...
2026-10-04T21:23:41.3514966Z Setting up libgstreamer-plugins-base1.0-0:amd64 (1.24.2-1ubuntu0.5) ...
2026-10-04T21:23:41.3550316Z Setting up libavutil58:amd64 (7:6.1.1-3ubuntu5) ...
2026-10-04T21:23:41.3577201Z Setting up libopenal1:amd64 (1:1.23.1-4build1) ...
2026-10-04T21:23:41.3598170Z Setting up xfonts-utils (1:7.7+6build3) ...
2026-10-04T21:23:41.3650113Z Setting up libsecret-1-0:amd64 (0.21.4-1build3) ...
2026-10-04T21:23:41.3670448Z Setting up libgstreamer-plugins-good1.0-0:amd64 (1.24.2-1ubuntu1.8) ...
2026-10-04T21:23:41.3689976Z Setting up libgstreamer-gl1.0-0:amd64 (1.24.2-1ubuntu0.5) ...
2026-10-04T21:23:41.3712131Z Setting up gstreamer1.0-plugins-base:amd64 (1.24.2-1ubuntu0.5) ...
2026-10-04T21:23:41.3730651Z Setting up libass9:amd64 (1:0.17.1-2build1) ...
2026-10-04T21:23:41.3750109Z Setting up libswresample4:amd64 (7:6.1.1-3ubuntu5) ...
2026-10-04T21:23:41.3774630Z Setting up libopenexr-3-1-30:amd64 (3.1.5-5.1build3) ...
2026-10-04T21:23:41.3793965Z Setting up libshout3:amd64 (2.4.6-1build2) ...
2026-10-04T21:23:41.3816509Z Setting up libgav1-1:amd64 (0.18.0-1build3) ...
2026-10-04T21:23:41.3839877Z Setting up libavcodec60:amd64 (7:6.1.1-3ubuntu5) ...
2026-10-04T21:23:41.3859498Z Setting up librubberband2:amd64 (3.3.0+dfsg-2build1) ...
2026-10-04T21:23:41.3886593Z Setting up libjack-jackd2-0:amd64 (1.9.21~dfsg-3ubuntu3) ...
2026-10-04T21:23:41.3905498Z Setting up libsord-0-0:amd64 (0.16.16-2build1) ...
2026-10-04T21:23:41.3928897Z Setting up xfonts-cyrillic (1:1.0.5+nmu1) ...
2026-10-04T21:23:41.4261727Z Setting up libpostproc57:amd64 (7:6.1.1-3ubuntu5) ...
2026-10-04T21:23:41.4286664Z Setting up libsratom-0-0:amd64 (0.6.16-1build1) ...
2026-10-04T21:23:41.4309819Z Setting up libsndfile1:amd64 (1.2.2-1ubuntu5.24.04.1) ...
2026-10-04T21:23:41.4331836Z Setting up liblilv-0-0:amd64 (0.24.22-1build1) ...
2026-10-04T21:23:41.4609631Z Setting up libinstpatch-1.0-2:amd64 (1.1.6-1build2) ...
2026-10-04T21:23:41.4629561Z Setting up xfonts-scalable (1:1.0.3-1.3) ...
2026-10-04T21:23:41.4911892Z Setting up libswscale7:amd64 (7:6.1.1-3ubuntu5) ...
2026-10-04T21:23:41.4933509Z Setting up libavif16:amd64 (1.0.4-1ubuntu3) ...
2026-10-04T21:23:41.4952209Z Setting up libpulse0:amd64 (1:16.1+dfsg1-2ubuntu10.1) ...
2026-10-04T21:23:41.5021433Z Setting up libavformat60:amd64 (7:6.1.1-3ubuntu5) ...
2026-10-04T21:23:41.5046234Z Setting up libsphinxbase3t64:amd64 (0.8+5prealpha+1-17build2) ...
2026-10-04T21:23:41.5063051Z Setting up libsdl2-2.0-0:amd64 (2.30.0+dfsg-1ubuntu3.1) ...
2026-10-04T21:23:41.5080877Z Setting up libfluidsynth3:amd64 (2.3.4-1build3) ...
2026-10-04T21:23:41.5099384Z Setting up libpocketsphinx3:amd64 (0.8.0+real5prealpha+1-15ubuntu5) ...
2026-10-04T21:23:41.5116242Z Setting up libavfilter9:amd64 (7:6.1.1-3ubuntu5) ...
2026-10-04T21:23:41.5136550Z Setting up gstreamer1.0-libav:amd64 (1.24.1-1build1) ...
2026-10-04T21:23:41.5387648Z Processing triggers for fontconfig (2.15.0-1.1ubuntu2) ...
2026-10-04T21:23:41.6222942Z Processing triggers for libc-bin (2.39-0ubuntu8.9) ...
2026-10-04T21:23:41.6714775Z Processing triggers for man-db (2.12.0-4build2) ...
2026-10-04T21:23:41.6735923Z Not building database; man-db/auto-update is not 'true'.
2026-10-04T21:23:41.6762712Z Processing triggers for libglib2.0-0t64:amd64 (2.80.0-6ubuntu3.9) ...
2026-10-04T21:23:41.7040769Z Setting up libgtk-4-1:amd64 (4.14.5+ds-0ubuntu0.10) ...
2026-10-04T21:23:41.7696656Z Setting up glib-networking:amd64 (2.80.0-1build1) ...
2026-10-04T21:23:41.7734493Z Setting up libsoup-3.0-0:amd64 (3.4.4-5ubuntu0.8) ...
2026-10-04T21:23:41.7762722Z Setting up libgssdp-1.6-0:amd64 (1.6.3-1build3) ...
2026-10-04T21:23:41.7837746Z Setting up gstreamer1.0-plugins-good:amd64 (1.24.2-1ubuntu1.8) ...
2026-10-04T21:23:41.7863092Z Setting up libgupnp-1.6-0:amd64 (1.6.6-1build3) ...
2026-10-04T21:23:41.7921318Z Setting up libgupnp-igd-1.6-0:amd64 (1.6.0-3build3) ...
2026-10-04T21:23:41.7960331Z Setting up libnice10:amd64 (0.1.21-2build3) ...
2026-10-04T21:23:41.8007412Z Setting up libgstreamer-plugins-bad1.0-0:amd64 (1.24.2-1ubuntu4) ...
2026-10-04T21:23:41.8050949Z Setting up gstreamer1.0-plugins-bad:amd64 (1.24.2-1ubuntu4) ...
2026-10-04T21:23:41.8075564Z Processing triggers for libc-bin (2.39-0ubuntu8.9) ...
2026-10-04T21:23:42.4690357Z 
2026-10-04T21:23:42.4691190Z Running kernel seems to be up-to-date.
2026-10-04T21:23:42.4692772Z 
2026-10-04T21:23:42.4693839Z No services need to be restarted.
2026-10-04T21:23:42.4694344Z 
2026-10-04T21:23:42.4694745Z No containers need to be restarted.
2026-10-04T21:23:42.4695155Z 
2026-10-04T21:23:42.4695552Z No user sessions are running outdated binaries.
2026-10-04T21:23:42.4695998Z 
2026-10-04T21:23:42.4696678Z No VM guests are running outdated hypervisor (qemu) binaries on this host.
2026-10-04T21:23:43.6004571Z Downloading WebKit 26.5 (playwright webkit v2336) from https://cdn.playwright.dev/dbazure/download/playwright/builds/webkit/2336/webkit-ubuntu-24.04.zip
2026-10-04T21:23:44.6219963Z |                                                                                |   0% of 102 MiB
2026-10-04T21:23:44.8382250Z |■■■■■■■■                                                                        |  10% of 102 MiB
2026-10-04T21:23:44.9061733Z |■■■■■■■■■■■■■■■■                                                                |  20% of 102 MiB
2026-10-04T21:23:44.9635477Z |■■■■■■■■■■■■■■■■■■■■■■■■                                                        |  30% of 102 MiB
2026-10-04T21:23:45.0169464Z |■■■■■■■■■■■■■■■■■■■■■■■■■■■■■■■■                                                |  40% of 102 MiB
2026-10-04T21:23:45.0776450Z |■■■■■■■■■■■■■■■■■■■■■■■■■■■■■■■■■■■■■■■■                                        |  50% of 102 MiB
2026-10-04T21:23:45.1411583Z |■■■■■■■■■■■■■■■■■■■■■■■■■■■■■■■■■■■■■■■■■■■■■■■■                                |  60% of 102 MiB
2026-10-04T21:23:45.1992519Z |■■■■■■■■■■■■■■■■■■■■■■■■■■■■■■■■■■■■■■■■■■■■■■■■■■■■■■■■                        |  70% of 102 MiB
2026-10-04T21:23:45.2621127Z |■■■■■■■■■■■■■■■■■■■■■■■■■■■■■■■■■■■■■■■■■■■■■■■■■■■■■■■■■■■■■■■■                |  80% of 102 MiB
2026-10-04T21:23:45.3499335Z |■■■■■■■■■■■■■■■■■■■■■■■■■■■■■■■■■■■■■■■■■■■■■■■■■■■■■■■■■■■■■■■■■■■■■■■■        |  90% of 102 MiB
2026-10-04T21:23:45.4195614Z |■■■■■■■■■■■■■■■■■■■■■■■■■■■■■■■■■■■■■■■■■■■■■■■■■■■■■■■■■■■■■■■■■■■■■■■■■■■■■■■■| 100% of 102 MiB
2026-10-04T21:23:47.4864982Z WebKit 26.5 (playwright webkit v2336) downloaded to /home/runner/.cache/ms-playwright/webkit-2336
2026-10-04T21:23:47.4869919Z Downloading FFmpeg (playwright ffmpeg v1011) from https://cdn.playwright.dev/dbazure/download/playwright/builds/ffmpeg/1011/ffmpeg-linux.zip
2026-10-04T21:23:48.5243993Z |                                                                                |   0% of 2.3 MiB
2026-10-04T21:23:48.5735739Z |■■■■■■■■                                                                        |  10% of 2.3 MiB
2026-10-04T21:23:48.5929259Z |■■■■■■■■■■■■■■■■                                                                |  20% of 2.3 MiB
2026-10-04T21:23:48.6086721Z |■■■■■■■■■■■■■■■■■■■■■■■■                                                        |  30% of 2.3 MiB
2026-10-04T21:23:48.6257265Z |■■■■■■■■■■■■■■■■■■■■■■■■■■■■■■■■                                                |  40% of 2.3 MiB
2026-10-04T21:23:48.6284290Z |■■■■■■■■■■■■■■■■■■■■■■■■■■■■■■■■■■■■■■■■                                        |  50% of 2.3 MiB
2026-10-04T21:23:48.6426531Z |■■■■■■■■■■■■■■■■■■■■■■■■■■■■■■■■■■■■■■■■■■■■■■■■                                |  60% of 2.3 MiB
2026-10-04T21:23:48.6445936Z |■■■■■■■■■■■■■■■■■■■■■■■■■■■■■■■■■■■■■■■■■■■■■■■■■■■■■■■■                        |  70% of 2.3 MiB
2026-10-04T21:23:48.6470312Z |■■■■■■■■■■■■■■■■■■■■■■■■■■■■■■■■■■■■■■■■■■■■■■■■■■■■■■■■■■■■■■■■                |  80% of 2.3 MiB
2026-10-04T21:23:48.6614145Z |■■■■■■■■■■■■■■■■■■■■■■■■■■■■■■■■■■■■■■■■■■■■■■■■■■■■■■■■■■■■■■■■■■■■■■■■        |  90% of 2.3 MiB
2026-10-04T21:23:48.6630462Z |■■■■■■■■■■■■■■■■■■■■■■■■■■■■■■■■■■■■■■■■■■■■■■■■■■■■■■■■■■■■■■■■■■■■■■■■■■■■■■■■| 100% of 2.3 MiB
2026-10-04T21:23:48.7253115Z FFmpeg (playwright ffmpeg v1011) downloaded to /home/runner/.cache/ms-playwright/ffmpeg-1011
2026-10-04T21:23:49.0746371Z Reading package lists...
2026-10-04T21:23:49.2912846Z Building dependency tree...
2026-10-04T21:23:49.2919344Z Reading state information...
2026-10-04T21:23:49.4542871Z Suggested packages:
2026-10-04T21:23:49.4544054Z   fonts-noto-cjk-extra
2026-10-04T21:23:49.4714693Z The following NEW packages will be installed:
2026-10-04T21:23:49.4723296Z   fonts-noto-cjk
2026-10-04T21:23:49.4904910Z 0 upgraded, 1 newly installed, 0 to remove and 19 not upgraded.
2026-10-04T21:23:49.4905926Z Need to get 61.2 MB of archives.
2026-10-04T21:23:49.4907054Z After this operation, 93.2 MB of additional disk space will be used.
2026-10-04T21:23:49.4908186Z Get:1 file:/etc/apt/apt-mirrors.txt Mirrorlist [144 B]
2026-10-04T21:23:49.5561391Z Get:2 http://azure.archive.ubuntu.com/ubuntu noble/main amd64 fonts-noto-cjk all 1:20230817+repack1-3 [61.2 MB]
2026-10-04T21:23:50.8770118Z Fetched 61.2 MB in 1s (56.2 MB/s)
2026-10-04T21:23:50.8997130Z Selecting previously unselected package fonts-noto-cjk.
2026-10-04T21:23:50.9065859Z (Reading database ... 
2026-10-04T21:23:50.9067172Z (Reading database ... 5%
2026-10-04T21:23:50.9068089Z (Reading database ... 10%
2026-10-04T21:23:50.9068635Z (Reading database ... 15%
2026-10-04T21:23:50.9069090Z (Reading database ... 20%
2026-10-04T21:23:50.9069545Z (Reading database ... 25%
2026-10-04T21:23:50.9070010Z (Reading database ... 30%
2026-10-04T21:23:50.9070482Z (Reading database ... 35%
2026-10-04T21:23:50.9070962Z (Reading database ... 40%
2026-10-04T21:23:50.9071350Z (Reading database ... 45%
2026-10-04T21:23:50.9071653Z (Reading database ... 50%
2026-10-04T21:23:50.9106886Z (Reading database ... 55%
2026-10-04T21:23:50.9241769Z (Reading database ... 60%
2026-10-04T21:23:50.9278999Z (Reading database ... 65%
2026-10-04T21:23:50.9303000Z (Reading database ... 70%
2026-10-04T21:23:50.9365772Z (Reading database ... 75%
2026-10-04T21:23:50.9406353Z (Reading database ... 80%
2026-10-04T21:23:50.9582791Z (Reading database ... 85%
2026-10-04T21:23:50.9857805Z (Reading database ... 90%
2026-10-04T21:23:50.9959090Z (Reading database ... 95%
2026-10-04T21:23:50.9959863Z (Reading database ... 100%
2026-10-04T21:23:50.9960697Z (Reading database ... 204385 files and directories currently installed.)
2026-10-04T21:23:51.0007094Z Preparing to unpack .../fonts-noto-cjk_1%3a20230817+repack1-3_all.deb ...
2026-10-04T21:23:51.0089507Z Unpacking fonts-noto-cjk (1:20230817+repack1-3) ...
2026-10-04T21:23:51.5744852Z Setting up fonts-noto-cjk (1:20230817+repack1-3) ...
2026-10-04T21:23:51.5818545Z Processing triggers for fontconfig (2.15.0-1.1ubuntu2) ...
2026-10-04T21:23:52.2076675Z 
2026-10-04T21:23:52.2077667Z Running kernel seems to be up-to-date.
2026-10-04T21:23:52.2078493Z 
2026-10-04T21:23:52.2079236Z No services need to be restarted.
2026-10-04T21:23:52.2079660Z 
2026-10-04T21:23:52.2080006Z No containers need to be restarted.
2026-10-04T21:23:52.2080387Z 
2026-10-04T21:23:52.2080743Z No user sessions are running outdated binaries.
2026-10-04T21:23:52.2081154Z 
2026-10-04T21:23:52.2081752Z No VM guests are running outdated hypervisor (qemu) binaries on this host.
2026-10-04T21:23:53.6279886Z ##[group]Run node course-app/docs/resume-20261004/b10-adapter-ci/run-command.mjs hsk1-build . npm run build --prefix hsk1-app
2026-10-04T21:23:53.6280864Z [36;1mnode course-app/docs/resume-20261004/b10-adapter-ci/run-command.mjs hsk1-build . npm run build --prefix hsk1-app[0m
2026-10-04T21:23:53.6281857Z [36;1mnode course-app/docs/resume-20261004/b10-adapter-ci/run-command.mjs course-build course-app npm run build -- --outDir .repro-output/b10-hsk23-adapter/dist[0m
2026-10-04T21:23:53.6282894Z [36;1mnode course-app/docs/resume-20261004/b10-adapter-ci/run-command.mjs hsk1-asset-bytes . npm run assets:check --prefix hsk1-app[0m
2026-10-04T21:23:53.6284197Z [36;1mnode course-app/docs/resume-20261004/b10-adapter-ci/checkpoint-records.mjs builds[0m
2026-10-04T21:23:53.6348286Z shell: /usr/bin/bash -e {0}
2026-10-04T21:23:53.6348572Z env:
2026-10-04T21:23:53.6348795Z   HSK_ADAPTER_CI_BROWSER: webkit
2026-10-04T21:23:53.6349057Z ##[endgroup]
2026-10-04T21:23:53.7838389Z 
2026-10-04T21:23:53.7839315Z > hsk1-modular-app@0.1.0 build
2026-10-04T21:23:53.7840239Z > npm run index:check && npm run check && vite build
2026-10-04T21:23:53.7840683Z 
2026-10-04T21:23:53.8878401Z 
2026-10-04T21:23:53.8879317Z > hsk1-modular-app@0.1.0 index:check
2026-10-04T21:23:53.8879787Z > node tools/course-index.mjs
2026-10-04T21:23:53.8879999Z 
2026-10-04T21:23:53.9380143Z {"courseIndex":"PASS","lessons":15,"mode":"check"}
2026-10-04T21:23:54.0492819Z 
2026-10-04T21:23:54.0494262Z > hsk1-modular-app@0.1.0 check
2026-10-04T21:23:54.0494899Z > tsc --noEmit
2026-10-04T21:23:54.0495159Z 
2026-10-04T21:23:54.9243097Z [36mvite v8.3.2 [32mbuilding client environment for production...[36m[39m
2026-10-04T21:23:54.9361856Z transforming...
2026-10-04T21:23:55.1268913Z ✓ 152 modules transformed.
2026-10-04T21:23:55.2919509Z rendering chunks...
2026-10-04T21:23:55.6044817Z computing gzip size...
2026-10-04T21:23:55.6271181Z dist/index.html                                         0.41 kB │ gzip:   0.29 kB
2026-10-04T21:23:55.6272548Z dist/assets/course-index-BKGnz4SX.json                  4.87 kB │ gzip:   1.18 kB
2026-10-04T21:23:55.6273378Z dist/assets/textbook-display-revisions-DWScioD2.json   26.13 kB │ gzip:   4.78 kB
2026-10-04T21:23:55.6274434Z dist/assets/stage2-bank-DOB9KrMv.json                 269.65 kB │ gzip:  47.51 kB
2026-10-04T21:23:55.6275142Z dist/assets/media-references-DD5E_5K_.json            287.06 kB │ gzip:  57.51 kB
2026-10-04T21:23:55.6275858Z dist/assets/stage3-catalog-CH6Cx7h7.json              384.02 kB │ gzip:  67.91 kB
2026-10-04T21:23:55.6276529Z dist/assets/textbook-ksDEYuz_.json                    741.67 kB │ gzip:  91.65 kB
2026-10-04T21:23:55.6277500Z dist/assets/progress-DgeKDxiU.css                       1.57 kB │ gzip:   0.62 kB
2026-10-04T21:23:55.6278155Z dist/assets/archive-BMfTkVw2.css                        1.93 kB │ gzip:   0.74 kB
2026-10-04T21:23:55.6278815Z dist/assets/data-panel-BgEWndCN.css                     3.56 kB │ gzip:   1.10 kB
2026-10-04T21:23:55.6279503Z dist/assets/source-activities-Cz6XgW02.css              4.93 kB │ gzip:   1.37 kB
2026-10-04T21:23:55.6280188Z dist/assets/listening-DTyrhIy_.css                      5.80 kB │ gzip:   1.60 kB
2026-10-04T21:23:55.6280865Z dist/assets/view-BYaiqWuX.css                           6.25 kB │ gzip:   1.79 kB
2026-10-04T21:23:55.6281517Z dist/assets/homework-8E-U9jBU.css                       8.11 kB │ gzip:   2.06 kB
2026-10-04T21:23:55.6282163Z dist/assets/index-MPNZzdK3.css                         10.90 kB │ gzip:   3.07 kB
2026-10-04T21:23:55.6282805Z dist/assets/textbook-CDbbm74v.css                      11.82 kB │ gzip:   3.05 kB
2026-10-04T21:23:55.6283830Z dist/assets/textbook-BNPI77hK.js                        0.12 kB │ gzip:   0.13 kB │ map:     0.33 kB
2026-10-04T21:23:55.6285044Z dist/assets/official-vi-registry-Bgu-m4P4.js            0.13 kB │ gzip:   0.14 kB │ map:     0.12 kB
2026-10-04T21:23:55.6285859Z dist/assets/review-DiWGLi5x.js                          0.13 kB │ gzip:   0.13 kB │ map:     0.54 kB
2026-10-04T21:23:55.6286928Z dist/assets/vocabulary-D86GiO20.js                      0.13 kB │ gzip:   0.14 kB │ map:     0.45 kB
2026-10-04T21:23:55.6288284Z dist/assets/stage3-catalog-BDgGKH7A.js                  0.14 kB │ gzip:   0.14 kB │ map:     0.34 kB
2026-10-04T21:23:55.6289858Z dist/assets/media-references-DyNdsQyY.js                0.14 kB │ gzip:   0.14 kB │ map:     0.35 kB
2026-10-04T21:23:55.6290732Z dist/assets/rolldown-runtime-DK3Fl9T5.js                0.15 kB │ gzip:   0.15 kB
2026-10-04T21:23:55.6291560Z dist/assets/textbook-display-revisions-CGs5GDJK.js      0.16 kB │ gzip:   0.15 kB │ map:     0.38 kB
2026-10-04T21:23:55.6292409Z dist/assets/asset-base-DAkFL0yR.js                      0.20 kB │ gzip:   0.18 kB │ map:     0.55 kB
2026-10-04T21:23:55.6293170Z dist/assets/ui-BlYT8-MT.js                              0.38 kB │ gzip:   0.28 kB │ map:     1.62 kB
2026-10-04T21:23:55.6294129Z dist/assets/dom-BqY7Gzk5.js                             0.51 kB │ gzip:   0.37 kB │ map:     1.92 kB
2026-10-04T21:23:55.6295048Z dist/assets/content-D7BGWbZm.js                         1.07 kB │ gzip:   0.63 kB │ map:     3.45 kB
2026-10-04T21:23:55.6296591Z dist/assets/textbook-restored-targets-BYEde6lT.js       1.63 kB │ gzip:   0.36 kB │ map:     0.13 kB
2026-10-04T21:23:55.6298182Z dist/assets/homework-C7rR7QKa.js                        1.85 kB │ gzip:   1.04 kB │ map:     6.88 kB
2026-10-04T21:23:55.6299273Z dist/assets/session-DSGQ1wty.js                         2.33 kB │ gzip:   1.20 kB │ map:     8.34 kB
2026-10-04T21:23:55.6300040Z dist/assets/mixed-state-7Oiw2hir.js                     3.15 kB │ gzip:   1.44 kB │ map:    11.24 kB
2026-10-04T21:23:55.6301252Z dist/assets/progress-CZ1YjBej.js                        3.23 kB │ gzip:   1.54 kB │ map:     8.64 kB
2026-10-04T21:23:55.6302450Z dist/assets/home-CDtdf7gT.js                            4.34 kB │ gzip:   2.04 kB │ map:    13.93 kB
2026-10-04T21:23:55.6303757Z dist/assets/catalogue-C_U9rwbD.js                       4.86 kB │ gzip:   2.08 kB │ map:    17.37 kB
2026-10-04T21:23:55.6304912Z dist/assets/course-index-C5j4sptp.js                    4.95 kB │ gzip:   1.25 kB │ map:     0.10 kB
2026-10-04T21:23:55.6305981Z dist/assets/engine-CBi3sj57.js                          5.94 kB │ gzip:   2.49 kB │ map:    20.78 kB
2026-10-04T21:23:55.6307163Z dist/assets/listening-DXeiB7Rf.js                       6.08 kB │ gzip:   2.60 kB │ map:    21.36 kB
2026-10-04T21:23:55.6308386Z dist/assets/pair-panel-d4a8CKVs.js                      8.42 kB │ gzip:   3.73 kB │ map:    19.36 kB
2026-10-04T21:23:55.6309533Z dist/assets/data-panel-BJa07wYh.js                      8.99 kB │ gzip:   3.72 kB │ map:    30.01 kB
2026-10-04T21:23:55.6310986Z dist/assets/vi-presentation-state-lrTYmOCi.js           9.82 kB │ gzip:   3.55 kB │ map:    34.98 kB
2026-10-04T21:23:55.6312318Z dist/assets/browser-pair-Bhljojeh.js                   10.83 kB │ gzip:   3.86 kB │ map:    31.47 kB
2026-10-04T21:23:55.6313106Z dist/assets/audio-BmDOWU8n.js                          11.38 kB │ gzip:   3.85 kB │ map:    46.16 kB
2026-10-04T21:23:55.6314141Z dist/assets/engine-BAT6QHsN.js                         16.14 kB │ gzip:   6.07 kB │ map:    51.58 kB
2026-10-04T21:23:55.6314906Z dist/assets/store-C1tSVfl5.js                          16.36 kB │ gzip:   6.16 kB │ map:    55.44 kB
2026-10-04T21:23:55.6315652Z dist/assets/listening-BOv2E9O2.js                      16.52 kB │ gzip:   6.12 kB │ map:    57.22 kB
2026-10-04T21:23:55.6316447Z dist/assets/official-vi-revisions-Bt56nnew.js          18.06 kB │ gzip:   6.08 kB │ map:    53.03 kB
2026-10-04T21:23:55.6317223Z dist/assets/copy-yY9kyqvF.js                           18.37 kB │ gzip:   6.94 kB │ map:    41.85 kB
2026-10-04T21:23:55.6317985Z dist/assets/listening-BXM9emsG.js                      19.10 kB │ gzip:   7.07 kB │ map:    33.82 kB
2026-10-04T21:23:55.6318733Z dist/assets/progress-aRYvzYAc.js                       20.06 kB │ gzip:   7.63 kB │ map:    51.57 kB
2026-10-04T21:23:55.6319663Z dist/assets/archive-DeRqbzSo.js                        21.23 kB │ gzip:   8.82 kB │ map:    50.37 kB
2026-10-04T21:23:55.6320429Z dist/assets/textbook-JfIBaAyU.js                       21.83 kB │ gzip:   8.72 kB │ map:    56.18 kB
2026-10-04T21:23:55.6321170Z dist/assets/engine-DJNGzNN8.js                         22.19 kB │ gzip:   7.52 kB │ map:    64.24 kB
2026-10-04T21:23:55.6321895Z dist/assets/view-txZbTKBa.js                           24.26 kB │ gzip:   9.21 kB │ map:    75.44 kB
2026-10-04T21:23:55.6322623Z dist/assets/index-DU-Jbddh.js                          25.02 kB │ gzip:  10.06 kB │ map:    64.55 kB
2026-10-04T21:23:55.6323415Z dist/assets/textbook-display-revisions-CnZaZMsm.js     26.23 kB │ gzip:   4.86 kB │ map:     0.13 kB
2026-10-04T21:23:55.6324552Z dist/assets/source-activities-C6VQDAkO.js              32.94 kB │ gzip:   9.90 kB │ map:    61.70 kB
2026-10-04T21:23:55.6325327Z dist/assets/homework-CxgWEp6j.js                       36.54 kB │ gzip:  11.10 kB │ map:   125.62 kB
2026-10-04T21:23:55.6326100Z dist/assets/compatibility-BTMtJsFZ.js                  36.85 kB │ gzip:  13.22 kB │ map:   101.49 kB
2026-10-04T21:23:55.6326870Z dist/assets/textbook-BunDJ4Ci.js                       88.69 kB │ gzip:  30.82 kB │ map:   229.73 kB
2026-10-04T21:23:55.6327618Z dist/assets/stage2-bank-Bjx02knS.js                   269.73 kB │ gzip:  47.59 kB │ map:     0.10 kB
2026-10-04T21:23:55.6328395Z dist/assets/media-references-Bx99NyHN.js              287.14 kB │ gzip:  57.61 kB │ map:     0.11 kB
2026-10-04T21:23:55.6329185Z dist/assets/legacy-exercises-Bz3UuW2N.js              326.87 kB │ gzip:  82.62 kB │ map:   491.75 kB
2026-10-04T21:23:55.6329966Z dist/assets/stage3-catalog-Bs1Y2M7l.js                384.10 kB │ gzip:  67.99 kB │ map:     0.11 kB
2026-10-04T21:23:55.6330760Z dist/assets/legacy-exercises-BfEaU4Qq.js              446.74 kB │ gzip:  85.02 kB │ map:     0.11 kB
2026-10-04T21:23:55.6331529Z dist/assets/homework30-BVBKAbRf.js                    613.95 kB │ gzip: 135.42 kB │ map:   920.92 kB
2026-10-04T21:23:55.6332292Z dist/assets/textbook-Bkb8B-ul.js                      741.75 kB │ gzip:  91.74 kB │ map:     0.09 kB
2026-10-04T21:23:55.6333035Z dist/assets/content-ChH95uYd.js                       852.85 kB │ gzip: 144.60 kB │ map: 1,691.61 kB
2026-10-04T21:23:55.6334038Z dist/assets/homework30-bank-Bti0xGBV.js               854.30 kB │ gzip: 143.07 kB │ map:     0.11 kB
2026-10-04T21:23:55.6334413Z 
2026-10-04T21:23:55.6334728Z [33m[plugin builtin:vite-reporter] 
2026-10-04T21:23:55.6335196Z (!) Some chunks are larger than 500 kB after minification. Consider:
2026-10-04T21:23:55.6335682Z - Using dynamic import() to code-split the application
2026-10-04T21:23:55.6336681Z - Use build.rolldownOptions.output.codeSplitting to improve chunking: https://rolldown.rs/reference/OutputOptions.codeSplitting
2026-10-04T21:23:55.6337589Z - Adjust chunk size limit for this warning via build.chunkSizeWarningLimit.[39m
2026-10-04T21:23:55.6338082Z [32m✓ built in 703ms[39m
2026-10-04T21:23:55.7909827Z 
2026-10-04T21:23:55.7910638Z > hsk-shared-course-app@1.0.0 build
2026-10-04T21:23:55.7912235Z > node tools/sync-shared-assets.mjs && npm run content:check && npm run check && vite build --outDir .repro-output/b10-hsk23-adapter/dist
2026-10-04T21:23:55.7913454Z 
2026-10-04T21:23:56.0529388Z {"originalHSK1Audio":93,"requiredCharacters":671,"preservedCharacters":271,"licensedAdditions":400,"complete":true}
2026-10-04T21:23:56.1585714Z 
2026-10-04T21:23:56.1586658Z > hsk-shared-course-app@1.0.0 content:check
2026-10-04T21:23:56.1587210Z > node tools/validate-content.mjs
2026-10-04T21:23:56.1587449Z 
2026-10-04T21:23:56.3185062Z {
2026-10-04T21:23:56.3185926Z   "mode": "release",
2026-10-04T21:23:56.3186465Z   "totals": {
2026-10-04T21:23:56.3186807Z     "lessons": 33,
2026-10-04T21:23:56.3187045Z     "words": 749,
2026-10-04T21:23:56.3187299Z     "texts": 132,
2026-10-04T21:23:56.3187726Z     "grammar": 108,
2026-10-04T21:23:56.3188086Z     "homework": 990,
2026-10-04T21:23:56.3188461Z     "listening": 132,
2026-10-04T21:23:56.3188821Z     "sections": 162
2026-10-04T21:23:56.3189616Z   },
2026-10-04T21:23:56.3189983Z   "lessons": [
2026-10-04T21:23:56.3190312Z     {
2026-10-04T21:23:56.3190677Z       "id": "hsk2-fltrp-2026:l01",
2026-10-04T21:23:56.3191094Z       "level": 2,
2026-10-04T21:23:56.3191414Z       "number": 1,
2026-10-04T21:23:56.3191736Z       "title": {
2026-10-04T21:23:56.3192367Z         "zh": "她请我们吃了北京烤鸭",
2026-10-04T21:23:56.3193032Z         "vi": "Cô ấy đã mời chúng tôi ăn vịt quay Bắc Kinh",
2026-10-04T21:23:56.3193992Z         "py": "Tā qǐng wǒmen chīle Běijīng Kǎoyā"
2026-10-04T21:23:56.3194614Z       },
2026-10-04T21:23:56.3194908Z       "words": 15,
2026-10-04T21:23:56.3195264Z       "texts": 4,
2026-10-04T21:23:56.3195587Z       "grammar": 3,
2026-10-04T21:23:56.3195911Z       "homework": 30,
2026-10-04T21:23:56.3196550Z       "sha256": "f7923ab4d5fe5af0135aff04e701d0313a9edf5c3f3803b780a93bf5023e7523"
2026-10-04T21:23:56.3197187Z     },
2026-10-04T21:23:56.3197465Z     {
2026-10-04T21:23:56.3197803Z       "id": "hsk2-fltrp-2026:l02",
2026-10-04T21:23:56.3198225Z       "level": 2,
2026-10-04T21:23:56.3198536Z       "number": 2,
2026-10-04T21:23:56.3198841Z       "title": {
2026-10-04T21:23:56.3199260Z         "zh": "还是打车去北大吧",
2026-10-04T21:23:56.3199845Z         "vi": "Hay là đi taxi đến Đại học Bắc Kinh nhé",
2026-10-04T21:23:56.3200465Z         "py": "Háishi dǎchē qù Běidà ba"
2026-10-04T21:23:56.3200875Z       },
2026-10-04T21:23:56.3201156Z       "words": 17,
2026-10-04T21:23:56.3201470Z       "texts": 4,
2026-10-04T21:23:56.3201785Z       "grammar": 3,
2026-10-04T21:23:56.3202118Z       "homework": 30,
2026-10-04T21:23:56.3202873Z       "sha256": "87190119ee1017b4316039e515be6690e419d369f59d4aba774263229ab11e2d"
2026-10-04T21:23:56.3203500Z     },
2026-10-04T21:23:56.3204032Z     {
2026-10-04T21:23:56.3204383Z       "id": "hsk2-fltrp-2026:l03",
2026-10-04T21:23:56.3204783Z       "level": 2,
2026-10-04T21:23:56.3205106Z       "number": 3,
2026-10-04T21:23:56.3205416Z       "title": {
2026-10-04T21:23:56.3205845Z         "zh": "我想去西安旅游",
2026-10-04T21:23:56.3206371Z         "vi": "Tôi muốn đi du lịch Tây An",
2026-10-04T21:23:56.3206952Z         "py": "Wǒ xiǎng qù Xī'ān lǚyóu"
2026-10-04T21:23:56.3207353Z       },
2026-10-04T21:23:56.3207646Z       "words": 15,
2026-10-04T21:23:56.3207962Z       "texts": 4,
2026-10-04T21:23:56.3208288Z       "grammar": 3,
2026-10-04T21:23:56.3208622Z       "homework": 30,
2026-10-04T21:23:56.3209246Z       "sha256": "04c31d30fdae22f3fad0cbf22b6570875b3b546eddf8e538be7fe35981149506"
2026-10-04T21:23:56.3209891Z     },
2026-10-04T21:23:56.3210163Z     {
2026-10-04T21:23:56.3210510Z       "id": "hsk2-fltrp-2026:l04",
2026-10-04T21:23:56.3211290Z       "level": 2,
2026-10-04T21:23:56.3211619Z       "number": 4,
2026-10-04T21:23:56.3211938Z       "title": {
2026-10-04T21:23:56.3212361Z         "zh": "你穿红色的很好看",
2026-10-04T21:23:56.3212861Z         "vi": "Bạn mặc màu đỏ rất đẹp",
2026-10-04T21:23:56.3213427Z         "py": "Nǐ chuān hóngsè de hěn hǎokàn"
2026-10-04T21:23:56.3224487Z       },
2026-10-04T21:23:56.3224849Z       "words": 16,
2026-10-04T21:23:56.3225185Z       "texts": 4,
2026-10-04T21:23:56.3225766Z       "grammar": 3,
2026-10-04T21:23:56.3226099Z       "homework": 30,
2026-10-04T21:23:56.3226759Z       "sha256": "cc303bdf9b9498ad2745ab055b5a0b7b397723d92467c50a4ed26beb40c44e8c"
2026-10-04T21:23:56.3227476Z     },
2026-10-04T21:23:56.3227768Z     {
2026-10-04T21:23:56.3228136Z       "id": "hsk2-fltrp-2026:l05",
2026-10-04T21:23:56.3228560Z       "level": 2,
2026-10-04T21:23:56.3228893Z       "number": 5,
2026-10-04T21:23:56.3229214Z       "title": {
2026-10-04T21:23:56.3229758Z         "zh": "第一次去中国朋友家",
2026-10-04T21:23:56.3230441Z         "vi": "Lần đầu đến nhà bạn người Trung Quốc",
2026-10-04T21:23:56.3231132Z         "py": "Dì-yī cì qù Zhōngguó péngyou jiā"
2026-10-04T21:23:56.3231610Z       },
2026-10-04T21:23:56.3231904Z       "words": 20,
2026-10-04T21:23:56.3232240Z       "texts": 4,
2026-10-04T21:23:56.3232603Z       "grammar": 3,
2026-10-04T21:23:56.3232943Z       "homework": 30,
2026-10-04T21:23:56.3234392Z       "sha256": "aa7a6e96568e2fbfd4c4894778eccbcc34dd894f73fe5f0c25a7bcd7f1ad1038"
2026-10-04T21:23:56.3235115Z     },
2026-10-04T21:23:56.3235434Z     {
2026-10-04T21:23:56.3235854Z       "id": "hsk2-fltrp-2026:l06",
2026-10-04T21:23:56.3236241Z       "level": 2,
2026-10-04T21:23:56.3236545Z       "number": 6,
2026-10-04T21:23:56.3236840Z       "title": {
2026-10-04T21:23:56.3237310Z         "zh": "小雪，生日快乐！",
2026-10-04T21:23:56.3237872Z         "vi": "Tiểu Tuyết, chúc mừng sinh nhật!",
2026-10-04T21:23:56.3238456Z         "py": "Xiǎoxuě, shēngrì kuàilè!"
2026-10-04T21:23:56.3238864Z       },
2026-10-04T21:23:56.3239192Z       "words": 15,
2026-10-04T21:23:56.3239513Z       "texts": 4,
2026-10-04T21:23:56.3239827Z       "grammar": 3,
2026-10-04T21:23:56.3240207Z       "homework": 30,
2026-10-04T21:23:56.3240846Z       "sha256": "c6302d84d74ea51a02c1afaaaff781b7513350d6516608d73e5edd084bb06b20"
2026-10-04T21:23:56.3241517Z     },
2026-10-04T21:23:56.3241830Z     {
2026-10-04T21:23:56.3242304Z       "id": "hsk2-fltrp-2026:l07",
2026-10-04T21:23:56.3242779Z       "level": 2,
2026-10-04T21:23:56.3243148Z       "number": 7,
2026-10-04T21:23:56.3243481Z       "title": {
2026-10-04T21:23:56.3244226Z         "zh": "他篮球打得很好",
2026-10-04T21:23:56.3244591Z         "vi": "Anh ấy chơi bóng rổ rất giỏi",
2026-10-04T21:23:56.3244979Z         "py": "Tā lánqiú dǎ de hěn hǎo"
2026-10-04T21:23:56.3245296Z       },
2026-10-04T21:23:56.3245487Z       "words": 20,
2026-10-04T21:23:56.3245693Z       "texts": 4,
2026-10-04T21:23:56.3245893Z       "grammar": 3,
2026-10-04T21:23:56.3246099Z       "homework": 30,
2026-10-04T21:23:56.3246488Z       "sha256": "15b9f36001307933da8120e66214e3b7a266640022f6953b67b174b2a9c78f4c"
2026-10-04T21:23:56.3247612Z     },
2026-10-04T21:23:56.3247948Z     {
2026-10-04T21:23:56.3248309Z       "id": "hsk2-fltrp-2026:l08",
2026-10-04T21:23:56.3248717Z       "level": 2,
2026-10-04T21:23:56.3249051Z       "number": 8,
2026-10-04T21:23:56.3249404Z       "title": {
2026-10-04T21:23:56.3249921Z         "zh": "虽然你忘了，但是我记得",
2026-10-04T21:23:56.3250456Z         "vi": "Dù em quên nhưng anh vẫn nhớ",
2026-10-04T21:23:56.3251073Z         "py": "Suīrán nǐ wàng le, dànshì wǒ jìde"
2026-10-04T21:23:56.3251522Z       },
2026-10-04T21:23:56.3251820Z       "words": 17,
2026-10-04T21:23:56.3252154Z       "texts": 4,
2026-10-04T21:23:56.3252451Z       "grammar": 3,
2026-10-04T21:23:56.3252770Z       "homework": 30,
2026-10-04T21:23:56.3253777Z       "sha256": "90c7c19aac1d78ed62752356eefe09b6d3ee968c528c2008a53f0f2b1f96d00a"
2026-10-04T21:23:56.3254528Z     },
2026-10-04T21:23:56.3254830Z     {
2026-10-04T21:23:56.3255264Z       "id": "hsk2-fltrp-2026:l09",
2026-10-04T21:23:56.3255808Z       "level": 2,
2026-10-04T21:23:56.3256192Z       "number": 9,
2026-10-04T21:23:56.3256570Z       "title": {
2026-10-04T21:23:56.3257087Z         "zh": "我去买杯奶茶",
2026-10-04T21:23:56.3257670Z         "vi": "Tôi đi mua một cốc trà sữa",
2026-10-04T21:23:56.3258314Z         "py": "Wǒ qù mǎi bēi nǎichá"
2026-10-04T21:23:56.3258773Z       },
2026-10-04T21:23:56.3259133Z       "words": 13,
2026-10-04T21:23:56.3259509Z       "texts": 4,
2026-10-04T21:23:56.3259914Z       "grammar": 3,
2026-10-04T21:23:56.3260305Z       "homework": 30,
2026-10-04T21:23:56.3261107Z       "sha256": "55675df1ef69682537b7137e4f2ba19e2a311cf7738969ecd790dae62cc885aa"
2026-10-04T21:23:56.3261959Z     },
2026-10-04T21:23:56.3262357Z     {
2026-10-04T21:23:56.3262794Z       "id": "hsk2-fltrp-2026:l10",
2026-10-04T21:23:56.3263248Z       "level": 2,
2026-10-04T21:23:56.3263833Z       "number": 10,
2026-10-04T21:23:56.3264229Z       "title": {
2026-10-04T21:23:56.3264723Z         "zh": "就要考试了",
2026-10-04T21:23:56.3265240Z         "vi": "Sắp thi rồi",
2026-10-04T21:23:56.3265836Z         "py": "Jiù yào kǎoshì le"
2026-10-04T21:23:56.3266283Z       },
2026-10-04T21:23:56.3266622Z       "words": 15,
2026-10-04T21:23:56.3266994Z       "texts": 4,
2026-10-04T21:23:56.3267367Z       "grammar": 3,
2026-10-04T21:23:56.3267741Z       "homework": 30,
2026-10-04T21:23:56.3268771Z       "sha256": "5e8b2f82916f6bce00f4d28d0b31f8caf347f813bee9e19408f0edf723130156"
2026-10-04T21:23:56.3269542Z     },
2026-10-04T21:23:56.3269879Z     {
2026-10-04T21:23:56.3270312Z       "id": "hsk2-fltrp-2026:l11",
2026-10-04T21:23:56.3270784Z       "level": 2,
2026-10-04T21:23:56.3271152Z       "number": 11,
2026-10-04T21:23:56.3271559Z       "title": {
2026-10-04T21:23:56.3272035Z         "zh": "我最喜欢吃中国菜",
2026-10-04T21:23:56.3272670Z         "vi": "Tôi thích ăn món Trung Quốc nhất",
2026-10-04T21:23:56.3273419Z         "py": "Wǒ zuì xǐhuan chī Zhōngguó cài"
2026-10-04T21:23:56.3274148Z       },
2026-10-04T21:23:56.3274499Z       "words": 13,
2026-10-04T21:23:56.3274905Z       "texts": 4,
2026-10-04T21:23:56.3275277Z       "grammar": 3,
2026-10-04T21:23:56.3275680Z       "homework": 30,
2026-10-04T21:23:56.3276382Z       "sha256": "01ec965d7f18d41c5c91c053f93544b24c971303ed8b4ca6afd2ad2c03d48ff8"
2026-10-04T21:23:56.3277159Z     },
2026-10-04T21:23:56.3277495Z     {
2026-10-04T21:23:56.3277936Z       "id": "hsk2-fltrp-2026:l12",
2026-10-04T21:23:56.3278392Z       "level": 2,
2026-10-04T21:23:56.3278754Z       "number": 12,
2026-10-04T21:23:56.3279095Z       "title": {
2026-10-04T21:23:56.3279605Z         "zh": "这里比北京冷多了",
2026-10-04T21:23:56.3280215Z         "vi": "Ở đây lạnh hơn Bắc Kinh nhiều",
2026-10-04T21:23:56.3280922Z         "py": "Zhèlǐ bǐ Běijīng lěngduō le"
2026-10-04T21:23:56.3281407Z       },
2026-10-04T21:23:56.3299896Z       "words": 11,
2026-10-04T21:23:56.3300249Z       "texts": 4,
2026-10-04T21:23:56.3300573Z       "grammar": 3,
2026-10-04T21:23:56.3300917Z       "homework": 30,
2026-10-04T21:23:56.3301575Z       "sha256": "c64d2e1bc3dac399f1737338e70474d8ea8559c2aa65207290a515804a97e702"
2026-10-04T21:23:56.3302617Z     },
2026-10-04T21:23:56.3302902Z     {
2026-10-04T21:23:56.3303266Z       "id": "hsk2-fltrp-2026:l13",
2026-10-04T21:23:56.3303897Z       "level": 2,
2026-10-04T21:23:56.3304225Z       "number": 13,
2026-10-04T21:23:56.3304533Z       "title": {
2026-10-04T21:23:56.3305011Z         "zh": "我们爱上中文课",
2026-10-04T21:23:56.3305565Z         "vi": "Chúng tôi thích học tiết tiếng Trung",
2026-10-04T21:23:56.3306209Z         "py": "Wǒmen ài shàng Zhōngwén kè"
2026-10-04T21:23:56.3306646Z       },
2026-10-04T21:23:56.3306963Z       "words": 13,
2026-10-04T21:23:56.3307312Z       "texts": 4,
2026-10-04T21:23:56.3307659Z       "grammar": 3,
2026-10-04T21:23:56.3308017Z       "homework": 30,
2026-10-04T21:23:56.3308718Z       "sha256": "06d5d9e3f096ffe189f8d8214ba5582db9912e776e9ce3cee55d4fbd928057e1"
2026-10-04T21:23:56.3309351Z     },
2026-10-04T21:23:56.3309630Z     {
2026-10-04T21:23:56.3309975Z       "id": "hsk2-fltrp-2026:l14",
2026-10-04T21:23:56.3310392Z       "level": 2,
2026-10-04T21:23:56.3310702Z       "number": 14,
2026-10-04T21:23:56.3311027Z       "title": {
2026-10-04T21:23:56.3311450Z         "zh": "一个人过年多没意思啊",
2026-10-04T21:23:56.3311965Z         "vi": "Ăn Tết một mình buồn biết bao",
2026-10-04T21:23:56.3312609Z         "py": "Yí gè rén guònián duō méi yìsi a"
2026-10-04T21:23:56.3313090Z       },
2026-10-04T21:23:56.3313433Z       "words": 14,
2026-10-04T21:23:56.3314006Z       "texts": 4,
2026-10-04T21:23:56.3314348Z       "grammar": 3,
2026-10-04T21:23:56.3314693Z       "homework": 30,
2026-10-04T21:23:56.3315376Z       "sha256": "74d7a43cbed89ddf152a840d3c5bc06e8200c975fa1de5e9bf4223e227d52e0f"
2026-10-04T21:23:56.3316064Z     },
2026-10-04T21:23:56.3316356Z     {
2026-10-04T21:23:56.3316717Z       "id": "hsk2-fltrp-2026:l15",
2026-10-04T21:23:56.3317134Z       "level": 2,
2026-10-04T21:23:56.3317519Z       "number": 15,
2026-10-04T21:23:56.3317842Z       "title": {
2026-10-04T21:23:56.3318346Z         "zh": "我想再去一次中国",
2026-10-04T21:23:56.3318969Z         "vi": "Tôi muốn đến Trung Quốc thêm một lần nữa",
2026-10-04T21:23:56.3319506Z         "py": "Wǒ xiǎng zài qù yí cì Zhōngguó"
2026-10-04T21:23:56.3319794Z       },
2026-10-04T21:23:56.3319992Z       "words": 12,
2026-10-04T21:23:56.3320199Z       "texts": 4,
2026-10-04T21:23:56.3320402Z       "grammar": 3,
2026-10-04T21:23:56.3321108Z       "homework": 30,
2026-10-04T21:23:56.3321755Z       "sha256": "299a8d8cf8f90e721d8a8c8b0ca24d7c33d759949166cab1edd2eeddf00ae907"
2026-10-04T21:23:56.3322387Z     },
2026-10-04T21:23:56.3322676Z     {
2026-10-04T21:23:56.3323022Z       "id": "hsk3-fltrp-2026:l01",
2026-10-04T21:23:56.3323457Z       "level": 3,
2026-10-04T21:23:56.3324092Z       "number": 1,
2026-10-04T21:23:56.3324435Z       "title": {
2026-10-04T21:23:56.3324897Z         "zh": "我们去机场接你们",
2026-10-04T21:23:56.3325514Z         "vi": "Chúng tôi sẽ ra sân bay đón các bạn",
2026-10-04T21:23:56.3326203Z         "py": "Wǒmen qù jīchǎng jiē nǐmen"
2026-10-04T21:23:56.3326723Z       },
2026-10-04T21:23:56.3327079Z       "words": 27,
2026-10-04T21:23:56.3327436Z       "texts": 4,
2026-10-04T21:23:56.3327798Z       "grammar": 3,
2026-10-04T21:23:56.3328163Z       "homework": 30,
2026-10-04T21:23:56.3328845Z       "sha256": "764630f97d7ce5a229448ae32199215a61ed395dee69b480b2929538857171c1"
2026-10-04T21:23:56.3329527Z     },
2026-10-04T21:23:56.3329865Z     {
2026-10-04T21:23:56.3330263Z       "id": "hsk3-fltrp-2026:l02",
2026-10-04T21:23:56.3330716Z       "level": 3,
2026-10-04T21:23:56.3331092Z       "number": 2,
2026-10-04T21:23:56.3331454Z       "title": {
2026-10-04T21:23:56.3331951Z         "zh": "你们想吃什么就点什么",
2026-10-04T21:23:56.3332627Z         "vi": "Các bạn muốn ăn gì thì gọi món đó",
2026-10-04T21:23:56.3333412Z         "py": "Nǐmen xiǎng chī shénme jiù diǎn shénme"
2026-10-04T21:23:56.3334307Z       },
2026-10-04T21:23:56.3334649Z       "words": 30,
2026-10-04T21:23:56.3335034Z       "texts": 4,
2026-10-04T21:23:56.3335411Z       "grammar": 3,
2026-10-04T21:23:56.3336172Z       "homework": 30,
2026-10-04T21:23:56.3336893Z       "sha256": "8557474924e3536b9487f514008b0c8f5b9ac65079d95c3db1b19d3d5e6705b1"
2026-10-04T21:23:56.3337622Z     },
2026-10-04T21:23:56.3337960Z     {
2026-10-04T21:23:56.3338360Z       "id": "hsk3-fltrp-2026:l03",
2026-10-04T21:23:56.3338823Z       "level": 3,
2026-10-04T21:23:56.3339205Z       "number": 3,
2026-10-04T21:23:56.3339595Z       "title": {
2026-10-04T21:23:56.3340082Z         "zh": "这个小区挺好的",
2026-10-04T21:23:56.3340667Z         "vi": "Khu dân cư này khá tốt",
2026-10-04T21:23:56.3341267Z         "py": "Zhè ge xiǎoqū tǐng hǎo de"
2026-10-04T21:23:56.3341688Z       },
2026-10-04T21:23:56.3341992Z       "words": 27,
2026-10-04T21:23:56.3342336Z       "texts": 4,
2026-10-04T21:23:56.3342684Z       "grammar": 3,
2026-10-04T21:23:56.3343064Z       "homework": 30,
2026-10-04T21:23:56.3344040Z       "sha256": "1dda336fa54416b00a222f692ed2429c868950517a68bd0664f84f9d1f98f5e6"
2026-10-04T21:23:56.3344777Z     },
2026-10-04T21:23:56.3345145Z     {
2026-10-04T21:23:56.3345570Z       "id": "hsk3-fltrp-2026:l04",
2026-10-04T21:23:56.3346037Z       "level": 3,
2026-10-04T21:23:56.3346423Z       "number": 4,
2026-10-04T21:23:56.3346806Z       "title": {
2026-10-04T21:23:56.3347331Z         "zh": "这家宾馆跟别的都不一样",
2026-10-04T21:23:56.3348032Z         "vi": "Khách sạn này khác hẳn những nơi khác",
2026-10-04T21:23:56.3348878Z         "py": "Zhè jiā bīnguǎn gēn biéde dōu bù yíyàng"
2026-10-04T21:23:56.3349424Z       },
2026-10-04T21:23:56.3349759Z       "words": 28,
2026-10-04T21:23:56.3350094Z       "texts": 4,
2026-10-04T21:23:56.3350417Z       "grammar": 3,
2026-10-04T21:23:56.3350744Z       "homework": 30,
2026-10-04T21:23:56.3351382Z       "sha256": "dd1dc183be33fdec24c5b614c648ab64828333728dd6857a43e82fa7b92baf30"
2026-10-04T21:23:56.3352017Z     },
2026-10-04T21:23:56.3352327Z     {
2026-10-04T21:23:56.3352789Z       "id": "hsk3-fltrp-2026:l05",
2026-10-04T21:23:56.3353249Z       "level": 3,
2026-10-04T21:23:56.3353839Z       "number": 5,
2026-10-04T21:23:56.3354272Z       "title": {
2026-10-04T21:23:56.3354611Z         "zh": "这样的照片才好看",
2026-10-04T21:23:56.3354948Z         "vi": "Ảnh như thế này mới đẹp",
2026-10-04T21:23:56.3355374Z         "py": "Zhèyàng de zhàopiàn cái hǎokàn"
2026-10-04T21:23:56.3355685Z       },
2026-10-04T21:23:56.3355883Z       "words": 28,
2026-10-04T21:23:56.3356145Z       "texts": 4,
2026-10-04T21:23:56.3356676Z       "grammar": 4,
2026-10-04T21:23:56.3357136Z       "homework": 30,
2026-10-04T21:23:56.3357971Z       "sha256": "1330ba4fe33c7389921cc68a5b82fee147b9f4022911207e4b06be73235042d4"
2026-10-04T21:23:56.3358723Z     },
2026-10-04T21:23:56.3359015Z     {
2026-10-04T21:23:56.3359377Z       "id": "hsk3-fltrp-2026:l06",
2026-10-04T21:23:56.3359771Z       "level": 3,
2026-10-04T21:23:56.3360082Z       "number": 6,
2026-10-04T21:23:56.3360383Z       "title": {
2026-10-04T21:23:56.3360827Z         "zh": "高铁上还可以点外卖",
2026-10-04T21:23:56.3361471Z         "vi": "Trên tàu cao tốc còn có thể gọi đồ ăn giao tận nơi",
2026-10-04T21:23:56.3362199Z         "py": "Gāotiě shàng hái kěyǐ diǎn wàimài"
2026-10-04T21:23:56.3362684Z       },
2026-10-04T21:23:56.3362984Z       "words": 31,
2026-10-04T21:23:56.3363275Z       "texts": 4,
2026-10-04T21:23:56.3363782Z       "grammar": 3,
2026-10-04T21:23:56.3364131Z       "homework": 30,
2026-10-04T21:23:56.3364802Z       "sha256": "335f48814ea644fd9f635279975cc74962b54a3b20263e7cb99ebf3e6a0a7346"
2026-10-04T21:23:56.3365455Z     },
2026-10-04T21:23:56.3365743Z     {
2026-10-04T21:23:56.3366097Z       "id": "hsk3-fltrp-2026:l07",
2026-10-04T21:23:56.3366516Z       "level": 3,
2026-10-04T21:23:56.3366815Z       "number": 7,
2026-10-04T21:23:56.3367138Z       "title": {
2026-10-04T21:23:56.3367580Z         "zh": "那条裙子比短裤更好看",
2026-10-04T21:23:56.3368118Z         "vi": "Chiếc váy kia đẹp hơn quần soóc",
2026-10-04T21:23:56.3368731Z         "py": "Nà tiáo qúnzi bǐ duǎnkù gèng hǎokàn"
2026-10-04T21:23:56.3369159Z       },
2026-10-04T21:23:56.3369447Z       "words": 30,
2026-10-04T21:23:56.3370066Z       "texts": 4,
2026-10-04T21:23:56.3370417Z       "grammar": 4,
2026-10-04T21:23:56.3370759Z       "homework": 30,
2026-10-04T21:23:56.3371463Z       "sha256": "2fb4bac59590ec1121814ea7fbac4f5e8fb0923c2113f630dfcb0c822a1288c9"
2026-10-04T21:23:56.3372165Z     },
2026-10-04T21:23:56.3372467Z     {
2026-10-04T21:23:56.3372849Z       "id": "hsk3-fltrp-2026:l08",
2026-10-04T21:23:56.3373278Z       "level": 3,
2026-10-04T21:23:56.3373878Z       "number": 8,
2026-10-04T21:23:56.3374176Z       "title": {
2026-10-04T21:23:56.3374455Z         "zh": "今天我出院了",
2026-10-04T21:23:56.3374778Z         "vi": "Hôm nay tôi xuất viện",
2026-10-04T21:23:56.3375122Z         "py": "Jīntiān wǒ chūyuàn le"
2026-10-04T21:23:56.3375380Z       },
2026-10-04T21:23:56.3375567Z       "words": 31,
2026-10-04T21:23:56.3375766Z       "texts": 4,
2026-10-04T21:23:56.3375970Z       "grammar": 4,
2026-10-04T21:23:56.3376179Z       "homework": 30,
2026-10-04T21:23:56.3376590Z       "sha256": "060fe8ae8ac154b8b6cb9a64c9153b64d13b8d0e28b9a949b66651d00f3d0c24"
2026-10-04T21:23:56.3377061Z     },
2026-10-04T21:23:56.3377238Z     {
2026-10-04T21:23:56.3377458Z       "id": "hsk3-fltrp-2026:l09",
2026-10-04T21:23:56.3377716Z       "level": 3,
2026-10-04T21:23:56.3377915Z       "number": 9,
2026-10-04T21:23:56.3378114Z       "title": {
2026-10-04T21:23:56.3378367Z         "zh": "打不好没关系",
2026-10-04T21:23:56.3378872Z         "vi": "Chơi chưa tốt cũng không sao",
2026-10-04T21:23:56.3379246Z         "py": "Dǎ bu hǎo méi guānxi"
2026-10-04T21:23:56.3379503Z       },
2026-10-04T21:23:56.3379690Z       "words": 33,
2026-10-04T21:23:56.3379892Z       "texts": 4,
2026-10-04T21:23:56.3380097Z       "grammar": 3,
2026-10-04T21:23:56.3380304Z       "homework": 30,
2026-10-04T21:23:56.3380703Z       "sha256": "fecde40f8913de909cccf29f357ba27fa2dc9a92b0b6fe21e8f31348a764c937"
2026-10-04T21:23:56.3381114Z     },
2026-10-04T21:23:56.3381292Z     {
2026-10-04T21:23:56.3381509Z       "id": "hsk3-fltrp-2026:l10",
2026-10-04T21:23:56.3381760Z       "level": 3,
2026-10-04T21:23:56.3381979Z       "number": 10,
2026-10-04T21:23:56.3382182Z       "title": {
2026-10-04T21:23:56.3382443Z         "zh": "你明天再把书还给我",
2026-10-04T21:23:56.3382781Z         "vi": "Ngày mai bạn hãy trả sách cho tôi",
2026-10-04T21:23:56.3383205Z         "py": "Nǐ míngtiān zài bǎ shū huán gěi wǒ"
2026-10-04T21:23:56.3383498Z       },
2026-10-04T21:23:56.3384055Z       "words": 33,
2026-10-04T21:23:56.3384289Z       "texts": 4,
2026-10-04T21:23:56.3384493Z       "grammar": 3,
2026-10-04T21:23:56.3384707Z       "homework": 30,
2026-10-04T21:23:56.3385103Z       "sha256": "b7f106e2ece82f87921a16bf87b4dac345f9d5366c75fee0394da1b7597de828"
2026-10-04T21:23:56.3385501Z     },
2026-10-04T21:23:56.3385683Z     {
2026-10-04T21:23:56.3385904Z       "id": "hsk3-fltrp-2026:l11",
2026-10-04T21:23:56.3386159Z       "level": 3,
2026-10-04T21:23:56.3386371Z       "number": 11,
2026-10-04T21:23:56.3386569Z       "title": {
2026-10-04T21:23:56.3386873Z         "zh": "看来我没办法解决这个问题",
2026-10-04T21:23:56.3387283Z         "vi": "Xem ra tôi không có cách giải quyết vấn đề này",
2026-10-04T21:23:56.3387740Z         "py": "Kànlái wǒ méi bànfǎ jiějué zhège wèntí"
2026-10-04T21:23:56.3388028Z       },
2026-10-04T21:23:56.3388220Z       "words": 29,
2026-10-04T21:23:56.3388421Z       "texts": 4,
2026-10-04T21:23:56.3388620Z       "grammar": 4,
2026-10-04T21:23:56.3388824Z       "homework": 30,
2026-10-04T21:23:56.3389225Z       "sha256": "e54b04f5fba66b2201d4ab9b963c7f8cf977fe3a52e0347e13186e9eb24ce4e2"
2026-10-04T21:23:56.3389618Z     },
2026-10-04T21:23:56.3389800Z     {
2026-10-04T21:23:56.3390016Z       "id": "hsk3-fltrp-2026:l12",
2026-10-04T21:23:56.3390270Z       "level": 3,
2026-10-04T21:23:56.3390470Z       "number": 12,
2026-10-04T21:23:56.3390669Z       "title": {
2026-10-04T21:23:56.3390923Z         "zh": "这个季节天气变化很快",
2026-10-04T21:23:56.3391280Z         "vi": "Mùa này thời tiết thay đổi rất nhanh",
2026-10-04T21:23:56.3391683Z         "py": "Zhège jìjié tiānqì biànhuà hěn kuài"
2026-10-04T21:23:56.3391970Z       },
2026-10-04T21:23:56.3392382Z       "words": 28,
2026-10-04T21:23:56.3392582Z       "texts": 4,
2026-10-04T21:23:56.3392780Z       "grammar": 4,
2026-10-04T21:23:56.3392992Z       "homework": 30,
2026-10-04T21:23:56.3393369Z       "sha256": "deb3939089488474d986529d9b4c46615c3264d614cd246041d62d98cdee3b4d"
2026-10-04T21:23:56.3394072Z     },
2026-10-04T21:23:56.3394257Z     {
2026-10-04T21:23:56.3394491Z       "id": "hsk3-fltrp-2026:l13",
2026-10-04T21:23:56.3394743Z       "level": 3,
2026-10-04T21:23:56.3394952Z       "number": 13,
2026-10-04T21:23:56.3395153Z       "title": {
2026-10-04T21:23:56.3395431Z         "zh": "我的新邻居来自英国",
2026-10-04T21:23:56.3395768Z         "vi": "Hàng xóm mới của tôi đến từ Anh",
2026-10-04T21:23:56.3396159Z         "py": "Wǒ de xīn línjū láizì Yīngguó"
2026-10-04T21:23:56.3396487Z       },
2026-10-04T21:23:56.3396682Z       "words": 28,
2026-10-04T21:23:56.3396885Z       "texts": 4,
2026-10-04T21:23:56.3397084Z       "grammar": 3,
2026-10-04T21:23:56.3397291Z       "homework": 30,
2026-10-04T21:23:56.3397710Z       "sha256": "440776721226463550a6e0b45fd42dd178bd3fe57a62d9c643923d8d132c61cc"
2026-10-04T21:23:56.3398098Z     },
2026-10-04T21:23:56.3398278Z     {
2026-10-04T21:23:56.3398502Z       "id": "hsk3-fltrp-2026:l14",
2026-10-04T21:23:56.3398762Z       "level": 3,
2026-10-04T21:23:56.3398967Z       "number": 14,
2026-10-04T21:23:56.3399168Z       "title": {
2026-10-04T21:23:56.3399615Z         "zh": "这本书被别人借走了",
2026-10-04T21:23:56.3400006Z         "vi": "Cuốn sách này đã được người khác mượn rồi",
2026-10-04T21:23:56.3400418Z         "py": "Zhè běn shū bèi biérén jiè zǒu le"
2026-10-04T21:23:56.3400697Z       },
2026-10-04T21:23:56.3400879Z       "words": 28,
2026-10-04T21:23:56.3401077Z       "texts": 4,
2026-10-04T21:23:56.3401274Z       "grammar": 3,
2026-10-04T21:23:56.3401479Z       "homework": 30,
2026-10-04T21:23:56.3401879Z       "sha256": "4243e1cafafd148020c1ffbf22cca4c9c9a2f1b2a361fdf778c26c95f678012a"
2026-10-04T21:23:56.3402277Z     },
2026-10-04T21:23:56.3402451Z     {
2026-10-04T21:23:56.3402681Z       "id": "hsk3-fltrp-2026:l15",
2026-10-04T21:23:56.3402935Z       "level": 3,
2026-10-04T21:23:56.3403134Z       "number": 15,
2026-10-04T21:23:56.3403343Z       "title": {
2026-10-04T21:23:56.3403886Z         "zh": "我是半个南京人",
2026-10-04T21:23:56.3404393Z         "vi": "Tôi có thể coi là nửa người Nam Kinh",
2026-10-04T21:23:56.3404801Z         "py": "Wǒ shì bàn ge Nánjīngrén"
2026-10-04T21:23:56.3405077Z       },
2026-10-04T21:23:56.3405262Z       "words": 28,
2026-10-04T21:23:56.3405472Z       "texts": 4,
2026-10-04T21:23:56.3405676Z       "grammar": 4,
2026-10-04T21:23:56.3405881Z       "homework": 30,
2026-10-04T21:23:56.3406270Z       "sha256": "72fe01c3ec5cb1153815f78cc24962d5323f2f0d44d49197f4ad79160f388836"
2026-10-04T21:23:56.3406662Z     },
2026-10-04T21:23:56.3406840Z     {
2026-10-04T21:23:56.3407063Z       "id": "hsk3-fltrp-2026:l16",
2026-10-04T21:23:56.3407315Z       "level": 3,
2026-10-04T21:23:56.3407515Z       "number": 16,
2026-10-04T21:23:56.3407717Z       "title": {
2026-10-04T21:23:56.3407986Z         "zh": "我听说有的熊猫出国了",
2026-10-04T21:23:56.3408357Z         "vi": "Tôi nghe nói có gấu trúc đã ra nước ngoài",
2026-10-04T21:23:56.3408790Z         "py": "Wǒ tīngshuō yǒude xióngmāo chū guó le"
2026-10-04T21:23:56.3409078Z       },
2026-10-04T21:23:56.3409261Z       "words": 26,
2026-10-04T21:23:56.3409460Z       "texts": 4,
2026-10-04T21:23:56.3409670Z       "grammar": 4,
2026-10-04T21:23:56.3409877Z       "homework": 30,
2026-10-04T21:23:56.3410265Z       "sha256": "06357423b8ea5eba948b8b7deb495d23779efa3cc8467f9c43554eb3f6769139"
2026-10-04T21:23:56.3410656Z     },
2026-10-04T21:23:56.3410838Z     {
2026-10-04T21:23:56.3411055Z       "id": "hsk3-fltrp-2026:l17",
2026-10-04T21:23:56.3411322Z       "level": 3,
2026-10-04T21:23:56.3411527Z       "number": 17,
2026-10-04T21:23:56.3411729Z       "title": {
2026-10-04T21:23:56.3411985Z         "zh": "我要多向认真的人学习",
2026-10-04T21:23:56.3412399Z         "vi": "Tôi phải học hỏi nhiều hơn từ những người cẩn thận",
2026-10-04T21:23:56.3413095Z         "py": "Wǒ yào duō xiàng rènzhēn de rén xuéxí"
2026-10-04T21:23:56.3413385Z       },
2026-10-04T21:23:56.3413922Z       "words": 28,
2026-10-04T21:23:56.3414170Z       "texts": 4,
2026-10-04T21:23:56.3414381Z       "grammar": 4,
2026-10-04T21:23:56.3414597Z       "homework": 30,
2026-10-04T21:23:56.3415005Z       "sha256": "244aa2c25d66d7168b4dff8c5431e200fed68d6c2d54af530e0781c7772bfe2a"
2026-10-04T21:23:56.3415403Z     },
2026-10-04T21:23:56.3415582Z     {
2026-10-04T21:23:56.3415798Z       "id": "hsk3-fltrp-2026:l18",
2026-10-04T21:23:56.3416063Z       "level": 3,
2026-10-04T21:23:56.3416291Z       "number": 18,
2026-10-04T21:23:56.3416494Z       "title": {
2026-10-04T21:23:56.3416773Z         "zh": "我学会了包饺子",
2026-10-04T21:23:56.3417109Z         "vi": "Tôi đã học được cách gói sủi cảo",
2026-10-04T21:23:56.3417480Z         "py": "Wǒ xuéhuì le bāo jiǎozi"
2026-10-04T21:23:56.3417741Z       },
2026-10-04T21:23:56.3417935Z       "words": 30,
2026-10-04T21:23:56.3418137Z       "texts": 4,
2026-10-04T21:23:56.3418350Z       "grammar": 4,
2026-10-04T21:23:56.3418556Z       "homework": 30,
2026-10-04T21:23:56.3418948Z       "sha256": "939dcb25ee7cdd124e062a2810fea523a9193395fd56fa940d8c111a554c0f53"
2026-10-04T21:23:56.3419350Z     }
2026-10-04T21:23:56.3419542Z   ],
2026-10-04T21:23:56.3419733Z   "lexicons": [
2026-10-04T21:23:56.3419932Z     {
2026-10-04T21:23:56.3420539Z       "courseId": "hsk2-fltrp-2026",
2026-10-04T21:23:56.3420820Z       "counts": {
2026-10-04T21:23:56.3421037Z         "sourceRecords": 226,
2026-10-04T21:23:56.3421283Z         "senses": 226,
2026-10-04T21:23:56.3421520Z         "chineseForms": 209,
2026-10-04T21:23:56.3421767Z         "verifiedMerges": 0
2026-10-04T21:23:56.3421997Z       },
2026-10-04T21:23:56.3422374Z       "sha256": "ef5bfd9d4b03fd83e0eb735afca091ff3daa09dd1c5439f1e4453d118bef014c"
2026-10-04T21:23:56.3422783Z     },
2026-10-04T21:23:56.3422963Z     {
2026-10-04T21:23:56.3423196Z       "courseId": "hsk3-fltrp-2026",
2026-10-04T21:23:56.3423471Z       "counts": {
2026-10-04T21:23:56.3424013Z         "sourceRecords": 523,
2026-10-04T21:23:56.3424263Z         "senses": 523,
2026-10-04T21:23:56.3424490Z         "chineseForms": 487,
2026-10-04T21:23:56.3424740Z         "verifiedMerges": 0
2026-10-04T21:23:56.3424973Z       },
2026-10-04T21:23:56.3425355Z       "sha256": "a3c72056adcde40201c46d5dd04aee5d0a633508b90acb09ec4d4dadd14eeef3"
2026-10-04T21:23:56.3425754Z     }
2026-10-04T21:23:56.3425929Z   ],
2026-10-04T21:23:56.3426110Z   "issues": []
2026-10-04T21:23:56.3426311Z }
2026-10-04T21:23:56.4407380Z 
2026-10-04T21:23:56.4408298Z > hsk-shared-course-app@1.0.0 check
2026-10-04T21:23:56.4408976Z > tsc --noEmit
2026-10-04T21:23:56.4409228Z 
2026-10-04T21:23:57.3799115Z [36mvite v8.3.2 [32mbuilding client environment for production...[36m[39m
2026-10-04T21:23:57.3926821Z transforming...
2026-10-04T21:23:57.7213243Z ✓ 213 modules transformed.
2026-10-04T21:23:58.2336937Z rendering chunks...
2026-10-04T21:23:58.5405449Z computing gzip size...
2026-10-04T21:23:58.5828704Z .repro-output/b10-hsk23-adapter/dist/index.html                                                   0.45 kB │ gzip:   0.33 kB
2026-10-04T21:23:58.5830878Z .repro-output/b10-hsk23-adapter/dist/assets/course-index-BKGnz4SX.json                            4.87 kB │ gzip:   1.18 kB
2026-10-04T21:23:58.5833081Z .repro-output/b10-hsk23-adapter/dist/assets/textbook-display-revisions-DWScioD2.json             26.13 kB │ gzip:   4.78 kB
2026-10-04T21:23:58.5835369Z .repro-output/b10-hsk23-adapter/dist/content-manifest.json                                       53.70 kB │ gzip:  14.31 kB
2026-10-04T21:23:58.5837249Z .repro-output/b10-hsk23-adapter/dist/assets/stage2-bank-DOB9KrMv.json                           269.65 kB │ gzip:  47.51 kB
2026-10-04T21:23:58.5839185Z .repro-output/b10-hsk23-adapter/dist/assets/media-references-DD5E_5K_.json                      287.06 kB │ gzip:  57.51 kB
2026-10-04T21:23:58.5841116Z .repro-output/b10-hsk23-adapter/dist/assets/stage3-catalog-CH6Cx7h7.json                        384.02 kB │ gzip:  67.91 kB
2026-10-04T21:23:58.5843344Z .repro-output/b10-hsk23-adapter/dist/assets/textbook-ksDEYuz_.json                              741.67 kB │ gzip:  91.65 kB
2026-10-04T21:23:58.5845565Z .repro-output/b10-hsk23-adapter/dist/assets/progress-DgeKDxiU.css                                 1.57 kB │ gzip:   0.62 kB
2026-10-04T21:23:58.5847448Z .repro-output/b10-hsk23-adapter/dist/assets/archive-BMfTkVw2.css                                  1.93 kB │ gzip:   0.74 kB
2026-10-04T21:23:58.5849227Z .repro-output/b10-hsk23-adapter/dist/assets/hanzi-D0sNO2-t.css                                    2.24 kB │ gzip:   0.79 kB
2026-10-04T21:23:58.5851014Z .repro-output/b10-hsk23-adapter/dist/assets/data-panel-BgEWndCN.css                               3.56 kB │ gzip:   1.10 kB
2026-10-04T21:23:58.5852927Z .repro-output/b10-hsk23-adapter/dist/assets/source-activities-Cz6XgW02.css                        4.93 kB │ gzip:   1.37 kB
2026-10-04T21:23:58.5855127Z .repro-output/b10-hsk23-adapter/dist/assets/listening-DTyrhIy_.css                                5.80 kB │ gzip:   1.60 kB
2026-10-04T21:23:58.5857078Z .repro-output/b10-hsk23-adapter/dist/assets/view-BYaiqWuX.css                                     6.25 kB │ gzip:   1.79 kB
2026-10-04T21:23:58.5858976Z .repro-output/b10-hsk23-adapter/dist/assets/homework-8E-U9jBU.css                                 8.11 kB │ gzip:   2.06 kB
2026-10-04T21:23:58.5861211Z .repro-output/b10-hsk23-adapter/dist/assets/textbook-BGHTCm5n.css                                 9.57 kB │ gzip:   2.64 kB
2026-10-04T21:23:58.5863280Z .repro-output/b10-hsk23-adapter/dist/assets/index-CqoucPNO.css                                   34.61 kB │ gzip:   7.74 kB
2026-10-04T21:23:58.5865481Z .repro-output/b10-hsk23-adapter/dist/assets/official-vi-registry-Bgu-m4P4.js                      0.07 kB │ gzip:   0.09 kB
2026-10-04T21:23:58.5867306Z .repro-output/b10-hsk23-adapter/dist/assets/textbook-BNPI77hK.js                                  0.08 kB │ gzip:   0.10 kB
2026-10-04T21:23:58.5869220Z .repro-output/b10-hsk23-adapter/dist/assets/review-CPp3vOuA.js                                    0.08 kB │ gzip:   0.09 kB
2026-10-04T21:23:58.5870929Z .repro-output/b10-hsk23-adapter/dist/assets/stage3-catalog-BDgGKH7A.js                            0.08 kB │ gzip:   0.10 kB
2026-10-04T21:23:58.5872666Z .repro-output/b10-hsk23-adapter/dist/assets/media-references-DyNdsQyY.js                          0.09 kB │ gzip:   0.10 kB
2026-10-04T21:23:58.5874735Z .repro-output/b10-hsk23-adapter/dist/assets/vocabulary-D9l_DbYk.js                                0.09 kB │ gzip:   0.10 kB
2026-10-04T21:23:58.5876630Z .repro-output/b10-hsk23-adapter/dist/assets/textbook-display-revisions-CGs5GDJK.js                0.10 kB │ gzip:   0.11 kB
2026-10-04T21:23:58.5878518Z .repro-output/b10-hsk23-adapter/dist/assets/rolldown-runtime-DK3Fl9T5.js                          0.15 kB │ gzip:   0.15 kB
2026-10-04T21:23:58.5880203Z .repro-output/b10-hsk23-adapter/dist/assets/asset-base-DAkFL0yR.js                                0.16 kB │ gzip:   0.15 kB
2026-10-04T21:23:58.5882171Z .repro-output/b10-hsk23-adapter/dist/assets/ui-Ycjojolj.js                                        0.38 kB │ gzip:   0.27 kB
2026-10-04T21:23:58.5883913Z .repro-output/b10-hsk23-adapter/dist/assets/dom-DTOYh6FN.js                                       0.51 kB │ gzip:   0.35 kB
2026-10-04T21:23:58.5885520Z .repro-output/b10-hsk23-adapter/dist/assets/bilingual-YzyU8AOp.js                                 0.55 kB │ gzip:   0.29 kB
2026-10-04T21:23:58.5887143Z .repro-output/b10-hsk23-adapter/dist/assets/content-DhJTyjFh.js                                   1.03 kB │ gzip:   0.59 kB
2026-10-04T21:23:58.5888845Z .repro-output/b10-hsk23-adapter/dist/assets/textbook-restored-targets-BYEde6lT.js                 1.56 kB │ gzip:   0.31 kB
2026-10-04T21:23:58.5890523Z .repro-output/b10-hsk23-adapter/dist/assets/homework-C7rR7QKa.js                                  1.81 kB │ gzip:   1.01 kB
2026-10-04T21:23:58.5892158Z .repro-output/b10-hsk23-adapter/dist/assets/session-CVdP0my6.js                                   2.32 kB │ gzip:   1.18 kB
2026-10-04T21:23:58.5894199Z .repro-output/b10-hsk23-adapter/dist/assets/mixed-state-7Oiw2hir.js                               3.10 kB │ gzip:   1.40 kB
2026-10-04T21:23:58.5896112Z .repro-output/b10-hsk23-adapter/dist/assets/progress-BXGvc9g1.js                                  3.25 kB │ gzip:   1.53 kB
2026-10-04T21:23:58.5897999Z .repro-output/b10-hsk23-adapter/dist/assets/home-v7-Dh6uq.js                                      4.32 kB │ gzip:   2.02 kB
2026-10-04T21:23:58.5899842Z .repro-output/b10-hsk23-adapter/dist/assets/catalogue-C_U9rwbD.js                                 4.81 kB │ gzip:   2.04 kB
2026-10-04T21:23:58.5901762Z .repro-output/b10-hsk23-adapter/dist/assets/course-index-C5j4sptp.js                              4.90 kB │ gzip:   1.21 kB
2026-10-04T21:23:58.5904029Z .repro-output/b10-hsk23-adapter/dist/assets/audio-segments-hsk2-reviewed-sentences-bwYi0Zbf.js    5.11 kB │ gzip:   1.96 kB
2026-10-04T21:23:58.5906044Z .repro-output/b10-hsk23-adapter/dist/assets/engine-CBi3sj57.js                                    5.90 kB │ gzip:   2.45 kB
2026-10-04T21:23:58.5907917Z .repro-output/b10-hsk23-adapter/dist/assets/listening-Cmo2fjY4.js                                 6.03 kB │ gzip:   2.57 kB
2026-10-04T21:23:58.5910074Z .repro-output/b10-hsk23-adapter/dist/assets/pair-panel-5Cq5eM3_.js                                8.41 kB │ gzip:   3.71 kB
2026-10-04T21:23:58.5911963Z .repro-output/b10-hsk23-adapter/dist/assets/store-B7RoYmyQ.js                                     8.98 kB │ gzip:   3.49 kB
2026-10-04T21:23:58.5914013Z .repro-output/b10-hsk23-adapter/dist/assets/data-panel-DrPR8-24.js                                9.01 kB │ gzip:   3.69 kB
2026-10-04T21:23:58.5915855Z .repro-output/b10-hsk23-adapter/dist/assets/backup-view-CWyynbNT.js                               9.02 kB │ gzip:   3.91 kB
2026-10-04T21:23:58.5917812Z .repro-output/b10-hsk23-adapter/dist/assets/vi-presentation-state-BY8rTZSh.js                     9.76 kB │ gzip:   3.50 kB
2026-10-04T21:23:58.5919797Z .repro-output/b10-hsk23-adapter/dist/assets/course-index-CFabwrzu.js                             10.55 kB │ gzip:   2.92 kB
2026-10-04T21:23:58.5921837Z .repro-output/b10-hsk23-adapter/dist/assets/browser-pair-DrWU6cRA.js                             10.81 kB │ gzip:   3.85 kB
2026-10-04T21:23:58.5923946Z .repro-output/b10-hsk23-adapter/dist/assets/engine-BAT6QHsN.js                                   16.10 kB │ gzip:   6.03 kB
2026-10-04T21:23:58.5925835Z .repro-output/b10-hsk23-adapter/dist/assets/listening-VTrtSSOE.js                                16.46 kB │ gzip:   6.07 kB
2026-10-04T21:23:58.5927783Z .repro-output/b10-hsk23-adapter/dist/assets/official-vi-revisions-rcPMbsa1.js                    18.00 kB │ gzip:   6.04 kB
2026-10-04T21:23:58.5929719Z .repro-output/b10-hsk23-adapter/dist/assets/copy-yY9kyqvF.js                                     18.33 kB │ gzip:   6.90 kB
2026-10-04T21:23:58.5931573Z .repro-output/b10-hsk23-adapter/dist/assets/listening-BXM9emsG.js                                19.05 kB │ gzip:   7.03 kB
2026-10-04T21:23:58.5933890Z .repro-output/b10-hsk23-adapter/dist/assets/archive-BKNR7YxA.js                                  21.22 kB │ gzip:   8.81 kB
2026-10-04T21:23:58.5935809Z .repro-output/b10-hsk23-adapter/dist/assets/textbook-CBO9XXmL.js                                 21.78 kB │ gzip:   8.69 kB
2026-10-04T21:23:58.5937691Z .repro-output/b10-hsk23-adapter/dist/assets/engine-DJNGzNN8.js                                   22.15 kB │ gzip:   7.49 kB
2026-10-04T21:23:58.5939527Z .repro-output/b10-hsk23-adapter/dist/assets/view-DuzNkBNi.js                                     24.25 kB │ gzip:   9.18 kB
2026-10-04T21:23:58.5941342Z .repro-output/b10-hsk23-adapter/dist/assets/progress-B_L0xZFS.js                                 24.58 kB │ gzip:   9.30 kB
2026-10-04T21:23:58.5943255Z .repro-output/b10-hsk23-adapter/dist/assets/textbook-display-revisions-CnZaZMsm.js               26.16 kB │ gzip:   4.81 kB
2026-10-04T21:23:58.5945363Z .repro-output/b10-hsk23-adapter/dist/assets/source-activities-AxfrbuzF.js                        32.56 kB │ gzip:   9.76 kB
2026-10-04T21:23:58.5947053Z .repro-output/b10-hsk23-adapter/dist/assets/textbook-Dvy-kwXN.js                                 33.88 kB │ gzip:  12.80 kB
2026-10-04T21:23:58.5948723Z .repro-output/b10-hsk23-adapter/dist/assets/homework-qvJ7Q7he.js                                 36.52 kB │ gzip:  11.05 kB
2026-10-04T21:23:58.5950659Z .repro-output/b10-hsk23-adapter/dist/assets/compatibility-Be5HYyjA.js                            36.80 kB │ gzip:  13.17 kB
2026-10-04T21:23:58.5952369Z .repro-output/b10-hsk23-adapter/dist/assets/hanzi-DdttLzKe.js                                    55.11 kB │ gzip:  18.43 kB
2026-10-04T21:23:58.5954463Z .repro-output/b10-hsk23-adapter/dist/assets/audio-segments-pilot-vPaBRnCF.js                    101.16 kB │ gzip:  11.25 kB
2026-10-04T21:23:58.5956164Z .repro-output/b10-hsk23-adapter/dist/assets/audio-segments-hsk2-lessons02-03-DhnzM86H.js        112.98 kB │ gzip:  13.28 kB
2026-10-04T21:23:58.5958032Z .repro-output/b10-hsk23-adapter/dist/assets/hsk2-lexicon-wUvhkUMW.js                            134.69 kB │ gzip:  11.62 kB
2026-10-04T21:23:58.5959811Z .repro-output/b10-hsk23-adapter/dist/assets/lesson-04-BtdyS7b3.js                               169.82 kB │ gzip:  24.29 kB
2026-10-04T21:23:58.5962035Z .repro-output/b10-hsk23-adapter/dist/assets/lesson-01-B6y49trV.js                               173.17 kB │ gzip:  26.11 kB
2026-10-04T21:23:58.5964205Z .repro-output/b10-hsk23-adapter/dist/assets/lesson-02-09Zu8o0d.js                               179.88 kB │ gzip:  26.43 kB
2026-10-04T21:23:58.5966087Z .repro-output/b10-hsk23-adapter/dist/assets/lesson-07-DrhdAyE7.js                               184.00 kB │ gzip:  24.13 kB
2026-10-04T21:23:58.5967945Z .repro-output/b10-hsk23-adapter/dist/assets/lesson-13-Di1u_uT9.js                               186.28 kB │ gzip:  28.11 kB
2026-10-04T21:23:58.5969784Z .repro-output/b10-hsk23-adapter/dist/assets/lesson-08-C-FQ2jVr.js                               187.54 kB │ gzip:  26.97 kB
2026-10-04T21:23:58.5971676Z .repro-output/b10-hsk23-adapter/dist/assets/lesson-10-CzsyRwT3.js                               187.77 kB │ gzip:  26.99 kB
2026-10-04T21:23:58.5973489Z .repro-output/b10-hsk23-adapter/dist/assets/lesson-03-EwlaEipJ.js                               188.34 kB │ gzip:  27.61 kB
2026-10-04T21:23:58.5975732Z .repro-output/b10-hsk23-adapter/dist/assets/lesson-14-DLzfaxX-.js                               191.43 kB │ gzip:  28.45 kB
2026-10-04T21:23:58.5977536Z .repro-output/b10-hsk23-adapter/dist/assets/lesson-11-JwG7bNPw.js                               192.99 kB │ gzip:  28.14 kB
2026-10-04T21:23:58.5979379Z .repro-output/b10-hsk23-adapter/dist/assets/lesson-05-DebTCdfE.js                               202.07 kB │ gzip:  29.16 kB
2026-10-04T21:23:58.5981274Z .repro-output/b10-hsk23-adapter/dist/assets/lesson-15-Dbn5g1yN.js                               204.37 kB │ gzip:  30.55 kB
2026-10-04T21:23:58.5983198Z .repro-output/b10-hsk23-adapter/dist/assets/lesson-12-CQf_4N30.js                               207.62 kB │ gzip:  30.09 kB
2026-10-04T21:23:58.5985729Z .repro-output/b10-hsk23-adapter/dist/assets/lesson-09-AP7lb0t0.js                               215.70 kB │ gzip:  31.16 kB
2026-10-04T21:23:58.5987724Z .repro-output/b10-hsk23-adapter/dist/assets/lesson-06-CMSvSq98.js                               217.60 kB │ gzip:  30.40 kB
2026-10-04T21:23:58.5989714Z .repro-output/b10-hsk23-adapter/dist/assets/lesson-01-D4ntTNNS.js                               228.18 kB │ gzip:  34.26 kB
2026-10-04T21:23:58.5991668Z .repro-output/b10-hsk23-adapter/dist/assets/lesson-16-DLAde_AX.js                               232.25 kB │ gzip:  35.64 kB
2026-10-04T21:23:58.5993832Z .repro-output/b10-hsk23-adapter/dist/assets/lesson-14-CfUUOHo4.js                               233.09 kB │ gzip:  33.96 kB
2026-10-04T21:23:58.5995817Z .repro-output/b10-hsk23-adapter/dist/assets/lesson-13-SGHkdqj8.js                               235.65 kB │ gzip:  34.96 kB
2026-10-04T21:23:58.5997779Z .repro-output/b10-hsk23-adapter/dist/assets/lesson-17-B7nDVG_1.js                               246.32 kB │ gzip:  36.10 kB
2026-10-04T21:23:58.5999770Z .repro-output/b10-hsk23-adapter/dist/assets/lesson-08-Bo-t8qts.js                               263.60 kB │ gzip:  38.12 kB
2026-10-04T21:23:58.6001676Z .repro-output/b10-hsk23-adapter/dist/assets/lesson-04-CQ8HqNvE.js                               264.99 kB │ gzip:  35.81 kB
2026-10-04T21:23:58.6003755Z .repro-output/b10-hsk23-adapter/dist/assets/lesson-11-DsggHZh3.js                               265.70 kB │ gzip:  37.36 kB
2026-10-04T21:23:58.6005091Z .repro-output/b10-hsk23-adapter/dist/assets/lesson-02-D17a6gXc.js                               265.75 kB │ gzip:  36.41 kB
2026-10-04T21:23:58.6006175Z .repro-output/b10-hsk23-adapter/dist/assets/lesson-10-C1CqfBx5.js                               268.46 kB │ gzip:  37.57 kB
2026-10-04T21:23:58.6007242Z .repro-output/b10-hsk23-adapter/dist/assets/stage2-bank-Bjx02knS.js                             269.68 kB │ gzip:  47.54 kB
2026-10-04T21:23:58.6008285Z .repro-output/b10-hsk23-adapter/dist/assets/lesson-12-CRiO_jtq.js                               280.06 kB │ gzip:  39.92 kB
2026-10-04T21:23:58.6009325Z .repro-output/b10-hsk23-adapter/dist/assets/lesson-15-BFO4WQRr.js                               282.49 kB │ gzip:  40.38 kB
2026-10-04T21:23:58.6010585Z .repro-output/b10-hsk23-adapter/dist/assets/lesson-09-B98faFOI.js                               283.21 kB │ gzip:  38.94 kB
2026-10-04T21:23:58.6011676Z .repro-output/b10-hsk23-adapter/dist/assets/lesson-05-BlBN05UY.js                               286.45 kB │ gzip:  37.99 kB
2026-10-04T21:23:58.6012708Z .repro-output/b10-hsk23-adapter/dist/assets/media-references-Bx99NyHN.js                        287.09 kB │ gzip:  57.55 kB
2026-10-04T21:23:58.6014088Z .repro-output/b10-hsk23-adapter/dist/assets/lesson-18-bT4fWwB0.js                               288.25 kB │ gzip:  41.33 kB
2026-10-04T21:23:58.6015142Z .repro-output/b10-hsk23-adapter/dist/assets/lesson-03-6BI1MIjF.js                               293.30 kB │ gzip:  39.56 kB
2026-10-04T21:23:58.6016211Z .repro-output/b10-hsk23-adapter/dist/assets/lesson-07-P-ybnya4.js                               299.98 kB │ gzip:  39.59 kB
2026-10-04T21:23:58.6017260Z .repro-output/b10-hsk23-adapter/dist/assets/lesson-06-C-5GFuBQ.js                               302.63 kB │ gzip:  39.20 kB
2026-10-04T21:23:58.6018360Z .repro-output/b10-hsk23-adapter/dist/assets/hsk3-lexicon-i9XNkSdh.js                            308.92 kB │ gzip:  23.64 kB
2026-10-04T21:23:58.6019432Z .repro-output/b10-hsk23-adapter/dist/assets/legacy-exercises-Bz3UuW2N.js                        326.82 kB │ gzip:  82.57 kB
2026-10-04T21:23:58.6020534Z .repro-output/b10-hsk23-adapter/dist/assets/index-CdA3DiQm.js                                   343.78 kB │ gzip:  84.81 kB
2026-10-04T21:23:58.6021573Z .repro-output/b10-hsk23-adapter/dist/assets/stage3-catalog-Bs1Y2M7l.js                          384.05 kB │ gzip:  67.94 kB
2026-10-04T21:23:58.6022890Z .repro-output/b10-hsk23-adapter/dist/assets/legacy-exercises-BfEaU4Qq.js                        446.69 kB │ gzip:  84.96 kB
2026-10-04T21:23:58.6024321Z .repro-output/b10-hsk23-adapter/dist/assets/homework30-BVBKAbRf.js                              613.90 kB │ gzip: 135.38 kB
2026-10-04T21:23:58.6025407Z .repro-output/b10-hsk23-adapter/dist/assets/textbook-Bkb8B-ul.js                                741.70 kB │ gzip:  91.70 kB
2026-10-04T21:23:58.6026415Z .repro-output/b10-hsk23-adapter/dist/assets/content-ChH95uYd.js                                 852.80 kB │ gzip: 144.56 kB
2026-10-04T21:23:58.6027484Z .repro-output/b10-hsk23-adapter/dist/assets/homework30-bank-Bti0xGBV.js                         854.25 kB │ gzip: 143.01 kB
2026-10-04T21:23:58.6027972Z 
2026-10-04T21:23:58.6028272Z [33m[plugin builtin:vite-reporter] 
2026-10-04T21:23:58.6028761Z (!) Some chunks are larger than 500 kB after minification. Consider:
2026-10-04T21:23:58.6029267Z - Using dynamic import() to code-split the application
2026-10-04T21:23:58.6030127Z - Use build.rolldownOptions.output.codeSplitting to improve chunking: https://rolldown.rs/reference/OutputOptions.codeSplitting
2026-10-04T21:23:58.6031070Z - Adjust chunk size limit for this warning via build.chunkSizeWarningLimit.[39m
2026-10-04T21:23:58.6031609Z [32m✓ built in 1.20s[39m
2026-10-04T21:23:58.7624736Z 
2026-10-04T21:23:58.7625948Z > hsk1-modular-app@0.1.0 assets:check
2026-10-04T21:23:58.7626862Z > node tools/check-course-assets.mjs
2026-10-04T21:23:58.7627264Z 
2026-10-04T21:23:58.8933568Z {
2026-10-04T21:23:58.8934273Z   "schemaVersion": 1,
2026-10-04T21:23:58.8934878Z   "baseline": "71b39192133c82f684384f450dda6079d3253440",
2026-10-04T21:23:58.8935549Z   "output": "dist/course-assets",
2026-10-04T21:23:58.8935904Z   "audio": {
2026-10-04T21:23:58.8936122Z     "files": 93,
2026-10-04T21:23:58.8936342Z     "bytes": 27491142,
2026-10-04T21:23:58.8936619Z     "manifestHashesVerified": 93,
2026-10-04T21:23:58.8936935Z     "originalFilesUnchanged": 93
2026-10-04T21:23:58.8937218Z   },
2026-10-04T21:23:58.8937403Z   "hanzi": {
2026-10-04T21:23:58.8937602Z     "files": 267,
2026-10-04T21:23:58.8937807Z     "bytes": 567732,
2026-10-04T21:23:58.8938059Z     "originalLocalFiles": 250,
2026-10-04T21:23:58.8938324Z     "supplements": 17,
2026-10-04T21:23:58.8938577Z     "strokeDataValidated": 267,
2026-10-04T21:23:58.8938835Z     "sourceCopiesEqual": 267,
2026-10-04T21:23:58.8939410Z     "supplementHashesVerified": 17
2026-10-04T21:23:58.8939681Z   },
2026-10-04T21:23:58.8939866Z   "licenses": [
2026-10-04T21:23:58.8940069Z     {
2026-10-04T21:23:58.8940326Z       "path": "HANZI-DATA-LICENSE.txt",
2026-10-04T21:23:58.8940616Z       "bytes": 6900,
2026-10-04T21:23:58.8941011Z       "sha256": "5590533436c70f10f2f524ee61456238c290175c6662fbe1c700b5f038a6d328"
2026-10-04T21:23:58.8941411Z     },
2026-10-04T21:23:58.8941595Z     {
2026-10-04T21:23:58.8941843Z       "path": "HANZI-WRITER-LICENSE.txt",
2026-10-04T21:23:58.8942133Z       "bytes": 1079,
2026-10-04T21:23:58.8942542Z       "sha256": "7735d83cdf892c8db41c27103b42c89b4b63149770c1e08ae13cbbebb81da637"
2026-10-04T21:23:58.8942934Z     }
2026-10-04T21:23:58.8943109Z   ],
2026-10-04T21:23:58.8943300Z   "totalBytes": 28066853,
2026-10-04T21:23:58.8944283Z   "assetManifestSha256": "5311f266eb62db26974f673ac03a257991538ddfb0af6cb03bbc920bb20df9d4"
2026-10-04T21:23:58.8945037Z }
2026-10-04T21:24:01.6867836Z ##[group]Run node course-app/docs/resume-20261004/b10-adapter-ci/run-command.mjs hsk1-native . hsk1-app/node_modules/.bin/playwright test --config=course-app/docs/resume-20261004/b10-adapter-ci/playwright.hsk1.ci.config.ts --project=webkit
2026-10-04T21:24:01.6869667Z [36;1mnode course-app/docs/resume-20261004/b10-adapter-ci/run-command.mjs hsk1-native . hsk1-app/node_modules/.bin/playwright test --config=course-app/docs/resume-20261004/b10-adapter-ci/playwright.hsk1.ci.config.ts --project=webkit[0m
2026-10-04T21:24:01.6933815Z shell: /usr/bin/bash -e {0}
2026-10-04T21:24:01.6934139Z env:
2026-10-04T21:24:01.6934351Z   HSK_ADAPTER_CI_BROWSER: webkit
2026-10-04T21:24:01.6934832Z ##[endgroup]
2026-10-04T21:24:02.9082855Z 
2026-10-04T21:24:02.9084133Z Running 3 tests using 1 worker
2026-10-04T21:24:02.9085074Z 
2026-10-04T21:24:07.4374881Z   ✓  1 [webkit] › hsk1-app/tests/browser/official-vi-history.spec.ts:6:1 › synthetic same-clock receipt survives reload and shows first/latest immutable text with original answer indices (3.4s)
2026-10-04T21:24:09.2509108Z   ✓  2 [webkit] › hsk1-app/tests/browser/official-vi-history.spec.ts:13:1 › legacy archive shows each saved display binding and keeps raw task and answer visible (1.8s)
2026-10-04T21:24:10.3626353Z   ✓  3 [webkit] › hsk1-app/tests/browser/official-vi-history.spec.ts:19:1 › listening shuffled labels use original indices and fixed round text after native reload (1.1s)
2026-10-04T21:24:10.4365111Z 
2026-10-04T21:24:10.4369077Z   3 passed (8.1s)
2026-10-04T21:24:10.4671290Z ##[group]Run node course-app/docs/resume-20261004/b10-adapter-ci/run-command.mjs hsk23-native . course-app/node_modules/.bin/playwright test --config=course-app/docs/resume-20261004/b10-adapter-ci/playwright.hsk23.ci.config.ts --project=webkit
2026-10-04T21:24:10.4673137Z [36;1mnode course-app/docs/resume-20261004/b10-adapter-ci/run-command.mjs hsk23-native . course-app/node_modules/.bin/playwright test --config=course-app/docs/resume-20261004/b10-adapter-ci/playwright.hsk23.ci.config.ts --project=webkit[0m
2026-10-04T21:24:10.4738326Z shell: /usr/bin/bash -e {0}
2026-10-04T21:24:10.4738617Z env:
2026-10-04T21:24:10.4738839Z   HSK_ADAPTER_CI_BROWSER: webkit
2026-10-04T21:24:10.4739109Z ##[endgroup]
2026-10-04T21:25:11.2462177Z Error: Timed out waiting 60000ms from config.webServer.
2026-10-04T21:25:11.2465899Z 
2026-10-04T21:25:11.2693526Z ##[error]Process completed with exit code 1.
2026-10-04T21:25:11.2748602Z ##[group]Run node course-app/docs/resume-20261004/b10-adapter-ci/checkpoint-records.mjs after
2026-10-04T21:25:11.2749319Z [36;1mnode course-app/docs/resume-20261004/b10-adapter-ci/checkpoint-records.mjs after[0m
2026-10-04T21:25:11.2810744Z shell: /usr/bin/bash -e {0}
2026-10-04T21:25:11.2811010Z env:
2026-10-04T21:25:11.2811235Z   HSK_ADAPTER_CI_BROWSER: webkit
2026-10-04T21:25:11.2811496Z ##[endgroup]
2026-10-04T21:25:13.1789465Z AssertionError [ERR_ASSERTION]: hsk23-native command failed
2026-10-04T21:25:13.1789950Z 
2026-10-04T21:25:13.1790055Z 1 !== 0
2026-10-04T21:25:13.1790178Z 
2026-10-04T21:25:13.1925903Z ##[error]Process completed with exit code 1.
2026-10-04T21:25:13.1995858Z ##[group]Run actions/upload-artifact@v4
2026-10-04T21:25:13.1996197Z with:
2026-10-04T21:25:13.1996441Z   name: hsk-official-vi-adapter-webkit
2026-10-04T21:25:13.1996739Z   include-hidden-files: true
2026-10-04T21:25:13.1996995Z   if-no-files-found: error
2026-10-04T21:25:13.1999068Z   path: course-app/.repro-output/b10-adapter-ci/webkit/
course-app/.repro-output/b10-hsk23-adapter/dist/index.html
course-app/.repro-output/b10-hsk23-adapter/dist/assets/**/*.js
course-app/.repro-output/b10-hsk23-adapter/dist/assets/**/*.css
course-app/.repro-output/b10-hsk23-adapter/dist/assets/**/*.json
hsk1-app/dist/*.html
hsk1-app/dist/assets/**/*.js
hsk1-app/dist/assets/**/*.css
hsk1-app/dist/assets/**/*.json
course-app/docs/resume-20261004/b10-hsk1-adapter/native-ci-receipt-first.png
course-app/docs/resume-20261004/b10-hsk1-adapter/native-ci-archive.png

2026-10-04T21:25:13.2001176Z   compression-level: 6
2026-10-04T21:25:13.2001399Z   overwrite: false
2026-10-04T21:25:13.2001596Z env:
2026-10-04T21:25:13.2001825Z   HSK_ADAPTER_CI_BROWSER: webkit
2026-10-04T21:25:13.2002070Z ##[endgroup]
2026-10-04T21:25:13.3736724Z (node:8140) [DEP0040] DeprecationWarning: The `punycode` module is deprecated. Please use a userland alternative instead.
2026-10-04T21:25:13.3738229Z (Use `node --trace-deprecation ...` to show where the warning was created)
2026-10-04T21:25:13.4432163Z Multiple search paths detected. Calculating the least common ancestor of all paths
2026-10-04T21:25:13.4436988Z The least common ancestor is /home/runner/work/hsk-hub/hsk-hub. This will be the root directory of the artifact
2026-10-04T21:25:13.4438762Z With the provided path, there will be 232 files uploaded
2026-10-04T21:25:13.4440190Z Artifact name is valid!
2026-10-04T21:25:13.4441479Z Root directory input is valid!
2026-10-04T21:25:13.7501999Z Beginning upload of artifact content to blob storage
2026-10-04T21:25:14.3868650Z (node:8140) [DEP0169] DeprecationWarning: `url.parse()` behavior is not standardized and prone to errors that have security implications. Use the WHATWG URL API instead. CVEs are not issued for `url.parse()` vulnerabilities.
2026-10-04T21:25:15.0629698Z Uploaded bytes 5543667
2026-10-04T21:25:15.1214210Z Finished uploading artifact content to blob storage!
2026-10-04T21:25:15.1217491Z SHA256 digest of uploaded artifact zip is 44cd2df9b0839977397a7ac3b729311b819fe42180a0368f606e854910f39be7
2026-10-04T21:25:15.1220478Z Finalizing artifact upload
2026-10-04T21:25:15.3476905Z Artifact hsk-official-vi-adapter-webkit.zip successfully finalized. Artifact ID 11315741154
2026-10-04T21:25:15.3478232Z Artifact hsk-official-vi-adapter-webkit has been successfully uploaded! Final size is 5543667 bytes. Artifact ID is 11315741154
2026-10-04T21:25:15.3485970Z Artifact download URL: https://github.com/nhiennhientran/hsk-hub/actions/runs/37235796333/artifacts/11315741154
2026-10-04T21:25:15.3688717Z Post job cleanup.
2026-10-04T21:25:15.4546741Z [command]/usr/bin/git version
2026-10-04T21:25:15.4594384Z git version 2.55.0
2026-10-04T21:25:15.4639854Z Temporarily overriding HOME='/home/runner/work/_temp/78eeb8cb-c091-4806-91c0-7cc5a19d30a2' before making global git config changes
2026-10-04T21:25:15.4640997Z Adding repository directory to the temporary git global config as a safe directory
2026-10-04T21:25:15.4646553Z [command]/usr/bin/git config --global --add safe.directory /home/runner/work/hsk-hub/hsk-hub
2026-10-04T21:25:15.4690082Z [command]/usr/bin/git config --local --name-only --get-regexp core\.sshCommand
2026-10-04T21:25:15.4728754Z [command]/usr/bin/git submodule foreach --recursive sh -c "git config --local --name-only --get-regexp 'core\.sshCommand' && git config --local --unset-all 'core.sshCommand' || :"
2026-10-04T21:25:15.4987236Z [command]/usr/bin/git config --local --name-only --get-regexp http\.https\:\/\/github\.com\/\.extraheader
2026-10-04T21:25:15.5014744Z http.https://github.com/.extraheader
2026-10-04T21:25:15.5027739Z [command]/usr/bin/git config --local --unset-all http.https://github.com/.extraheader
2026-10-04T21:25:15.5066573Z [command]/usr/bin/git submodule foreach --recursive sh -c "git config --local --name-only --get-regexp 'http\.https\:\/\/github\.com\/\.extraheader' && git config --local --unset-all 'http.https://github.com/.extraheader' || :"
2026-10-04T21:25:15.5344804Z [command]/usr/bin/git config --local --name-only --get-regexp ^includeIf\.gitdir:
2026-10-04T21:25:15.5381000Z [command]/usr/bin/git submodule foreach --recursive git config --local --show-origin --name-only --get-regexp remote.origin.url
2026-10-04T21:25:15.5860112Z Cleaning up orphan processes
2026-10-04T21:25:15.6298458Z ##[warning]Node.js 20 is deprecated. The following actions target Node.js 20 but are being forced to run on Node.js 24: actions/checkout@v4, actions/setup-node@v4, actions/upload-artifact@v4. For more information see: https://github.blog/changelog/2025-09-19-deprecation-of-node-20-on-github-actions-runners/

