2026-10-04T18:51:11.7462396Z Current runner version: '2.337.0'
2026-10-04T18:51:11.7480266Z ##[group]Runner Image Provisioner
2026-10-04T18:51:11.7480807Z Hosted Compute Agent
2026-10-04T18:51:11.7481134Z Version: 20260901.588
2026-10-04T18:51:11.7481544Z Commit: f88ec8081b781fac6c440065ac7ff9e710ce3d0b
2026-10-04T18:51:11.7481953Z Build Date: 2026-09-01T19:56:44Z
2026-10-04T18:51:11.7482361Z Worker ID: {dda0b38b-943d-4696-8f51-81a7e602492e}
2026-10-04T18:51:11.7482903Z Azure Region: centralus
2026-10-04T18:51:11.7483247Z ##[endgroup]
2026-10-04T18:51:11.7484228Z ##[group]Operating System
2026-10-04T18:51:11.7484733Z Ubuntu
2026-10-04T18:51:11.7485073Z 24.04.5
2026-10-04T18:51:11.7485410Z LTS
2026-10-04T18:51:11.7485709Z ##[endgroup]
2026-10-04T18:51:11.7486064Z ##[group]Runner Image
2026-10-04T18:51:11.7486408Z Image: ubuntu-24.04
2026-10-04T18:51:11.7486730Z Version: 20260927.320.1
2026-10-04T18:51:11.7487520Z Included Software: https://github.com/actions/runner-images/blob/ubuntu24/20260927.320/images/ubuntu/Ubuntu2404-Readme.md
2026-10-04T18:51:11.7488386Z Image Release: https://github.com/actions/runner-images/releases/tag/ubuntu24%2F20260927.320
2026-10-04T18:51:11.7488918Z ##[endgroup]
2026-10-04T18:51:11.7489614Z ##[group]GITHUB_TOKEN Permissions
2026-10-04T18:51:11.7490901Z Contents: read
2026-10-04T18:51:11.7491224Z Metadata: read
2026-10-04T18:51:11.7491608Z ##[endgroup]
2026-10-04T18:51:11.7492875Z Secret source: Actions
2026-10-04T18:51:11.7493460Z Cache mode: write
2026-10-04T18:51:11.7494061Z Prepare workflow directory
2026-10-04T18:51:11.7689143Z Prepare all required actions
2026-10-04T18:51:11.7718820Z Getting action download info
2026-10-04T18:51:12.0137693Z Download action repository 'actions/checkout@v4' (SHA:11d5960a326750d5838078e36cf38b85af677262)
2026-10-04T18:51:12.0970500Z Download action repository 'actions/setup-node@v4' (SHA:49933ea5288caeca8642d1e84afbd3f7d6820020)
2026-10-04T18:51:12.2178034Z Download action repository 'actions/upload-artifact@v4' (SHA:ea165f8d65b6e75b540449e92b4886f43607fa02)
2026-10-04T18:51:12.4117643Z Complete job name: flows (webkit, package)
2026-10-04T18:51:12.4567561Z ##[group]Run actions/checkout@v4
2026-10-04T18:51:12.4567944Z with:
2026-10-04T18:51:12.4568162Z   fetch-depth: 0
2026-10-04T18:51:12.4568405Z   repository: nhiennhientran/hsk-hub
2026-10-04T18:51:12.4570474Z   token: ***
2026-10-04T18:51:12.4570698Z   ssh-strict: true
2026-10-04T18:51:12.4570925Z   ssh-user: git
2026-10-04T18:51:12.4571156Z   persist-credentials: true
2026-10-04T18:51:12.4571407Z   clean: true
2026-10-04T18:51:12.4571640Z   sparse-checkout-cone-mode: true
2026-10-04T18:51:12.4571910Z   fetch-tags: false
2026-10-04T18:51:12.4572141Z   show-progress: true
2026-10-04T18:51:12.4572371Z   lfs: false
2026-10-04T18:51:12.4572586Z   submodules: false
2026-10-04T18:51:12.4572820Z   set-safe-directory: true
2026-10-04T18:51:12.4573081Z   allow-unsafe-pr-checkout: false
2026-10-04T18:51:12.4573414Z ##[endgroup]
2026-10-04T18:51:12.5183132Z Syncing repository: nhiennhientran/hsk-hub
2026-10-04T18:51:12.5184153Z ##[group]Getting Git version info
2026-10-04T18:51:12.5184737Z Working directory is '/home/runner/work/hsk-hub/hsk-hub'
2026-10-04T18:51:12.5185283Z [command]/usr/bin/git version
2026-10-04T18:51:12.5273786Z git version 2.55.0
2026-10-04T18:51:12.5293383Z ##[endgroup]
2026-10-04T18:51:12.5304875Z Temporarily overriding HOME='/home/runner/work/_temp/811ca96c-4a64-467b-a2a3-8f311c7c7bde' before making global git config changes
2026-10-04T18:51:12.5306076Z Adding repository directory to the temporary git global config as a safe directory
2026-10-04T18:51:12.5308549Z [command]/usr/bin/git config --global --add safe.directory /home/runner/work/hsk-hub/hsk-hub
2026-10-04T18:51:12.5354494Z Deleting the contents of '/home/runner/work/hsk-hub/hsk-hub'
2026-10-04T18:51:12.5358213Z ##[group]Initializing the repository
2026-10-04T18:51:12.5361589Z [command]/usr/bin/git init /home/runner/work/hsk-hub/hsk-hub
2026-10-04T18:51:12.5451680Z hint: Using 'master' as the name for the initial branch. This default branch name
2026-10-04T18:51:12.5452836Z hint: will change to "main" in Git 3.0. To configure the initial branch name
2026-10-04T18:51:12.5453605Z hint: to use in all of your new repositories, which will suppress this warning,
2026-10-04T18:51:12.5454204Z hint: call:
2026-10-04T18:51:12.5454680Z hint:
2026-10-04T18:51:12.5455093Z hint: 	git config --global init.defaultBranch <name>
2026-10-04T18:51:12.5455577Z hint:
2026-10-04T18:51:12.5456046Z hint: Names commonly chosen instead of 'master' are 'main', 'trunk' and
2026-10-04T18:51:12.5456834Z hint: 'development'. The just-created branch can be renamed via this command:
2026-10-04T18:51:12.5457446Z hint:
2026-10-04T18:51:12.5457792Z hint: 	git branch -m <name>
2026-10-04T18:51:12.5458186Z hint:
2026-10-04T18:51:12.5458713Z hint: Disable this message with "git config set advice.defaultBranchName false"
2026-10-04T18:51:12.5459536Z Initialized empty Git repository in /home/runner/work/hsk-hub/hsk-hub/.git/
2026-10-04T18:51:12.5464268Z [command]/usr/bin/git remote add origin https://github.com/nhiennhientran/hsk-hub
2026-10-04T18:51:12.5513097Z ##[endgroup]
2026-10-04T18:51:12.5513697Z ##[group]Disabling automatic garbage collection
2026-10-04T18:51:12.5516270Z [command]/usr/bin/git config --local gc.auto 0
2026-10-04T18:51:12.5543882Z ##[endgroup]
2026-10-04T18:51:12.5544419Z ##[group]Setting up auth
2026-10-04T18:51:12.5549015Z [command]/usr/bin/git config --local --name-only --get-regexp core\.sshCommand
2026-10-04T18:51:12.5576742Z [command]/usr/bin/git submodule foreach --recursive sh -c "git config --local --name-only --get-regexp 'core\.sshCommand' && git config --local --unset-all 'core.sshCommand' || :"
2026-10-04T18:51:12.5858733Z [command]/usr/bin/git config --local --name-only --get-regexp http\.https\:\/\/github\.com\/\.extraheader
2026-10-04T18:51:12.5883965Z [command]/usr/bin/git submodule foreach --recursive sh -c "git config --local --name-only --get-regexp 'http\.https\:\/\/github\.com\/\.extraheader' && git config --local --unset-all 'http.https://github.com/.extraheader' || :"
2026-10-04T18:51:12.6047147Z [command]/usr/bin/git config --local --name-only --get-regexp ^includeIf\.gitdir:
2026-10-04T18:51:12.6072302Z [command]/usr/bin/git submodule foreach --recursive git config --local --show-origin --name-only --get-regexp remote.origin.url
2026-10-04T18:51:12.6236854Z [command]/usr/bin/git config --local http.https://github.com/.extraheader AUTHORIZATION: basic ***
2026-10-04T18:51:12.6275784Z ##[endgroup]
2026-10-04T18:51:12.6276395Z ##[group]Fetching the repository
2026-10-04T18:51:12.6282401Z [command]/usr/bin/git -c protocol.version=2 fetch --prune --no-recurse-submodules origin +refs/heads/*:refs/remotes/origin/* +refs/tags/*:refs/tags/*
2026-10-04T18:51:22.2426805Z From https://github.com/nhiennhientran/hsk-hub
2026-10-04T18:51:22.2428910Z  * [new branch]      agent/fix-hsk12-audit-newhsk-false-positive -> origin/agent/fix-hsk12-audit-newhsk-false-positive
2026-10-04T18:51:22.2431040Z  * [new branch]      agent/hsk-hub-structural-audit -> origin/agent/hsk-hub-structural-audit
2026-10-04T18:51:22.2433084Z  * [new branch]      agent/hsk1-audio-architecture-cache-bust -> origin/agent/hsk1-audio-architecture-cache-bust
2026-10-04T18:51:22.2435393Z  * [new branch]      agent/hsk1-audio-architecture-cleanup -> origin/agent/hsk1-audio-architecture-cleanup
2026-10-04T18:51:22.2437315Z  * [new branch]      agent/hsk1-audio-code  -> origin/agent/hsk1-audio-code
2026-10-04T18:51:22.2438937Z  * [new branch]      agent/hsk1-audio-integrated -> origin/agent/hsk1-audio-integrated
2026-10-04T18:51:22.2440462Z  * [new branch]      agent/hsk1-audio-one   -> origin/agent/hsk1-audio-one
2026-10-04T18:51:22.2441839Z  * [new branch]      agent/hsk1-audio-ready -> origin/agent/hsk1-audio-ready
2026-10-04T18:51:22.2443434Z  * [new branch]      agent/hsk1-audio-stage -> origin/agent/hsk1-audio-stage
2026-10-04T18:51:22.2445015Z  * [new branch]      agent/hsk1-audio-step8 -> origin/agent/hsk1-audio-step8
2026-10-04T18:51:22.2446730Z  * [new branch]      agent/hsk1-official-audio-release -> origin/agent/hsk1-official-audio-release
2026-10-04T18:51:22.2448989Z  * [new branch]      agent/hsk1-official-audio-segments -> origin/agent/hsk1-official-audio-segments
2026-10-04T18:51:22.2451195Z  * [new branch]      agent/hsk1-official-audio-segments-step2 -> origin/agent/hsk1-official-audio-segments-step2
2026-10-04T18:51:22.2454060Z  * [new branch]      agent/hsk1-official-audio-segments-step2-backup -> origin/agent/hsk1-official-audio-segments-step2-backup
2026-10-04T18:51:22.2457451Z  * [new branch]      agent/hsk1-official-audio-segments-step2-commit -> origin/agent/hsk1-official-audio-segments-step2-commit
2026-10-04T18:51:22.2460543Z  * [new branch]      agent/hsk1-official-audio-segments-step2-data -> origin/agent/hsk1-official-audio-segments-step2-data
2026-10-04T18:51:22.2518293Z  * [new branch]      agent/hsk1-official-audio-segments-step2-final -> origin/agent/hsk1-official-audio-segments-step2-final
2026-10-04T18:51:22.2521680Z  * [new branch]      agent/hsk1-official-audio-segments-step2-save -> origin/agent/hsk1-official-audio-segments-step2-save
2026-10-04T18:51:22.2524173Z  * [new branch]      agent/hsk1-parity-official-vocab -> origin/agent/hsk1-parity-official-vocab
2026-10-04T18:51:22.2525893Z  * [new branch]      agent/hsk1-segment-audio -> origin/agent/hsk1-segment-audio
2026-10-04T18:51:22.2527222Z  * [new branch]      agent/hsk1-textbook-audio -> origin/agent/hsk1-textbook-audio
2026-10-04T18:51:22.2528781Z  * [new branch]      agent/hsk1-textbook-audio-check -> origin/agent/hsk1-textbook-audio-check
2026-10-04T18:51:22.2530499Z  * [new branch]      agent/hsk1-textbook-audio-final -> origin/agent/hsk1-textbook-audio-final
2026-10-04T18:51:22.2532086Z  * [new branch]      agent/hsk1-textbook-audio-v2 -> origin/agent/hsk1-textbook-audio-v2
2026-10-04T18:51:22.2533936Z  * [new branch]      backup/hsk1-pre-legacy-restoration-20261002 -> origin/backup/hsk1-pre-legacy-restoration-20261002
2026-10-04T18:51:22.2536075Z  * [new branch]      backup/hsk1-pre-mixed-cards-20261002 -> origin/backup/hsk1-pre-mixed-cards-20261002
2026-10-04T18:51:22.2538202Z  * [new branch]      backup/hsk1-pre-modular-step9-20261002 -> origin/backup/hsk1-pre-modular-step9-20261002
2026-10-04T18:51:22.2540160Z  * [new branch]      backup/hsk1-pre-simplification-20261002 -> origin/backup/hsk1-pre-simplification-20261002
2026-10-04T18:51:22.2542057Z  * [new branch]      backup/hsk23-pre-upgrade-20261002 -> origin/backup/hsk23-pre-upgrade-20261002
2026-10-04T18:51:22.2543879Z  * [new branch]      backup/pre-grammar-audit-20260815 -> origin/backup/pre-grammar-audit-20260815
2026-10-04T18:51:22.2545900Z  * [new branch]      feature/hsk123-unified-learning-20261003 -> origin/feature/hsk123-unified-learning-20261003
2026-10-04T18:51:22.2547657Z  * [new branch]      feature/hsk23-course-upgrade -> origin/feature/hsk23-course-upgrade
2026-10-04T18:51:22.2549372Z  * [new branch]      fix/236-grammar-audit-20260815 -> origin/fix/236-grammar-audit-20260815
2026-10-04T18:51:22.2551598Z  * [new branch]      fix/hsk4-lower-duplicate-auth -> origin/fix/hsk4-lower-duplicate-auth
2026-10-04T18:51:22.2554148Z  * [new branch]      fix/hsk4-smoke-auth-harness-20261003 -> origin/fix/hsk4-smoke-auth-harness-20261003
2026-10-04T18:51:22.2556552Z  * [new branch]      gh-pages               -> origin/gh-pages
2026-10-04T18:51:22.2557955Z  * [new branch]      main                   -> origin/main
2026-10-04T18:51:22.2559824Z  * [new branch]      preview/restore-legacy-experience -> origin/preview/restore-legacy-experience
2026-10-04T18:51:22.2562405Z  * [new branch]      review/hsk1-integration-step1-20261001 -> origin/review/hsk1-integration-step1-20261001
2026-10-04T18:51:22.2564198Z  * [new branch]      verify/hsk1-frozen-dist-20261002 -> origin/verify/hsk1-frozen-dist-20261002
2026-10-04T18:51:22.2566039Z  * [new branch]      verify/hsk1-modular-live-20261002 -> origin/verify/hsk1-modular-live-20261002
2026-10-04T18:51:22.2567706Z  * [new branch]      verify/hsk1-native-seek-20261001 -> origin/verify/hsk1-native-seek-20261001
2026-10-04T18:51:22.2569688Z  * [new branch]      verify/hsk1-release-20261001 -> origin/verify/hsk1-release-20261001
2026-10-04T18:51:22.2571790Z  * [new branch]      verify/hsk1-restoration-live-20261002 -> origin/verify/hsk1-restoration-live-20261002
2026-10-04T18:51:22.2573440Z  * [new branch]      verify/hsk23-live-20261002 -> origin/verify/hsk23-live-20261002
2026-10-04T18:51:22.2575130Z  * [new branch]      work/codex-hsk-resume-20261004 -> origin/work/codex-hsk-resume-20261004
2026-10-04T18:51:22.2576684Z  * [new branch]      work/codex-hsk-stage1-20261004 -> origin/work/codex-hsk-stage1-20261004
2026-10-04T18:51:22.2578403Z  * [new branch]      work/hsk-a5-source-checkpoint-20261004 -> origin/work/hsk-a5-source-checkpoint-20261004
2026-10-04T18:51:22.2580810Z  * [new branch]      work/hsk-a7-evidence-checkpoint-20261004 -> origin/work/hsk-a7-evidence-checkpoint-20261004
2026-10-04T18:51:22.2583635Z  * [new branch]      work/hsk-a9-inputs-checkpoint-20261004 -> origin/work/hsk-a9-inputs-checkpoint-20261004
2026-10-04T18:51:22.2586367Z  * [new branch]      work/hsk-audio-asr-pilot-20261004 -> origin/work/hsk-audio-asr-pilot-20261004
2026-10-04T18:51:22.2588881Z  * [new branch]      work/hsk-autonomous-execution-20261004 -> origin/work/hsk-autonomous-execution-20261004
2026-10-04T18:51:22.2591429Z  * [new branch]      work/hsk-autonomous-plan-20261004 -> origin/work/hsk-autonomous-plan-20261004
2026-10-04T18:51:22.2593276Z  * [new branch]      work/hsk-flow-package-ci-20261004 -> origin/work/hsk-flow-package-ci-20261004
2026-10-04T18:51:22.2595397Z  * [new branch]      work/hsk1-free-card-navigation-preview-20261002 -> origin/work/hsk1-free-card-navigation-preview-20261002
2026-10-04T18:51:22.2597391Z  * [new branch]      work/hsk1-integration-step2-20261001 -> origin/work/hsk1-integration-step2-20261001
2026-10-04T18:51:22.2599465Z  * [new branch]      work/hsk1-modular-step1-20261001 -> origin/work/hsk1-modular-step1-20261001
2026-10-04T18:51:22.2601110Z  * [new branch]      work/hsk1-modular-step2-20261001 -> origin/work/hsk1-modular-step2-20261001
2026-10-04T18:51:22.2602883Z  * [new branch]      work/hsk1-modular-step3-20261001 -> origin/work/hsk1-modular-step3-20261001
2026-10-04T18:51:22.2604460Z  * [new branch]      work/hsk1-modular-step4-20261001 -> origin/work/hsk1-modular-step4-20261001
2026-10-04T18:51:22.2606201Z  * [new branch]      work/hsk1-modular-step5-20261002 -> origin/work/hsk1-modular-step5-20261002
2026-10-04T18:51:22.2607786Z  * [new branch]      work/hsk1-modular-step6-20261002 -> origin/work/hsk1-modular-step6-20261002
2026-10-04T18:51:22.2609361Z  * [new branch]      work/hsk1-modular-step7-20261002 -> origin/work/hsk1-modular-step7-20261002
2026-10-04T18:51:22.2610927Z  * [new branch]      work/hsk1-modular-step8-20261002 -> origin/work/hsk1-modular-step8-20261002
2026-10-04T18:51:22.2612498Z  * [new branch]      work/hsk1-modular-step9-20261002 -> origin/work/hsk1-modular-step9-20261002
2026-10-04T18:51:22.2613906Z  * [new branch]      work/hsk1-stage1-20261001 -> origin/work/hsk1-stage1-20261001
2026-10-04T18:51:22.2615290Z  * [new branch]      work/hsk1-stage2-20261001 -> origin/work/hsk1-stage2-20261001
2026-10-04T18:51:22.2616543Z  * [new branch]      work/hsk1-stage3-20261001 -> origin/work/hsk1-stage3-20261001
2026-10-04T18:51:22.2617824Z  * [new branch]      work/hsk1-stage4-1-20261001 -> origin/work/hsk1-stage4-1-20261001
2026-10-04T18:51:22.2619314Z  * [new branch]      work/hsk1-stage4-1-runtime-20261001 -> origin/work/hsk1-stage4-1-runtime-20261001
2026-10-04T18:51:22.2622030Z [command]/usr/bin/git branch --list --remote origin/work/hsk-flow-package-ci-20261004
2026-10-04T18:51:22.2623242Z   origin/work/hsk-flow-package-ci-20261004
2026-10-04T18:51:22.2625151Z [command]/usr/bin/git rev-parse refs/remotes/origin/work/hsk-flow-package-ci-20261004
2026-10-04T18:51:22.2626277Z dd8b22ccb1c1a9c41bc1243887f7a60558635782
2026-10-04T18:51:22.2628028Z ##[endgroup]
2026-10-04T18:51:22.2628923Z ##[group]Determining the checkout info
2026-10-04T18:51:22.2629924Z ##[endgroup]
2026-10-04T18:51:22.2630507Z [command]/usr/bin/git sparse-checkout disable
2026-10-04T18:51:22.2632324Z [command]/usr/bin/git config --local --unset-all extensions.worktreeConfig
2026-10-04T18:51:22.2634279Z ##[group]Checking out the ref
2026-10-04T18:51:22.2635859Z [command]/usr/bin/git checkout --progress --force -B work/hsk-flow-package-ci-20261004 refs/remotes/origin/work/hsk-flow-package-ci-20261004
2026-10-04T18:51:23.0722973Z Switched to a new branch 'work/hsk-flow-package-ci-20261004'
2026-10-04T18:51:23.0727478Z branch 'work/hsk-flow-package-ci-20261004' set up to track 'origin/work/hsk-flow-package-ci-20261004'.
2026-10-04T18:51:23.0770414Z ##[endgroup]
2026-10-04T18:51:23.0811053Z [command]/usr/bin/git log -1 --format=%H
2026-10-04T18:51:23.0834209Z dd8b22ccb1c1a9c41bc1243887f7a60558635782
2026-10-04T18:51:23.1007631Z ##[group]Run actions/setup-node@v4
2026-10-04T18:51:23.1007784Z with:
2026-10-04T18:51:23.1007901Z   node-version: 24.19.0
2026-10-04T18:51:23.1008021Z   always-auth: false
2026-10-04T18:51:23.1008139Z   check-latest: false
2026-10-04T18:51:23.1009523Z   token: ***
2026-10-04T18:51:23.1009636Z ##[endgroup]
2026-10-04T18:51:23.1827986Z Attempting to download 24.19.0...
2026-10-04T18:51:23.1892917Z (node:2084) [DEP0040] DeprecationWarning: The `punycode` module is deprecated. Please use a userland alternative instead.
2026-10-04T18:51:23.1893460Z (Use `node --trace-deprecation ...` to show where the warning was created)
2026-10-04T18:51:23.8617452Z Acquiring 24.19.0 - x64 from https://github.com/actions/node-versions/releases/download/24.19.0-30872449280/node-24.19.0-linux-x64.tar.gz
2026-10-04T18:51:24.2682405Z Extracting ...
2026-10-04T18:51:24.2786941Z [command]/usr/bin/tar xz --strip 1 --warning=no-unknown-keyword --overwrite -C /home/runner/work/_temp/0cf307a9-871a-4f5e-a69c-6a94146450bd -f /home/runner/work/_temp/286f9b47-8a91-4638-8e00-75c9cc641922
2026-10-04T18:51:25.1785884Z Adding to the cache ...
2026-10-04T18:51:27.0100124Z ##[group]Environment details
2026-10-04T18:51:27.1501569Z node: v24.19.0
2026-10-04T18:51:27.1501861Z npm: 11.17.0
2026-10-04T18:51:27.1502042Z yarn: 1.22.22
2026-10-04T18:51:27.1502434Z ##[endgroup]
2026-10-04T18:51:27.1645802Z ##[group]Run npm ci --prefix course-app && npm ci --prefix hsk1-app
2026-10-04T18:51:27.1646113Z [36;1mnpm ci --prefix course-app && npm ci --prefix hsk1-app[0m
2026-10-04T18:51:27.1956533Z shell: /usr/bin/bash -e {0}
2026-10-04T18:51:27.1956700Z ##[endgroup]
2026-10-04T18:51:29.2292690Z 
2026-10-04T18:51:29.2298418Z added 25 packages, and audited 26 packages in 2s
2026-10-04T18:51:29.2298671Z 
2026-10-04T18:51:29.2298819Z 9 packages are looking for funding
2026-10-04T18:51:29.2299032Z   run `npm fund` for details
2026-10-04T18:51:29.2299518Z 
2026-10-04T18:51:29.2299626Z found 0 vulnerabilities
2026-10-04T18:51:29.8981855Z 
2026-10-04T18:51:29.8982523Z added 24 packages, and audited 25 packages in 594ms
2026-10-04T18:51:29.8982786Z 
2026-10-04T18:51:29.8992532Z 9 packages are looking for funding
2026-10-04T18:51:29.8993174Z   run `npm fund` for details
2026-10-04T18:51:29.8993791Z 
2026-10-04T18:51:29.8994159Z found 0 vulnerabilities
2026-10-04T18:51:29.9150805Z ##[group]Run npm test --prefix course-app
2026-10-04T18:51:29.9151019Z [36;1mnpm test --prefix course-app[0m
2026-10-04T18:51:29.9151241Z [36;1mcourse-app/node_modules/.bin/tsc -p course-app/tsconfig.flow-check.json[0m
2026-10-04T18:51:29.9151534Z [36;1mcourse-app/node_modules/.bin/tsc -p course-app/tsconfig.package-check.json[0m
2026-10-04T18:51:29.9151851Z [36;1mcourse-app/node_modules/.bin/tsc -p course-app/tsconfig.reviewed-sentences-check.json[0m
2026-10-04T18:51:29.9152200Z [36;1mcourse-app/node_modules/.bin/tsc -p course-app/docs/resume-20261004/source-font-visual/tsconfig.json[0m
2026-10-04T18:51:29.9206783Z shell: /usr/bin/bash -e {0}
2026-10-04T18:51:29.9206938Z ##[endgroup]
2026-10-04T18:51:29.9847077Z 
2026-10-04T18:51:29.9847849Z > hsk-shared-course-app@1.0.0 test
2026-10-04T18:51:29.9848327Z > node --experimental-strip-types --test tests/*.test.mjs
2026-10-04T18:51:29.9848570Z 
2026-10-04T18:51:30.2479578Z ✔ existing pilot activities and a separately bound self-assessment matrix are structurally sound (8.701218ms)
2026-10-04T18:51:30.2480519Z ✔ matrix cannot drop, repeat, misorder dimensions or bind non-checkbox answers (6.813201ms)
2026-10-04T18:51:30.2495615Z ✔ editorial references never acquire automatic grading answers or unrelated picture IDs (2.250185ms)
2026-10-04T18:51:30.2496739Z ✔ source surveys retain text/select/checkbox matrix bindings and reject mismatched context columns (8.760288ms)
2026-10-04T18:51:30.2497918Z ✔ cross-page activities reject unrelated or inconsistent per-field source pages (2.47774ms)
2026-10-04T18:51:30.2498921Z ✔ every approved instructional illustration exists with its reviewed bytes and no external source (85.86761ms)
2026-10-04T18:51:30.2499893Z ✔ source survey headers bind editable names independently from all body responses (1.463715ms)
2026-10-04T18:51:30.2500831Z ✔ editable survey headers cannot hide, duplicate, omit, mismatch or auto-grade a name (10.996481ms)
2026-10-04T18:51:30.2501855Z ✔ field-level question provenance cannot point outside actual source questions (6.042164ms)
2026-10-04T18:51:30.2502842Z ✔ frequency matrix permits only an explicit bilingual blank corner and retains caption context (1.733924ms)
2026-10-04T18:51:30.2503895Z ✔ matrix corner rejects one-sided empty, missing language, non-string and whitespace-only headings (13.019874ms)
2026-10-04T18:51:30.2505016Z ✔ explicit optional fields are boolean ungraded text only and do not infer from prompt language (22.423565ms)
2026-10-04T18:51:30.2506065Z ✔ optional illustration label requires nonempty bilingual text and absent legacy label remains valid (18.380722ms)
2026-10-04T18:51:30.2576083Z ✔ HSK2 failed candidate never enters draft and later ordinary save cannot invent submission (8.596379ms)
2026-10-04T18:51:30.2592558Z ✔ HSK2 waiting candidate stays unsubmitted and confirmed reload preserves old record (0.517964ms)
2026-10-04T18:51:30.2596440Z ✔ HSK2 lock-wait edit invalidates candidate without losing newer draft (0.304952ms)
2026-10-04T18:51:30.2597692Z ✔ HSK2 composition and cancelled pending view never commit a marker (0.320255ms)
2026-10-04T18:51:30.2606315Z ✔ HSK3 failed candidate never enters draft and later ordinary save cannot invent submission (0.409149ms)
2026-10-04T18:51:30.2607583Z ✔ HSK3 waiting candidate stays unsubmitted and confirmed reload preserves old record (0.320676ms)
2026-10-04T18:51:30.2608608Z ✔ HSK3 lock-wait edit invalidates candidate without losing newer draft (4.468643ms)
2026-10-04T18:51:30.2609579Z ✔ HSK3 composition and cancelled pending view never commit a marker (0.35017ms)
2026-10-04T18:51:30.2610614Z ✔ stale values and unsafe unavailable lock fail closed without adopting submissions (1.402262ms)
2026-10-04T18:51:30.2619185Z ✔ prior fallback records remain separate immutable history with human-readable source context (10.28823ms)
2026-10-04T18:51:30.2620177Z ✔ active controls, another lesson and another edition never enter this lesson archive (2.096643ms)
2026-10-04T18:51:30.2621668Z ✔ nonempty old records survive actual storage save reload export restore without creating new activity submissions (3.813932ms)
2026-10-04T18:51:30.2656782Z ✔ one source page keeps the group citation without duplicate field notes (0.652357ms)
2026-10-04T18:51:30.2659377Z ✔ cross-page fields and differing group page always retain field-level citations (0.137138ms)
2026-10-04T18:51:30.2660352Z ✔ row citation combines only matching effective provenance and never changes source objects (0.245101ms)
2026-10-04T18:51:30.6862743Z ✔ assembly preserves1140 baseline files and rejects changed baseline/frozen bytes (479.391024ms)
2026-10-04T18:51:30.6982149Z ✔ HSK2 homework quota rejection leaves receipts out of the live draft and later ordinary saves (7.544778ms)
2026-10-04T18:51:30.7028587Z ✔ HSK2 homework waits without an adopted receipt and confirms exactly one immutable attempt (1.270773ms)
2026-10-04T18:51:30.7054179Z ✔ HSK2 homework cancelled lock wait cannot reappear in a later draft save (1.192945ms)
2026-10-04T18:51:30.7055823Z ✔ HSK2 homework newer answer during a lock wait wins without a submission (1.666131ms)
2026-10-04T18:51:30.7056698Z ✔ HSK2 individual listening quota rejection leaves receipts out of the live draft and later ordinary saves (1.539139ms)
2026-10-04T18:51:30.7057654Z ✔ HSK2 individual listening waits without an adopted receipt and confirms exactly one immutable attempt (1.782988ms)
2026-10-04T18:51:30.7058464Z ✔ HSK2 individual listening cancelled lock wait cannot reappear in a later draft save (1.87016ms)
2026-10-04T18:51:30.7059235Z ✔ HSK2 individual listening newer answer during a lock wait wins without a submission (3.258932ms)
2026-10-04T18:51:30.7060029Z ✔ HSK3 homework quota rejection leaves receipts out of the live draft and later ordinary saves (1.151413ms)
2026-10-04T18:51:30.7060816Z ✔ HSK3 homework waits without an adopted receipt and confirms exactly one immutable attempt (1.906946ms)
2026-10-04T18:51:30.7061524Z ✔ HSK3 homework cancelled lock wait cannot reappear in a later draft save (0.860402ms)
2026-10-04T18:51:30.7062225Z ✔ HSK3 homework newer answer during a lock wait wins without a submission (0.793531ms)
2026-10-04T18:51:30.7063009Z ✔ HSK3 individual listening quota rejection leaves receipts out of the live draft and later ordinary saves (1.152374ms)
2026-10-04T18:51:30.7064104Z ✔ HSK3 individual listening waits without an adopted receipt and confirms exactly one immutable attempt (1.455312ms)
2026-10-04T18:51:30.7065973Z ✔ HSK3 individual listening cancelled lock wait cannot reappear in a later draft save (1.726943ms)
2026-10-04T18:51:30.7069028Z ✔ HSK3 individual listening newer answer during a lock wait wins without a submission (0.653619ms)
2026-10-04T18:51:30.7069773Z ✔ individual listening rejects stale rounds, answers and already submitted questions (1.111542ms)
2026-10-04T18:51:30.7070183Z ✔ an unavailable write lock never adopts a homework receipt (0.758488ms)
2026-10-04T18:51:30.7070694Z ✔ frozen independent review authorizes exactly two source-frame sentences and retains low probability observations (7.621904ms)
2026-10-04T18:51:30.7071304Z ✔ subset source pinyin, actual lesson bytes, parent and ordinal match unchanged Chinese metadata (4.170562ms)
2026-10-04T18:51:30.7071781Z ✔ wrong ranges, missing gates, source substitutions and invented precision are rejected (10.483415ms)
2026-10-04T18:51:30.7072250Z ✔ joint overlay and authority tampering cannot create a new independent-review acceptance (15.902076ms)
2026-10-04T18:51:30.7072730Z ✔ legacy manifest bytes and all 61 words, 13 holds, 78 lines and 33 children remain unchanged (5.810985ms)
2026-10-04T18:51:30.7073238Z ✔ partial child keeps original ordinal 2 without a precise parent, sibling or color word; legacy children retain sequence (3.502551ms)
2026-10-04T18:51:30.7073758Z (node:2216) ExperimentalWarning: stripTypeScriptTypes is an experimental feature and might change at any time
2026-10-04T18:51:30.7074383Z (Use `node --trace-warnings ...` to show where the warning was created)
2026-10-04T18:51:30.7075926Z Reviewed sentence overlay rejected; previously reviewed segments and original tracks remain available.
2026-10-04T18:51:30.7076720Z Reviewed sentence overlay rejected; previously reviewed segments and original tracks remain available.
2026-10-04T18:51:30.7077646Z ✔ concurrent callers await the same delayed actual crypto gate before overlay-ready (17.50365ms)
2026-10-04T18:51:30.7078487Z ✔ concurrent rejection retains baseline and resolves only after rejection, with no phantom subset (4.474482ms)
2026-10-04T18:51:30.7079343Z ✔ invalid legacy input rejects every concurrent caller and cannot cache false readiness (1.940727ms)
2026-10-04T18:51:30.7080269Z ✔ optional new overlay chunk load failure preserves completed legacy registry (7.493741ms)
2026-10-04T18:51:30.7081059Z ✔ verified pilot clip ranges carry exact original identities and source text (3.515881ms)
2026-10-04T18:51:30.7081797Z ✔ unverified, foreign, out-of-track and source-hash substitutions are rejected (2.896543ms)
2026-10-04T18:51:30.7082767Z ✔ multi-sentence source fragments cannot be swapped or replaced (1.483836ms)
2026-10-04T18:51:30.7083481Z ✔ source text, pinyin, per-entry hash, scope and reviewed timing cannot be forged (3.92863ms)
2026-10-04T18:51:30.7084318Z ✔ word partitions and actual sentence coverage reject losses, orphans and relabeled whole paragraphs (2.098256ms)
2026-10-04T18:51:30.7085244Z ✔ no source authority or duplicate merged IDs can silently expose segments (0.639398ms)
2026-10-04T18:51:30.7086026Z ✔ pending bounds, inflated decoded duration, claimed certification and forged transcript are rejected (2.218117ms)
2026-10-04T18:51:30.7087127Z ✔ reviewed HSK2 lessons 2–3 retain exact 25 verified and seven pending words after runtime merge (4.166085ms)
2026-10-04T18:51:30.7088062Z ✔ grammar group metadata cannot omit duplicate reorder or replace baseline examples or lose bilingual sources (19.389564ms)
2026-10-04T18:51:30.7088928Z ✔ actual grouped grammar retains full baseline summary and interleaves every original bilingual pinyin example once (5.505212ms)
2026-10-04T18:51:30.7089492Z ✔ both supplemental picture-description labels retain full bilingual text after the source activity (8.056819ms)
2026-10-04T18:51:30.7090003Z ✔ cross-page grammar examples retain their own visible source beside the unchanged explanation page (3.485245ms)
2026-10-04T18:51:30.7090485Z ✔ source grammar explanations are additive, bilingual and tied to one real source grammar (19.34791ms)
2026-10-04T18:51:30.7090990Z ✔ unmapped supplemental picture paragraphs collapse without hiding textbook text tasks or safety notes (8.572403ms)
2026-10-04T18:51:30.7373599Z ✔ HSK3 glossary has all22 starred heads and23 stable word-sense records (27.262839ms)
2026-10-04T18:51:30.7384981Z ✔ HSK3 star patch does not alter any existing lesson values (83.184179ms)
2026-10-04T18:51:30.7417416Z ✔ all18 additional official-source registries and523 word anchors retain every complete old word and source (29.309692ms)
2026-10-04T18:51:30.7955147Z ✔ HSK3 L10 reviewed source fields keys and figures stay complete (4.059173ms)
2026-10-04T18:51:30.7962533Z ✔ HSK3 L11 reviewed source fields keys and figures stay complete (2.435596ms)
2026-10-04T18:51:30.8014066Z ✔ HSK3 L10 education source task retains optional read-aloud marker, source retelling and ungraded personal comparison (5.228574ms)
2026-10-04T18:51:30.8035806Z ✔ HSK3 L11 split listening answer pages and no invented culture/review survive integration (1.30871ms)
2026-10-04T18:51:30.8061985Z ✔ all25 independently reviewed Vietnamese corrections remain in their exact new-layer locations (39.189378ms)
2026-10-04T18:51:30.8092246Z ✔ source explanation groups preserve every original example once (7.128443ms)
2026-10-04T18:51:30.8182202Z ✔ HSK3 L12 reviewed source activities preserve field counts official keys and source-specific shapes (5.377508ms)
2026-10-04T18:51:30.8183113Z ✔ HSK3 L13 reviewed source activities preserve field counts official keys and source-specific shapes (1.380315ms)
2026-10-04T18:51:30.8184056Z ✔ HSK3 L12 and13 source and answer page continuations stay attached to individual fields (2.468095ms)
2026-10-04T18:51:30.8184510Z ✔ HSK3 L12 review binds eleven rows to twenty-two distinct checks across both source pages (1.506269ms)
2026-10-04T18:51:30.8185309Z ✔ HSK3 L13 first grammar source frames preserve 1+2+2 independent non-unique blanks (2.242564ms)
2026-10-04T18:51:30.8185911Z ✔ optional empty omitted and nonempty records preserve values and submission through real save reload export restore (2.988302ms)
2026-10-04T18:51:30.8186419Z ✔ L12 least-liked season and L13 prepared refreshments translations retain the source meanings (1.827716ms)
2026-10-04T18:51:30.8301427Z ✔ HSK3 L14 reviewed source counts and exact official keys remain complete (5.381925ms)
2026-10-04T18:51:30.8331184Z ✔ HSK3 L15 reviewed source counts and exact official keys remain complete (3.609702ms)
2026-10-04T18:51:30.8355576Z ✔ HSK3 L15 ambiguous Nanjing age choice cannot become a unique automatic answer (1.452878ms)
2026-10-04T18:51:30.8381962Z ✔ every L14 and15 manifest identity has a real renderer binding including all four L15 cities (4.839764ms)
2026-10-04T18:51:30.8408371Z ✔ HSK3 L14 repaired borrowing option and four blank story rows preserve source roles (4.102028ms)
2026-10-04T18:51:30.8436553Z ✔ HSK3 L15 source review keeps ten pairs and four full unsplit explanations (1.717859ms)
2026-10-04T18:51:30.8764255Z ✔ HSK3 L16 final-unit source counts keys blanks and figure bindings survive integration (5.309836ms)
2026-10-04T18:51:30.8797695Z ✔ HSK3 L17 final-unit source counts keys blanks and figure bindings survive integration (2.959749ms)
2026-10-04T18:51:30.8801075Z ✔ HSK3 L18 final-unit source counts keys blanks and figure bindings survive integration (2.260361ms)
2026-10-04T18:51:30.8802194Z ✔ L16 animal discussion retains three original required IDs and a separate optional fourth extension (1.694744ms)
2026-10-04T18:51:30.8803340Z ✔ L17 repaired reference agrees with preserved teacher wording and emotions panel has an explicit activity binding (1.297063ms)
2026-10-04T18:51:30.8804448Z ✔ L18 approximation tasks and 刚才/刚刚 exercises are editorial and preserve both real source groups (1.774816ms)
2026-10-04T18:51:30.8805465Z ✔ feedback note is a separate bilingual display-only copy with invalid shapes rejected (13.199817ms)
2026-10-04T18:51:30.8886796Z ✔ HSK3 L8 original source interaction inventory and immutable learning corpus (5.128642ms)
2026-10-04T18:51:30.8905433Z ✔ HSK3 L8 official word-bank order and cross-page citations (2.480314ms)
2026-10-04T18:51:30.8917793Z ✔ HSK3 L9 original source interaction inventory and immutable learning corpus (1.977542ms)
2026-10-04T18:51:30.8925578Z ✔ HSK3 L9 official word-bank order and cross-page citations (1.808828ms)
2026-10-04T18:51:30.8955425Z ✔ HSK3 L9 review is open self-tracking, not a correctness score (1.970793ms)
2026-10-04T18:51:30.8988514Z ✔ HSK3 L9 exact source corrections and L8 scene provenance remain in primary data (6.792199ms)
2026-10-04T18:51:31.0214450Z ✔ every printed POS/sense maps once with exact pages, audio and translation (12.431464ms)
2026-10-04T18:51:31.0235596Z ✔ same-spelling different meanings and POS remain separate canonical cards (1.589085ms)
2026-10-04T18:51:31.0303191Z ✔ the complete catalogue count is actual POS/sense records, not syllabus targets (6.912181ms)
2026-10-04T18:51:31.0340405Z ✔ release validation rejects pending review, stale translations and missing homograph evidence (4.108828ms)
2026-10-04T18:51:31.0376089Z ✔ wrong course, duplicate mapping, missing source and unreviewed merge fail closed (7.36028ms)
2026-10-04T18:51:31.0405603Z ✔ an explicitly reviewed repeated sense uses selected-lesson provenance, never an unselected audio group (0.363521ms)
2026-10-04T18:51:31.0437418Z ✔ reviewed HSK2 appendix binds every stable sense with source POS distinct from editorial labels (1.510766ms)
2026-10-04T18:51:31.0454212Z ✔ editable source-table names stay in headers and remain independent through save/remount/reset (14.425051ms)
2026-10-04T18:51:31.0474063Z ✔ cross-page review cites each identical row once while mixed provenance stays beside separate cells (6.588111ms)
2026-10-04T18:51:31.0477071Z ✔ online verification binds full release identity and checks new/protected bytes (22.869897ms)
2026-10-04T18:51:31.0535595Z ✔ online verifier rejects a stale manifest and never accepts changed protected bytes (8.976024ms)
2026-10-04T18:51:31.0536497Z ✔ online verifier refuses another origin, pilot release and unscoped paths (6.539807ms)
2026-10-04T18:51:31.8099808Z ✔ all seven routeable entries resolve activity crops and shared textbook/audio against real packaged paths (188.901208ms)
2026-10-04T18:51:31.8105877Z ✔ unknown source images, PDF, changed accepted crops/audio/strokes and symlinks fail before freezing (372.044001ms)
2026-10-04T18:51:31.8106750Z ✔ source or frozen-input drift fails before output; dirty or prebuilt data cannot be labeled release (79.589669ms)
2026-10-04T18:51:31.8107654Z ✔ release gate still requires exact commit, 48 lessons, 33 textbook lessons, 579 pages, sixteen stages and both engines (0.355999ms)
2026-10-04T18:51:31.8108817Z ✔ actual current crop registry uses lesson 4 current version and rejects path traversal/private sources (42.339054ms)
2026-10-04T18:51:31.8109636Z ✔ production assembly anchors the actual 1446-file 2da tree and explicitly separates developer-only files (8.287472ms)
2026-10-04T18:51:31.8111104Z ✔ entry and build-configuration edits are dirty even when runtime src/content are untouched (79.308538ms)
2026-10-04T18:51:31.8866866Z ✔ two locked course entries share identical frozen assets with nested relative media paths (1.120285ms)
2026-10-04T18:51:31.8867672Z ✔ portal updates only2/3 course cards and retains exact HSK1 and both HSK4 cards (1.970432ms)
2026-10-04T18:51:31.8879154Z ✔ package manifest binds every scoped output byte to the frozen source input without copying raw sources (106.132218ms)
2026-10-04T18:51:31.8880061Z ✔ missing audio, unknown raw PDF, symlinks and wrong identity fail before release creation (130.693629ms)
2026-10-04T18:51:31.8880798Z ✔ output and public-input allowlists reject legacy overwrites and source package paths (0.249097ms)
2026-10-04T18:51:31.8881621Z ✔ small frozen-code transfer restores all exact tested bytes from264 hash-bound originals without rebuilding (256.6731ms)
2026-10-04T18:51:31.8882339Z ✔ frozen transfer fails before output on changed audio, code, extra raw source or wrong source commit (306.916939ms)
2026-10-04T18:51:31.8930230Z ✔ question editorial note survives fallback rendering without leaking before submit (9.202777ms)
2026-10-04T18:51:31.8930867Z ✔ question editorial note survives mapped rendering without leaking before submit (14.152738ms)
2026-10-04T18:51:31.8931607Z ✔ reviewed-source guards reject a subject/negation substitution, relocated blank and wrong page (0.91827ms)
2026-10-04T18:51:31.8932429Z ✔ source menu accepts exact exclusive slots and rejects dropped duplicated foreign or malformed fields (28.277675ms)
2026-10-04T18:51:31.8933345Z ✔ actual menu renderer retains source quadrants bilingual fixed foods and every saved answer without early feedback (11.546344ms)
2026-10-04T18:51:31.8934208Z ✔ activity support gallery excludes field-bound pictures and places each original image once (2.069502ms)
2026-10-04T18:51:31.8935203Z ✔ production-store delayed submit cannot restore feedback after edit newer submit dispose or failed write (17.390269ms)
2026-10-04T18:51:31.8935874Z ✔ edition and level identities reject cross-course data (5.275363ms)
2026-10-04T18:51:31.8936891Z ✔ new stores do not read or mutate nonempty legacy and HSK1 records (1.310142ms)
2026-10-04T18:51:31.8937615Z ✔ first submission is immutable, latest updates without overwriting draft answer text (3.520398ms)
2026-10-04T18:51:31.8938182Z ✔ manual writing never receives automatic points (0.153833ms)
2026-10-04T18:51:31.8938629Z ✔ automatic choices and ordering grade exact IDs (0.237819ms)
2026-10-04T18:51:31.8939115Z ✔ save failure preserves draft and does not create success (0.464693ms)
2026-10-04T18:51:31.8939918Z ✔ competing tabs produce conflict instead of lost updates (0.287284ms)
2026-10-04T18:51:31.8940486Z ✔ backup preview, import and reset recovery are edition-isolated (0.436951ms)
2026-10-04T18:51:31.8940999Z ✔ stale import preview cannot replace later edits (0.24456ms)
2026-10-04T18:51:31.8941483Z ✔ corrupt original storage is protected and exportable (0.321567ms)
2026-10-04T18:51:31.8942068Z ✔ invalid imported scores, duplicate queues and legacy lesson numbers fail (0.533678ms)
2026-10-04T18:51:31.8942694Z ✔ routing normalizes invalid courses while retaining valid lesson 18 (0.440316ms)
2026-10-04T18:51:31.8943362Z ✔ historical question snapshots survive source edits and reorder without rescoring (4.333007ms)
2026-10-04T18:51:31.8944094Z ✔ legacy nonempty stores receive optional learning fields without overwriting submissions (0.166682ms)
2026-10-04T18:51:31.8944971Z ✔ routes preserve per-level lesson bounds and native HSK1 historical contracts (0.834262ms)
2026-10-04T18:51:31.8945614Z ✔ textbook activity and reading records reject foreign identities (0.329619ms)
2026-10-04T18:51:31.8946492Z ✔ independent listening round retains immutable per-question submissions and validates queue (0.361296ms)
2026-10-04T18:51:31.8947216Z ✔ backup snapshots validate their own historical answers without current-bank reinterpretation (0.549893ms)
2026-10-04T18:51:31.8947656Z ℹ tests 157
2026-10-04T18:51:31.8947826Z ℹ suites 0
2026-10-04T18:51:31.8948001Z ℹ pass 157
2026-10-04T18:51:31.8948170Z ℹ fail 0
2026-10-04T18:51:31.8948345Z ℹ cancelled 0
2026-10-04T18:51:31.8948524Z ℹ skipped 0
2026-10-04T18:51:31.8948696Z ℹ todo 0
2026-10-04T18:51:31.8948906Z ℹ duration_ms 1887.465544
2026-10-04T18:51:32.3716396Z ##[group]Run npx playwright install --with-deps webkit && sudo apt-get install -y fonts-noto-cjk
2026-10-04T18:51:32.3716765Z [36;1mnpx playwright install --with-deps webkit && sudo apt-get install -y fonts-noto-cjk[0m
2026-10-04T18:51:32.3766486Z shell: /usr/bin/bash -e {0}
2026-10-04T18:51:32.3766625Z ##[endgroup]
2026-10-04T18:51:32.8266720Z Installing dependencies...
2026-10-04T18:51:32.8336575Z Switching to root user to install dependencies...
2026-10-04T18:51:32.9150267Z Get:1 file:/etc/apt/apt-mirrors.txt Mirrorlist [144 B]
2026-10-04T18:51:32.9565542Z Hit:2 http://azure.archive.ubuntu.com/ubuntu noble InRelease
2026-10-04T18:51:32.9575291Z Get:3 http://azure.archive.ubuntu.com/ubuntu noble-updates InRelease [126 kB]
2026-10-04T18:51:32.9628221Z Get:4 http://azure.archive.ubuntu.com/ubuntu noble-backports InRelease [126 kB]
2026-10-04T18:51:32.9644707Z Get:5 http://azure.archive.ubuntu.com/ubuntu noble-security InRelease [126 kB]
2026-10-04T18:51:32.9661798Z Get:6 https://packages.microsoft.com/ubuntu/24.04/prod noble InRelease [3600 B]
2026-10-04T18:51:33.0518557Z Get:7 http://azure.archive.ubuntu.com/ubuntu noble-updates/main amd64 Packages [1364 kB]
2026-10-04T18:51:33.0633055Z Get:8 http://azure.archive.ubuntu.com/ubuntu noble-updates/main Translation-en [304 kB]
2026-10-04T18:51:33.0655621Z Get:9 http://azure.archive.ubuntu.com/ubuntu noble-updates/main amd64 Components [181 kB]
2026-10-04T18:51:33.0676689Z Get:10 http://azure.archive.ubuntu.com/ubuntu noble-updates/universe amd64 Packages [1699 kB]
2026-10-04T18:51:33.0724756Z Get:11 http://azure.archive.ubuntu.com/ubuntu noble-updates/universe Translation-en [341 kB]
2026-10-04T18:51:33.0745758Z Get:12 http://azure.archive.ubuntu.com/ubuntu noble-updates/universe amd64 Components [388 kB]
2026-10-04T18:51:33.0760116Z Get:13 http://azure.archive.ubuntu.com/ubuntu noble-updates/restricted amd64 Packages [1720 kB]
2026-10-04T18:51:33.0821654Z Get:14 http://azure.archive.ubuntu.com/ubuntu noble-updates/restricted Translation-en [394 kB]
2026-10-04T18:51:33.0843065Z Get:15 http://azure.archive.ubuntu.com/ubuntu noble-updates/multiverse amd64 Components [940 B]
2026-10-04T18:51:33.0985095Z Get:16 http://azure.archive.ubuntu.com/ubuntu noble-backports/main amd64 Components [5776 B]
2026-10-04T18:51:33.1427854Z Get:17 http://azure.archive.ubuntu.com/ubuntu noble-backports/universe amd64 Components [12.6 kB]
2026-10-04T18:51:33.1445709Z Get:18 http://azure.archive.ubuntu.com/ubuntu noble-security/main amd64 Packages [1069 kB]
2026-10-04T18:51:33.1495599Z Get:19 http://azure.archive.ubuntu.com/ubuntu noble-security/main Translation-en [221 kB]
2026-10-04T18:51:33.1512280Z Get:20 http://azure.archive.ubuntu.com/ubuntu noble-security/main amd64 Components [46.4 kB]
2026-10-04T18:51:33.1520236Z Get:21 http://azure.archive.ubuntu.com/ubuntu noble-security/universe amd64 Packages [1216 kB]
2026-10-04T18:51:33.1572782Z Get:22 http://azure.archive.ubuntu.com/ubuntu noble-security/universe Translation-en [244 kB]
2026-10-04T18:51:33.1587664Z Get:23 http://azure.archive.ubuntu.com/ubuntu noble-security/universe amd64 Components [76.4 kB]
2026-10-04T18:51:33.1601027Z Get:24 http://azure.archive.ubuntu.com/ubuntu noble-security/restricted amd64 Packages [1566 kB]
2026-10-04T18:51:33.1672000Z Get:25 http://azure.archive.ubuntu.com/ubuntu noble-security/restricted Translation-en [361 kB]
2026-10-04T18:51:33.1877346Z Get:26 https://packages.microsoft.com/ubuntu/24.04/prod noble/main amd64 Packages [511 kB]
2026-10-04T18:51:33.1941097Z Get:27 https://packages.microsoft.com/ubuntu/24.04/prod noble/main arm64 Packages [458 kB]
2026-10-04T18:51:33.1996557Z Get:28 https://packages.microsoft.com/ubuntu/24.04/prod noble/main armhf Packages [12.6 kB]
2026-10-04T18:51:38.7091222Z Fetched 12.6 MB in 1s (12.6 MB/s)
2026-10-04T18:51:39.1924778Z Reading package lists...
2026-10-04T18:51:39.2108268Z Reading package lists...
2026-10-04T18:51:39.3306853Z Building dependency tree...
2026-10-04T18:51:39.3311877Z Reading state information...
2026-10-04T18:51:39.4338656Z libicu74 is already the newest version (74.2-1ubuntu3.1).
2026-10-04T18:51:39.4339290Z libatomic1 is already the newest version (14.2.0-4ubuntu2~24.04.1).
2026-10-04T18:51:39.4339724Z libatomic1 set to manually installed.
2026-10-04T18:51:39.4340156Z libatk-bridge2.0-0t64 is already the newest version (2.52.0-1build1).
2026-10-04T18:51:39.4340657Z libatk-bridge2.0-0t64 set to manually installed.
2026-10-04T18:51:39.4341174Z libatk1.0-0t64 is already the newest version (2.52.0-1build1).
2026-10-04T18:51:39.4341656Z libatk1.0-0t64 set to manually installed.
2026-10-04T18:51:39.4342143Z libcairo-gobject2 is already the newest version (1.18.0-3build1).
2026-10-04T18:51:39.4342598Z libcairo-gobject2 set to manually installed.
2026-10-04T18:51:39.4342989Z libcairo2 is already the newest version (1.18.0-3build1).
2026-10-04T18:51:39.4343344Z libcairo2 set to manually installed.
2026-10-04T18:51:39.4343728Z libdbus-1-3 is already the newest version (1.14.10-4ubuntu4.1).
2026-10-04T18:51:39.4344099Z libdbus-1-3 set to manually installed.
2026-10-04T18:51:39.4344480Z libdrm2 is already the newest version (2.4.125-1ubuntu0.1~24.04.2).
2026-10-04T18:51:39.4344995Z libdrm2 set to manually installed.
2026-10-04T18:51:39.4345367Z libenchant-2-2 is already the newest version (2.3.3-2build2).
2026-10-04T18:51:39.4345758Z libenchant-2-2 set to manually installed.
2026-10-04T18:51:39.4346125Z libepoxy0 is already the newest version (1.5.10-1build1).
2026-10-04T18:51:39.4346457Z libepoxy0 set to manually installed.
2026-10-04T18:51:39.4346881Z libfontconfig1 is already the newest version (2.15.0-1.1ubuntu2).
2026-10-04T18:51:39.4347298Z libfontconfig1 set to manually installed.
2026-10-04T18:51:39.4347733Z libfreetype6 is already the newest version (2.13.2+dfsg-1ubuntu0.1).
2026-10-04T18:51:39.4348082Z libfreetype6 set to manually installed.
2026-10-04T18:51:39.4348458Z libgdk-pixbuf-2.0-0 is already the newest version (2.42.10+dfsg-3ubuntu3.3).
2026-10-04T18:51:39.4348828Z libgdk-pixbuf-2.0-0 set to manually installed.
2026-10-04T18:51:39.4349087Z libglib2.0-0t64 is already the newest version (2.80.0-6ubuntu3.9).
2026-10-04T18:51:39.4349303Z libglib2.0-0t64 set to manually installed.
2026-10-04T18:51:39.4349531Z libgstreamer1.0-0 is already the newest version (1.24.2-1ubuntu0.1).
2026-10-04T18:51:39.4349758Z libgstreamer1.0-0 set to manually installed.
2026-10-04T18:51:39.4349979Z libharfbuzz0b is already the newest version (8.3.0-2build2).
2026-10-04T18:51:39.4350181Z libharfbuzz0b set to manually installed.
2026-10-04T18:51:39.4350395Z libjpeg-turbo8 is already the newest version (2.1.5-2ubuntu2).
2026-10-04T18:51:39.4350695Z libjpeg-turbo8 set to manually installed.
2026-10-04T18:51:39.4350959Z liblcms2-2 is already the newest version (2.14-2ubuntu0.1).
2026-10-04T18:51:39.4351157Z liblcms2-2 set to manually installed.
2026-10-04T18:51:39.4351371Z libpango-1.0-0 is already the newest version (1.52.1+ds-1build1).
2026-10-04T18:51:39.4351578Z libpango-1.0-0 set to manually installed.
2026-10-04T18:51:39.4351811Z libpangocairo-1.0-0 is already the newest version (1.52.1+ds-1build1).
2026-10-04T18:51:39.4352038Z libpangocairo-1.0-0 set to manually installed.
2026-10-04T18:51:39.4352265Z libpng16-16t64 is already the newest version (1.6.43-5ubuntu0.6).
2026-10-04T18:51:39.4352474Z libpng16-16t64 set to manually installed.
2026-10-04T18:51:39.4352699Z libwayland-client0 is already the newest version (1.22.0-2.1build1).
2026-10-04T18:51:39.4353076Z libwayland-client0 set to manually installed.
2026-10-04T18:51:39.4353396Z libwayland-egl1 is already the newest version (1.22.0-2.1build1).
2026-10-04T18:51:39.4353609Z libwayland-egl1 set to manually installed.
2026-10-04T18:51:39.4353815Z libwebp7 is already the newest version (1.3.2-0.4build3).
2026-10-04T18:51:39.4354026Z libwebp7 set to manually installed.
2026-10-04T18:51:39.4354233Z libwebpdemux2 is already the newest version (1.3.2-0.4build3).
2026-10-04T18:51:39.4354442Z libwebpdemux2 set to manually installed.
2026-10-04T18:51:39.4355020Z libx11-6 is already the newest version (2:1.8.7-1build1).
2026-10-04T18:51:39.4355309Z libx11-6 set to manually installed.
2026-10-04T18:51:39.4355617Z libxkbcommon0 is already the newest version (1.6.0-1build1).
2026-10-04T18:51:39.4355919Z libxkbcommon0 set to manually installed.
2026-10-04T18:51:39.4356250Z libxml2 is already the newest version (2.9.14+dfsg-1.3ubuntu3.9).
2026-10-04T18:51:39.4356566Z libxml2 set to manually installed.
2026-10-04T18:51:39.4356920Z libxslt1.1 is already the newest version (1.1.39-0exp1ubuntu0.24.04.3).
2026-10-04T18:51:39.4357247Z libxslt1.1 set to manually installed.
2026-10-04T18:51:39.4357556Z xvfb is already the newest version (2:21.1.12-1ubuntu1.8).
2026-10-04T18:51:39.4357991Z fonts-noto-color-emoji is already the newest version (2.047-0ubuntu0.24.04.1).
2026-10-04T18:51:39.4358412Z fonts-liberation is already the newest version (1:2.1.5-3).
2026-10-04T18:51:39.4358730Z fonts-liberation set to manually installed.
2026-10-04T18:51:39.4359039Z The following additional packages will be installed:
2026-10-04T18:51:39.4359360Z   glib-networking glib-networking-common glib-networking-services
2026-10-04T18:51:39.4359636Z   gsettings-desktop-schemas libaa1 libabsl20220623t64 libass9 libasyncns0
2026-10-04T18:51:39.4359923Z   libavc1394-0 libavcodec60 libavfilter9 libavformat60 libavtp0 libavutil58
2026-10-04T18:51:39.4360199Z   libblas3 libbluray2 libbs2b0 libcaca0 libcairo-script-interpreter2
2026-10-04T18:51:39.4360464Z   libcdparanoia0 libchromaprint1 libcjson1 libcodec2-1.2 libdav1d7
2026-10-04T18:51:39.4360736Z   libdc1394-25 libdca0 libde265-0 libdecor-0-0 libdirectfb-1.7-7t64 libdv4t64
2026-10-04T18:51:39.4361012Z   libdvdnav4 libdvdread8t64 libegl-mesa0 libegl1 libevent-core-2.1-7t64
2026-10-04T18:51:39.4361300Z   libevent-pthreads-2.1-7t64 libfaad2 libflac12t64 libfluidsynth3 libfreeaptx0
2026-10-04T18:51:39.4361585Z   libgav1-1 libgl1-mesa-dri libglx-mesa0 libgme0 libgraphene-1.0-0 libgsm1
2026-10-04T18:51:39.4361872Z   libgssdp-1.6-0 libgstreamer-plugins-good1.0-0 libgtk-4-common libgupnp-1.6-0
2026-10-04T18:51:39.4362144Z   libgupnp-igd-1.6-0 libhwy1t64 libiec61883-0 libimath-3-1-29t64
2026-10-04T18:51:39.4362391Z   libinstpatch-1.0-2 libjack-jackd2-0 libjxl0.7 liblapack3 liblc3-1
2026-10-04T18:51:39.4362653Z   libldacbt-enc2 liblilv-0-0 liblrdf0 libltc11 libmbedcrypto7t64 libmfx1
2026-10-04T18:51:39.4362903Z   libmjpegutils-2.1-0t64 libmodplug1 libmp3lame0 libmpcdec6
2026-10-04T18:51:39.4363152Z   libmpeg2encpp-2.1-0t64 libmpg123-0t64 libmplex2-2.1-0t64 libmysofa1
2026-10-04T18:51:39.4363410Z   libneon27t64 libnice10 libopenal-data libopenal1 libopenexr-3-1-30
2026-10-04T18:51:39.4363650Z   libopenh264-7 libopenmpt0t64 libopenni2-0 liborc-0.4-0t64
2026-10-04T18:51:39.4363892Z   libpipewire-0.3-0t64 libplacebo338 libpocketsphinx3 libpostproc57
2026-10-04T18:51:39.4364158Z   libproxy1v5 libpulse0 libqrencode4 libraptor2-0 librav1e0 libraw1394-11
2026-10-04T18:51:39.4364430Z   librist4 librsvg2-2 librubberband2 libsamplerate0 libsbc1 libsdl2-2.0-0
2026-10-04T18:51:39.4364857Z   libsecret-common libserd-0-0 libshine3 libshout3 libsndfile1 libsndio7.0
2026-10-04T18:51:39.4365131Z   libsord-0-0 libsoundtouch1 libsoup-3.0-0 libsoup-3.0-common libsoxr0
2026-10-04T18:51:39.4365429Z   libspa-0.2-modules libspandsp2t64 libspeex1 libsphinxbase3t64 libsratom-0-0
2026-10-04T18:51:39.4365719Z   libsrt1.5-gnutls libsrtp2-1 libssh-gcrypt-4 libsvtav1enc1d1 libswresample4
2026-10-04T18:51:39.4366392Z   libswscale7 libtag1v5 libtag1v5-vanilla libtheora0 libtwolame0 libudfread0
2026-10-04T18:51:39.4366850Z   libunibreak5 libv4l-0t64 libv4lconvert0t64 libva-drm2 libva-x11-2 libva2
2026-10-04T18:51:39.4367281Z   libvdpau1 libvidstab1.1 libvisual-0.4-0 libvo-aacenc0 libvo-amrwbenc0
2026-10-04T18:51:39.4367562Z   libvorbisenc2 libvpl2 libwavpack1 libwebrtc-audio-processing1 libwildmidi2
2026-10-04T18:51:39.4367855Z   libx265-199 libxcb-xkb1 libxkbcommon-x11-0 libxvidcore4 libyuv0 libzbar0t64
2026-10-04T18:51:39.4368138Z   libzimg2 libzix-0-0 libzvbi-common libzvbi0t64 libzxing3 mesa-libgallium
2026-10-04T18:51:39.4368749Z   ocl-icd-libopencl1 session-migration timgm6mb-soundfont xfonts-encodings
2026-10-04T18:51:39.4368965Z   xfonts-utils
2026-10-04T18:51:39.4369090Z Suggested packages:
2026-10-04T18:51:39.4369291Z   frei0r-plugins gvfs libcuda1 libnvcuvid1 libnvidia-encode1 libbluray-bdj
2026-10-04T18:51:39.4369577Z   libdirectfb-extra libdv-bin oss-compat libdvdcss2 libvisual-0.4-plugins
2026-10-04T18:51:39.4369861Z   jackd2 liblrdf0-dev libportaudio2 opus-tools pipewire pulseaudio
2026-10-04T18:51:39.4370124Z   raptor2-utils libraw1394-doc librsvg2-bin serdi sndiod sordi speex
2026-10-04T18:51:39.4370356Z   libwildmidi-config opencl-icd fluid-soundfont-gm
2026-10-04T18:51:39.4370535Z Recommended packages:
2026-10-04T18:51:39.4370719Z   fonts-ipafont-mincho fonts-tlwg-loma gstreamer1.0-x libaacs0
2026-10-04T18:51:39.4370978Z   default-libdecor-0-plugin-1 | libdecor-0-plugin-1 gstreamer1.0-gl
2026-10-04T18:51:39.4371272Z   libgtk-4-bin librsvg2-common libgtk-4-media-gstreamer libpipewire-0.3-common
2026-10-04T18:51:39.4371576Z   pocketsphinx-en-us va-driver-all | va-driver vdpau-driver-all | vdpau-driver
2026-10-04T18:51:39.4371796Z   libmagickcore-6.q16-7-extra
2026-10-04T18:51:39.4796073Z The following NEW packages will be installed:
2026-10-04T18:51:39.4796502Z   fonts-freefont-ttf fonts-ipafont-gothic fonts-tlwg-loma-otf fonts-unifont
2026-10-04T18:51:39.4796926Z   fonts-wqy-zenhei glib-networking glib-networking-common
2026-10-04T18:51:39.4797326Z   glib-networking-services gsettings-desktop-schemas gstreamer1.0-libav
2026-10-04T18:51:39.4797846Z   gstreamer1.0-plugins-bad gstreamer1.0-plugins-base gstreamer1.0-plugins-good
2026-10-04T18:51:39.4798305Z   libaa1 libabsl20220623t64 libass9 libasyncns0 libavc1394-0 libavcodec60
2026-10-04T18:51:39.4798718Z   libavfilter9 libavformat60 libavif16 libavtp0 libavutil58 libblas3
2026-10-04T18:51:39.4799152Z   libbluray2 libbs2b0 libcaca0 libcairo-script-interpreter2 libcdparanoia0
2026-10-04T18:51:39.4799592Z   libchromaprint1 libcjson1 libcodec2-1.2 libdav1d7 libdc1394-25 libdca0
2026-10-04T18:51:39.4799866Z   libde265-0 libdecor-0-0 libdirectfb-1.7-7t64 libdv4t64 libdvdnav4
2026-10-04T18:51:39.4800136Z   libdvdread8t64 libegl-mesa0 libegl1 libevent-2.1-7t64 libfaad2 libflac12t64
2026-10-04T18:51:39.4800408Z   libflite1 libfluidsynth3 libfreeaptx0 libgav1-1 libgles2 libgme0
2026-10-04T18:51:39.4800653Z   libgraphene-1.0-0 libgsm1 libgssdp-1.6-0 libgstreamer-gl1.0-0
2026-10-04T18:51:39.4800998Z   libgstreamer-plugins-bad1.0-0 libgstreamer-plugins-base1.0-0
2026-10-04T18:51:39.4801429Z   libgstreamer-plugins-good1.0-0 libgtk-4-1 libgtk-4-common libgupnp-1.6-0
2026-10-04T18:51:39.4801828Z   libgupnp-igd-1.6-0 libharfbuzz-icu0 libhwy1t64 libhyphen0 libiec61883-0
2026-10-04T18:51:39.4802110Z   libimath-3-1-29t64 libinstpatch-1.0-2 libjack-jackd2-0 libjxl0.7 liblapack3
2026-10-04T18:51:39.4802384Z   liblc3-1 libldacbt-enc2 liblilv-0-0 liblrdf0 libltc11 libmanette-0.2-0
2026-10-04T18:51:39.4802652Z   libmbedcrypto7t64 libmfx1 libmjpegutils-2.1-0t64 libmodplug1 libmp3lame0
2026-10-04T18:51:39.4802926Z   libmpcdec6 libmpeg2encpp-2.1-0t64 libmpg123-0t64 libmplex2-2.1-0t64
2026-10-04T18:51:39.4803343Z   libmysofa1 libneon27t64 libnice10 libopenal-data libopenal1
2026-10-04T18:51:39.4803769Z   libopenexr-3-1-30 libopenh264-7 libopenmpt0t64 libopenni2-0 libopus0
2026-10-04T18:51:39.4804137Z   liborc-0.4-0t64 libpipewire-0.3-0t64 libplacebo338 libpocketsphinx3
2026-10-04T18:51:39.4804729Z   libpostproc57 libproxy1v5 libpulse0 libqrencode4 libraptor2-0 librav1e0
2026-10-04T18:51:39.4804997Z   libraw1394-11 librist4 librsvg2-2 librubberband2 libsamplerate0 libsbc1
2026-10-04T18:51:39.4805274Z   libsdl2-2.0-0 libsecret-1-0 libsecret-common libserd-0-0 libshine3 libshout3
2026-10-04T18:51:39.4805540Z   libsndfile1 libsndio7.0 libsord-0-0 libsoundtouch1 libsoup-3.0-0
2026-10-04T18:51:39.4805802Z   libsoup-3.0-common libsoxr0 libspa-0.2-modules libspandsp2t64 libspeex1
2026-10-04T18:51:39.4806087Z   libsphinxbase3t64 libsratom-0-0 libsrt1.5-gnutls libsrtp2-1 libssh-gcrypt-4
2026-10-04T18:51:39.4806458Z   libsvtav1enc1d1 libswresample4 libswscale7 libtag1v5 libtag1v5-vanilla
2026-10-04T18:51:39.4806707Z   libtheora0 libtwolame0 libudfread0 libunibreak5 libv4l-0t64
2026-10-04T18:51:39.4806957Z   libv4lconvert0t64 libva-drm2 libva-x11-2 libva2 libvdpau1 libvidstab1.1
2026-10-04T18:51:39.4807238Z   libvisual-0.4-0 libvo-aacenc0 libvo-amrwbenc0 libvorbisenc2 libvpl2 libvpx9
2026-10-04T18:51:39.4807522Z   libwavpack1 libwayland-server0 libwebrtc-audio-processing1 libwildmidi2
2026-10-04T18:51:39.4807801Z   libwoff1 libx264-164 libx265-199 libxcb-xkb1 libxkbcommon-x11-0 libxvidcore4
2026-10-04T18:51:39.4808082Z   libyuv0 libzbar0t64 libzimg2 libzix-0-0 libzvbi-common libzvbi0t64 libzxing3
2026-10-04T18:51:39.4808374Z   ocl-icd-libopencl1 session-migration timgm6mb-soundfont xfonts-cyrillic
2026-10-04T18:51:39.4808609Z   xfonts-encodings xfonts-scalable xfonts-utils
2026-10-04T18:51:39.4808807Z The following packages will be upgraded:
2026-10-04T18:51:39.4809036Z   libevent-core-2.1-7t64 libevent-pthreads-2.1-7t64 libgbm1 libgl1-mesa-dri
2026-10-04T18:51:39.4809261Z   libglx-mesa0 mesa-libgallium
2026-10-04T18:51:39.4964200Z 6 upgraded, 181 newly installed, 0 to remove and 19 not upgraded.
2026-10-04T18:51:39.4964691Z Need to get 125 MB of archives.
2026-10-04T18:51:39.4965044Z After this operation, 364 MB of additional disk space will be used.
2026-10-04T18:51:39.4965484Z Get:1 file:/etc/apt/apt-mirrors.txt Mirrorlist [144 B]
2026-10-04T18:51:39.5536715Z Get:2 http://azure.archive.ubuntu.com/ubuntu noble/universe amd64 fonts-ipafont-gothic all 00303-21ubuntu1 [3513 kB]
2026-10-04T18:51:39.6360162Z Get:3 http://azure.archive.ubuntu.com/ubuntu noble/main amd64 fonts-freefont-ttf all 20211204+svn4273-2 [5641 kB]
2026-10-04T18:51:39.7244737Z Get:4 http://azure.archive.ubuntu.com/ubuntu noble/universe amd64 fonts-tlwg-loma-otf all 1:0.7.3-1 [107 kB]
2026-10-04T18:51:39.7565103Z Get:5 http://azure.archive.ubuntu.com/ubuntu noble/universe amd64 fonts-unifont all 1:15.1.01-1build1 [2993 kB]
2026-10-04T18:51:39.8177712Z Get:6 http://azure.archive.ubuntu.com/ubuntu noble/universe amd64 fonts-wqy-zenhei all 0.9.45-8 [7472 kB]
2026-10-04T18:51:39.9236081Z Get:7 http://azure.archive.ubuntu.com/ubuntu noble/main amd64 libproxy1v5 amd64 0.5.4-4build1 [26.5 kB]
2026-10-04T18:51:39.9552252Z Get:8 http://azure.archive.ubuntu.com/ubuntu noble/main amd64 glib-networking-common all 2.80.0-1build1 [6702 B]
2026-10-04T18:51:39.9867663Z Get:9 http://azure.archive.ubuntu.com/ubuntu noble/main amd64 glib-networking-services amd64 2.80.0-1build1 [12.8 kB]
2026-10-04T18:51:40.0143989Z Get:10 http://azure.archive.ubuntu.com/ubuntu noble/main amd64 session-migration amd64 0.3.9build1 [9034 B]
2026-10-04T18:51:40.0419295Z Get:11 http://azure.archive.ubuntu.com/ubuntu noble-updates/main amd64 gsettings-desktop-schemas all 46.1-0ubuntu1 [35.6 kB]
2026-10-04T18:51:40.0697232Z Get:12 http://azure.archive.ubuntu.com/ubuntu noble/main amd64 glib-networking amd64 2.80.0-1build1 [64.1 kB]
2026-10-04T18:51:40.0975720Z Get:13 http://azure.archive.ubuntu.com/ubuntu noble-updates/universe amd64 libva2 amd64 2.20.0-2ubuntu0.2 [66.4 kB]
2026-10-04T18:51:40.1253371Z Get:14 http://azure.archive.ubuntu.com/ubuntu noble-updates/universe amd64 libva-drm2 amd64 2.20.0-2ubuntu0.2 [7124 B]
2026-10-04T18:51:40.1528632Z Get:15 http://azure.archive.ubuntu.com/ubuntu noble-updates/universe amd64 libva-x11-2 amd64 2.20.0-2ubuntu0.2 [12.0 kB]
2026-10-04T18:51:40.1807510Z Get:16 http://azure.archive.ubuntu.com/ubuntu noble/main amd64 libvdpau1 amd64 1.5-2build1 [27.8 kB]
2026-10-04T18:51:40.2084707Z Get:17 http://azure.archive.ubuntu.com/ubuntu noble/universe amd64 libvpl2 amd64 2023.3.0-1build1 [99.8 kB]
2026-10-04T18:51:40.2365191Z Get:18 http://azure.archive.ubuntu.com/ubuntu noble/universe amd64 ocl-icd-libopencl1 amd64 2.3.2-1build1 [38.5 kB]
2026-10-04T18:51:40.2643613Z Get:19 http://azure.archive.ubuntu.com/ubuntu noble/universe amd64 libavutil58 amd64 7:6.1.1-3ubuntu5 [401 kB]
2026-10-04T18:51:40.3394378Z Get:20 http://azure.archive.ubuntu.com/ubuntu noble/universe amd64 libcodec2-1.2 amd64 1.2.0-2build1 [8998 kB]
2026-10-04T18:51:40.4467913Z Get:21 http://azure.archive.ubuntu.com/ubuntu noble/universe amd64 libdav1d7 amd64 1.4.1-1build1 [604 kB]
2026-10-04T18:51:40.4832670Z Get:22 http://azure.archive.ubuntu.com/ubuntu noble/universe amd64 libgsm1 amd64 1.0.22-1build1 [27.8 kB]
2026-10-04T18:51:40.5110056Z Get:23 http://azure.archive.ubuntu.com/ubuntu noble/universe amd64 libhwy1t64 amd64 1.0.7-8.1build1 [584 kB]
2026-10-04T18:51:40.5478644Z Get:24 http://azure.archive.ubuntu.com/ubuntu noble-updates/universe amd64 libjxl0.7 amd64 0.7.0-10.2ubuntu6.1 [1001 kB]
2026-10-04T18:51:40.5891808Z Get:25 http://azure.archive.ubuntu.com/ubuntu noble/main amd64 libmp3lame0 amd64 3.100-6build1 [142 kB]
2026-10-04T18:51:40.6219363Z Get:26 http://azure.archive.ubuntu.com/ubuntu noble/main amd64 libopus0 amd64 1.4-1build1 [208 kB]
2026-10-04T18:51:40.6549728Z Get:27 http://azure.archive.ubuntu.com/ubuntu noble/universe amd64 librav1e0 amd64 0.7.1-2 [1022 kB]
2026-10-04T18:51:40.6961815Z Get:28 http://azure.archive.ubuntu.com/ubuntu noble/main amd64 librsvg2-2 amd64 2.58.0+dfsg-1build1 [2135 kB]
2026-10-04T18:51:40.7492471Z Get:29 http://azure.archive.ubuntu.com/ubuntu noble/universe amd64 libshine3 amd64 3.1.1-2build1 [23.2 kB]
2026-10-04T18:51:40.7809995Z Get:30 http://azure.archive.ubuntu.com/ubuntu noble-updates/main amd64 libspeex1 amd64 1.2.1-2ubuntu2.24.04.1 [59.6 kB]
2026-10-04T18:51:40.8130256Z Get:31 http://azure.archive.ubuntu.com/ubuntu noble/universe amd64 libsvtav1enc1d1 amd64 1.7.0+dfsg-2build1 [2425 kB]
2026-10-04T18:51:40.8686291Z Get:32 http://azure.archive.ubuntu.com/ubuntu noble/universe amd64 libsoxr0 amd64 0.1.3-4build3 [80.0 kB]
2026-10-04T18:51:40.9005761Z Get:33 http://azure.archive.ubuntu.com/ubuntu noble/universe amd64 libswresample4 amd64 7:6.1.1-3ubuntu5 [63.8 kB]
2026-10-04T18:51:40.9324797Z Get:34 http://azure.archive.ubuntu.com/ubuntu noble/main amd64 libtheora0 amd64 1.1.1+dfsg.1-16.1build3 [211 kB]
2026-10-04T18:51:40.9657231Z Get:35 http://azure.archive.ubuntu.com/ubuntu noble/main amd64 libtwolame0 amd64 0.4.0-2build3 [52.3 kB]
2026-10-04T18:51:40.9977037Z Get:36 http://azure.archive.ubuntu.com/ubuntu noble/main amd64 libvorbisenc2 amd64 1.3.7-1build3 [80.8 kB]
2026-10-04T18:51:41.0297077Z Get:37 http://azure.archive.ubuntu.com/ubuntu noble-updates/main amd64 libvpx9 amd64 1.14.0-1ubuntu2.3 [1143 kB]
2026-10-04T18:51:41.0721292Z Get:38 http://azure.archive.ubuntu.com/ubuntu noble/universe amd64 libx264-164 amd64 2:0.164.3108+git31e19f9-1 [604 kB]
2026-10-04T18:51:41.1827101Z Get:39 http://azure.archive.ubuntu.com/ubuntu noble/universe amd64 libx265-199 amd64 3.5-2build1 [1226 kB]
2026-10-04T18:51:41.4252102Z Get:40 http://azure.archive.ubuntu.com/ubuntu noble/universe amd64 libxvidcore4 amd64 2:1.3.7-1build1 [219 kB]
2026-10-04T18:51:41.4571905Z Get:41 http://azure.archive.ubuntu.com/ubuntu noble/universe amd64 libzvbi-common all 0.2.42-2 [42.4 kB]
2026-10-04T18:51:41.4885403Z Get:42 http://azure.archive.ubuntu.com/ubuntu noble/universe amd64 libzvbi0t64 amd64 0.2.42-2 [261 kB]
2026-10-04T18:51:41.5220282Z Get:43 http://azure.archive.ubuntu.com/ubuntu noble/universe amd64 libavcodec60 amd64 7:6.1.1-3ubuntu5 [5851 kB]
2026-10-04T18:51:41.6026402Z Get:44 http://azure.archive.ubuntu.com/ubuntu noble/universe amd64 libunibreak5 amd64 5.1-2build1 [25.0 kB]
2026-10-04T18:51:41.6349217Z Get:45 http://azure.archive.ubuntu.com/ubuntu noble/universe amd64 libass9 amd64 1:0.17.1-2build1 [104 kB]
2026-10-04T18:51:41.6629133Z Get:46 http://azure.archive.ubuntu.com/ubuntu noble/universe amd64 libudfread0 amd64 1.1.2-1build1 [19.0 kB]
2026-10-04T18:51:41.6906677Z Get:47 http://azure.archive.ubuntu.com/ubuntu noble/universe amd64 libbluray2 amd64 1:1.3.4-1build1 [159 kB]
2026-10-04T18:51:41.7192389Z Get:48 http://azure.archive.ubuntu.com/ubuntu noble/universe amd64 libchromaprint1 amd64 1.5.1-5 [30.5 kB]
2026-10-04T18:51:41.7470041Z Get:49 http://azure.archive.ubuntu.com/ubuntu noble/universe amd64 libgme0 amd64 0.6.3-7build1 [134 kB]
2026-10-04T18:51:41.7794425Z Get:50 http://azure.archive.ubuntu.com/ubuntu noble-updates/main amd64 libmpg123-0t64 amd64 1.32.5-1ubuntu1.1 [169 kB]
2026-10-04T18:51:41.8132536Z Get:51 http://azure.archive.ubuntu.com/ubuntu noble/universe amd64 libopenmpt0t64 amd64 0.7.3-1.1build3 [647 kB]
2026-10-04T18:51:41.8557950Z Get:52 http://azure.archive.ubuntu.com/ubuntu noble/universe amd64 libcjson1 amd64 1.7.17-1 [24.8 kB]
2026-10-04T18:51:41.8871444Z Get:53 http://azure.archive.ubuntu.com/ubuntu noble/universe amd64 libmbedcrypto7t64 amd64 2.28.8-1 [209 kB]
2026-10-04T18:51:41.9217686Z Get:54 http://azure.archive.ubuntu.com/ubuntu noble/universe amd64 librist4 amd64 0.2.10+dfsg-2 [74.9 kB]
2026-10-04T18:51:41.9536750Z Get:55 http://azure.archive.ubuntu.com/ubuntu noble/universe amd64 libsrt1.5-gnutls amd64 1.5.3-1build2 [316 kB]
2026-10-04T18:51:41.9903370Z Get:56 http://azure.archive.ubuntu.com/ubuntu noble-updates/main amd64 libssh-gcrypt-4 amd64 0.10.6-2ubuntu0.5 [226 kB]
2026-10-04T18:51:42.0252977Z Get:57 http://azure.archive.ubuntu.com/ubuntu noble/universe amd64 libavformat60 amd64 7:6.1.1-3ubuntu5 [1153 kB]
2026-10-04T18:51:42.1194460Z Get:58 http://azure.archive.ubuntu.com/ubuntu noble/universe amd64 libbs2b0 amd64 3.1.0+dfsg-7build1 [10.6 kB]
2026-10-04T18:51:42.1513267Z Get:59 http://azure.archive.ubuntu.com/ubuntu noble/universe amd64 libflite1 amd64 2.2-6build3 [13.6 MB]
2026-10-04T18:51:42.3186342Z Get:60 http://azure.archive.ubuntu.com/ubuntu noble/universe amd64 libserd-0-0 amd64 0.32.2-1 [43.6 kB]
2026-10-04T18:51:42.3503147Z Get:61 http://azure.archive.ubuntu.com/ubuntu noble/universe amd64 libzix-0-0 amd64 0.4.2-2build1 [23.6 kB]
2026-10-04T18:51:42.3818274Z Get:62 http://azure.archive.ubuntu.com/ubuntu noble/universe amd64 libsord-0-0 amd64 0.16.16-2build1 [15.8 kB]
2026-10-04T18:51:42.4133450Z Get:63 http://azure.archive.ubuntu.com/ubuntu noble/universe amd64 libsratom-0-0 amd64 0.6.16-1build1 [17.3 kB]
2026-10-04T18:51:42.4449509Z Get:64 http://azure.archive.ubuntu.com/ubuntu noble/universe amd64 liblilv-0-0 amd64 0.24.22-1build1 [41.0 kB]
2026-10-04T18:51:42.4765677Z Get:65 http://azure.archive.ubuntu.com/ubuntu noble/universe amd64 libmysofa1 amd64 1.3.2+dfsg-2ubuntu2 [1158 kB]
2026-10-04T18:51:42.5441159Z Get:66 http://azure.archive.ubuntu.com/ubuntu noble/universe amd64 libplacebo338 amd64 6.338.2-2build1 [2654 kB]
2026-10-04T18:51:42.7894494Z Get:67 http://azure.archive.ubuntu.com/ubuntu noble-updates/main amd64 libblas3 amd64 3.12.0-3build1.1 [238 kB]
2026-10-04T18:51:42.8233529Z Get:68 http://azure.archive.ubuntu.com/ubuntu noble-updates/main amd64 liblapack3 amd64 3.12.0-3build1.1 [2646 kB]
2026-10-04T18:51:42.8826180Z Get:69 http://azure.archive.ubuntu.com/ubuntu noble/main amd64 libasyncns0 amd64 0.8-6build4 [11.3 kB]
2026-10-04T18:51:42.9141687Z Get:70 http://azure.archive.ubuntu.com/ubuntu noble/main amd64 libflac12t64 amd64 1.4.3+ds-2.1ubuntu2 [197 kB]
2026-10-04T18:51:42.9472521Z Get:71 http://azure.archive.ubuntu.com/ubuntu noble-updates/main amd64 libsndfile1 amd64 1.2.2-1ubuntu5.24.04.1 [209 kB]
2026-10-04T18:51:42.9802879Z Get:72 http://azure.archive.ubuntu.com/ubuntu noble-updates/main amd64 libpulse0 amd64 1:16.1+dfsg1-2ubuntu10.1 [292 kB]
2026-10-04T18:51:43.0141460Z Get:73 http://azure.archive.ubuntu.com/ubuntu noble/universe amd64 libsphinxbase3t64 amd64 0.8+5prealpha+1-17build2 [126 kB]
2026-10-04T18:51:43.0713919Z Get:74 http://azure.archive.ubuntu.com/ubuntu noble/universe amd64 libpocketsphinx3 amd64 0.8.0+real5prealpha+1-15ubuntu5 [133 kB]
2026-10-04T18:51:43.1945896Z Get:75 http://azure.archive.ubuntu.com/ubuntu noble/universe amd64 libpostproc57 amd64 7:6.1.1-3ubuntu5 [49.9 kB]
2026-10-04T18:51:43.2715518Z Get:76 http://azure.archive.ubuntu.com/ubuntu noble/main amd64 libsamplerate0 amd64 0.2.2-4build1 [1344 kB]
2026-10-04T18:51:43.3105101Z Get:77 http://azure.archive.ubuntu.com/ubuntu noble/universe amd64 librubberband2 amd64 3.3.0+dfsg-2build1 [130 kB]
2026-10-04T18:51:43.3391808Z Get:78 http://azure.archive.ubuntu.com/ubuntu noble/universe amd64 libswscale7 amd64 7:6.1.1-3ubuntu5 [193 kB]
2026-10-04T18:51:43.3677450Z Get:79 http://azure.archive.ubuntu.com/ubuntu noble/universe amd64 libvidstab1.1 amd64 1.1.0-2build1 [38.5 kB]
2026-10-04T18:51:43.3959826Z Get:80 http://azure.archive.ubuntu.com/ubuntu noble/universe amd64 libzimg2 amd64 3.0.5+ds1-1build1 [254 kB]
2026-10-04T18:51:43.4253753Z Get:81 http://azure.archive.ubuntu.com/ubuntu noble/universe amd64 libavfilter9 amd64 7:6.1.1-3ubuntu5 [4235 kB]
2026-10-04T18:51:43.4896533Z Get:82 http://azure.archive.ubuntu.com/ubuntu noble-updates/main amd64 liborc-0.4-0t64 amd64 1:0.4.38-1ubuntu0.1 [207 kB]
2026-10-04T18:51:43.5190997Z Get:83 http://azure.archive.ubuntu.com/ubuntu noble-updates/main amd64 libgstreamer-plugins-base1.0-0 amd64 1.24.2-1ubuntu0.5 [862 kB]
2026-10-04T18:51:43.5537780Z Get:84 http://azure.archive.ubuntu.com/ubuntu noble/universe amd64 gstreamer1.0-libav amd64 1.24.1-1build1 [103 kB]
2026-10-04T18:51:43.5818209Z Get:85 http://azure.archive.ubuntu.com/ubuntu noble/main amd64 libcdparanoia0 amd64 3.10.2+debian-14build3 [48.5 kB]
2026-10-04T18:51:43.6097893Z Get:86 http://azure.archive.ubuntu.com/ubuntu noble/main amd64 libvisual-0.4-0 amd64 0.4.2-2build1 [115 kB]
2026-10-04T18:51:43.6379395Z Get:87 http://azure.archive.ubuntu.com/ubuntu noble-updates/main amd64 gstreamer1.0-plugins-base amd64 1.24.2-1ubuntu0.5 [721 kB]
2026-10-04T18:51:43.6713789Z Get:88 http://azure.archive.ubuntu.com/ubuntu noble/main amd64 libaa1 amd64 1.4p5-51.1 [49.9 kB]
2026-10-04T18:51:43.6992248Z Get:89 http://azure.archive.ubuntu.com/ubuntu noble/main amd64 libraw1394-11 amd64 2.1.2-2build3 [26.2 kB]
2026-10-04T18:51:43.7269055Z Get:90 http://azure.archive.ubuntu.com/ubuntu noble/main amd64 libavc1394-0 amd64 0.5.4-5build3 [15.4 kB]
2026-10-04T18:51:43.7545777Z Get:91 http://azure.archive.ubuntu.com/ubuntu noble-updates/main amd64 libcaca0 amd64 0.99.beta20-4ubuntu0.2 [209 kB]
2026-10-04T18:51:43.7835931Z Get:92 http://azure.archive.ubuntu.com/ubuntu noble/main amd64 libdv4t64 amd64 1.0.0-17.1build1 [63.2 kB]
2026-10-04T18:51:43.8114307Z Get:93 http://azure.archive.ubuntu.com/ubuntu noble-updates/main amd64 libgstreamer-plugins-good1.0-0 amd64 1.24.2-1ubuntu1.8 [34.3 kB]
2026-10-04T18:51:43.8391886Z Get:94 http://azure.archive.ubuntu.com/ubuntu noble/main amd64 libiec61883-0 amd64 1.2.0-6build1 [24.5 kB]
2026-10-04T18:51:43.9113214Z Get:95 http://azure.archive.ubuntu.com/ubuntu noble/main amd64 libshout3 amd64 2.4.6-1build2 [50.3 kB]
2026-10-04T18:51:43.9393189Z Get:96 http://azure.archive.ubuntu.com/ubuntu noble/main amd64 libtag1v5-vanilla amd64 1.13.1-1build1 [326 kB]
2026-10-04T18:51:43.9691534Z Get:97 http://azure.archive.ubuntu.com/ubuntu noble/main amd64 libtag1v5 amd64 1.13.1-1build1 [11.7 kB]
2026-10-04T18:51:43.9969320Z Get:98 http://azure.archive.ubuntu.com/ubuntu noble/main amd64 libv4lconvert0t64 amd64 1.26.1-4build3 [87.6 kB]
2026-10-04T18:51:44.0527434Z Get:99 http://azure.archive.ubuntu.com/ubuntu noble/main amd64 libv4l-0t64 amd64 1.26.1-4build3 [46.9 kB]
2026-10-04T18:51:44.1345645Z Get:100 http://azure.archive.ubuntu.com/ubuntu noble/main amd64 libwavpack1 amd64 5.6.0-1build1 [84.6 kB]
2026-10-04T18:51:44.1954439Z Get:101 http://azure.archive.ubuntu.com/ubuntu noble-updates/main amd64 libsoup-3.0-common all 3.4.4-5ubuntu0.8 [11.7 kB]
2026-10-04T18:51:44.2243190Z Get:102 http://azure.archive.ubuntu.com/ubuntu noble-updates/main amd64 libsoup-3.0-0 amd64 3.4.4-5ubuntu0.8 [290 kB]
2026-10-04T18:51:44.3005471Z Get:103 http://azure.archive.ubuntu.com/ubuntu noble-updates/main amd64 gstreamer1.0-plugins-good amd64 1.24.2-1ubuntu1.8 [2236 kB]
2026-10-04T18:51:44.3471639Z Get:104 http://azure.archive.ubuntu.com/ubuntu noble-updates/main amd64 libabsl20220623t64 amd64 20220623.1-3.1ubuntu3.2 [423 kB]
2026-10-04T18:51:44.3782439Z Get:105 http://azure.archive.ubuntu.com/ubuntu noble/universe amd64 libgav1-1 amd64 0.18.0-1build3 [357 kB]
2026-10-04T18:51:44.4125438Z Get:106 http://azure.archive.ubuntu.com/ubuntu noble/universe amd64 libyuv0 amd64 0.0~git202401110.af6ac82-1 [178 kB]
2026-10-04T18:51:44.4451711Z Get:107 http://azure.archive.ubuntu.com/ubuntu noble/universe amd64 libavif16 amd64 1.0.4-1ubuntu3 [91.2 kB]
2026-10-04T18:51:44.4766348Z Get:108 http://azure.archive.ubuntu.com/ubuntu noble/universe amd64 libavtp0 amd64 0.2.0-1build1 [6414 B]
2026-10-04T18:51:44.5078510Z Get:109 http://azure.archive.ubuntu.com/ubuntu noble/main amd64 libcairo-script-interpreter2 amd64 1.18.0-3build1 [60.3 kB]
2026-10-04T18:51:44.5393691Z Get:110 http://azure.archive.ubuntu.com/ubuntu noble/universe amd64 libdc1394-25 amd64 2.2.6-4build1 [90.1 kB]
2026-10-04T18:51:44.5708943Z Get:111 http://azure.archive.ubuntu.com/ubuntu noble-updates/main amd64 libde265-0 amd64 1.0.15-1ubuntu0.1 [167 kB]
2026-10-04T18:51:44.6028813Z Get:112 http://azure.archive.ubuntu.com/ubuntu noble/main amd64 libdecor-0-0 amd64 0.2.2-1build2 [16.5 kB]
2026-10-04T18:51:44.6412919Z Get:113 http://azure.archive.ubuntu.com/ubuntu noble/main amd64 libgles2 amd64 1.7.0-1build1 [17.1 kB]
2026-10-04T18:51:44.6796925Z Get:114 http://azure.archive.ubuntu.com/ubuntu noble/universe amd64 libdirectfb-1.7-7t64 amd64 1.7.7-11.1ubuntu2 [1035 kB]
2026-10-04T18:51:44.7188487Z Get:115 http://azure.archive.ubuntu.com/ubuntu noble/universe amd64 libdvdread8t64 amd64 6.1.3-1.1build1 [54.7 kB]
2026-10-04T18:51:44.7467037Z Get:116 http://azure.archive.ubuntu.com/ubuntu noble/universe amd64 libdvdnav4 amd64 6.1.1-3build1 [39.5 kB]
2026-10-04T18:51:44.7743362Z Get:117 http://azure.archive.ubuntu.com/ubuntu noble-updates/main amd64 libgl1-mesa-dri amd64 25.2.8-0ubuntu0.24.04.4 [38.0 kB]
2026-10-04T18:51:44.8021435Z Get:118 http://azure.archive.ubuntu.com/ubuntu noble-updates/main amd64 libglx-mesa0 amd64 25.2.8-0ubuntu0.24.04.4 [110 kB]
2026-10-04T18:51:44.8301896Z Get:119 http://azure.archive.ubuntu.com/ubuntu noble-updates/main amd64 libgbm1 amd64 25.2.8-0ubuntu0.24.04.4 [34.2 kB]
2026-10-04T18:51:44.8579485Z Get:120 http://azure.archive.ubuntu.com/ubuntu noble-updates/main amd64 mesa-libgallium amd64 25.2.8-0ubuntu0.24.04.4 [10.8 MB]
2026-10-04T18:51:45.0418791Z Get:121 http://azure.archive.ubuntu.com/ubuntu noble-updates/main amd64 libegl-mesa0 amd64 25.2.8-0ubuntu0.24.04.4 [117 kB]
2026-10-04T18:51:45.0701422Z Get:122 http://azure.archive.ubuntu.com/ubuntu noble-updates/main amd64 libevent-2.1-7t64 amd64 2.1.12-stable-9ubuntu2.2 [146 kB]
2026-10-04T18:51:45.1009226Z Get:123 http://azure.archive.ubuntu.com/ubuntu noble-updates/main amd64 libevent-pthreads-2.1-7t64 amd64 2.1.12-stable-9ubuntu2.2 [7988 B]
2026-10-04T18:51:45.1358173Z Get:124 http://azure.archive.ubuntu.com/ubuntu noble-updates/main amd64 libevent-core-2.1-7t64 amd64 2.1.12-stable-9ubuntu2.2 [91.9 kB]
2026-10-04T18:51:45.1726773Z Get:125 http://azure.archive.ubuntu.com/ubuntu noble/universe amd64 libfaad2 amd64 2.11.1-1build1 [207 kB]
2026-10-04T18:51:45.2099956Z Get:126 http://azure.archive.ubuntu.com/ubuntu noble/universe amd64 libinstpatch-1.0-2 amd64 1.1.6-1build2 [251 kB]
2026-10-04T18:51:45.2463299Z Get:127 http://azure.archive.ubuntu.com/ubuntu noble/main amd64 libjack-jackd2-0 amd64 1.9.21~dfsg-3ubuntu3 [289 kB]
2026-10-04T18:51:45.2840894Z Get:128 http://azure.archive.ubuntu.com/ubuntu noble/main amd64 libwebrtc-audio-processing1 amd64 0.3.1-0ubuntu6 [290 kB]
2026-10-04T18:51:45.3215223Z Get:129 http://azure.archive.ubuntu.com/ubuntu noble-updates/main amd64 libspa-0.2-modules amd64 1.0.5-1ubuntu3.3 [628 kB]
2026-10-04T18:51:45.3627491Z Get:130 http://azure.archive.ubuntu.com/ubuntu noble-updates/main amd64 libpipewire-0.3-0t64 amd64 1.0.5-1ubuntu3.3 [252 kB]
2026-10-04T18:51:45.3921828Z Get:131 http://azure.archive.ubuntu.com/ubuntu noble-updates/main amd64 libsdl2-2.0-0 amd64 2.30.0+dfsg-1ubuntu3.1 [686 kB]
2026-10-04T18:51:45.4650945Z Get:132 http://azure.archive.ubuntu.com/ubuntu noble/universe amd64 timgm6mb-soundfont all 1.3-5 [5427 kB]
2026-10-04T18:51:45.5777716Z Get:133 http://azure.archive.ubuntu.com/ubuntu noble/universe amd64 libfluidsynth3 amd64 2.3.4-1build3 [249 kB]
2026-10-04T18:51:45.6059644Z Get:134 http://azure.archive.ubuntu.com/ubuntu noble/main amd64 libfreeaptx0 amd64 0.1.1-2build1 [13.5 kB]
2026-10-04T18:51:45.6333646Z Get:135 http://azure.archive.ubuntu.com/ubuntu noble/main amd64 libgraphene-1.0-0 amd64 1.10.8-3build2 [46.2 kB]
2026-10-04T18:51:45.6608510Z Get:136 http://azure.archive.ubuntu.com/ubuntu noble/main amd64 libgssdp-1.6-0 amd64 1.6.3-1build3 [40.4 kB]
2026-10-04T18:51:45.6886530Z Get:137 http://azure.archive.ubuntu.com/ubuntu noble/main amd64 libegl1 amd64 1.7.0-1build1 [28.7 kB]
2026-10-04T18:51:45.7162327Z Get:138 http://azure.archive.ubuntu.com/ubuntu noble-updates/main amd64 libgstreamer-gl1.0-0 amd64 1.24.2-1ubuntu0.5 [214 kB]
2026-10-04T18:51:45.7964031Z Get:139 http://azure.archive.ubuntu.com/ubuntu noble-updates/main amd64 libgtk-4-common all 4.14.5+ds-0ubuntu0.10 [1497 kB]
2026-10-04T18:51:45.8522217Z Get:140 http://azure.archive.ubuntu.com/ubuntu noble-updates/main amd64 libgtk-4-1 amd64 4.14.5+ds-0ubuntu0.10 [3295 kB]
2026-10-04T18:51:45.9676555Z Get:141 http://azure.archive.ubuntu.com/ubuntu noble/main amd64 libgupnp-1.6-0 amd64 1.6.6-1build3 [92.7 kB]
2026-10-04T18:51:46.1178384Z Get:142 http://azure.archive.ubuntu.com/ubuntu noble/universe amd64 libgupnp-igd-1.6-0 amd64 1.6.0-3build3 [16.5 kB]
2026-10-04T18:51:46.1603717Z Get:143 http://azure.archive.ubuntu.com/ubuntu noble/main amd64 libharfbuzz-icu0 amd64 8.3.0-2build2 [13.3 kB]
2026-10-04T18:51:46.1912812Z Get:144 http://azure.archive.ubuntu.com/ubuntu noble/main amd64 libhyphen0 amd64 2.8.8-7build3 [26.5 kB]
2026-10-04T18:51:46.2187750Z Get:145 http://azure.archive.ubuntu.com/ubuntu noble/universe amd64 libimath-3-1-29t64 amd64 3.1.9-3.1ubuntu2 [72.2 kB]
2026-10-04T18:51:46.2465561Z Get:146 http://azure.archive.ubuntu.com/ubuntu noble/main amd64 liblc3-1 amd64 1.0.4-3build1 [69.7 kB]
2026-10-04T18:51:46.2743488Z Get:147 http://azure.archive.ubuntu.com/ubuntu noble/main amd64 libldacbt-enc2 amd64 2.0.2.3+git20200429+ed310a0-4ubuntu2 [27.1 kB]
2026-10-04T18:51:46.3017500Z Get:148 http://azure.archive.ubuntu.com/ubuntu noble-updates/main amd64 libraptor2-0 amd64 2.0.16-3ubuntu0.1 [165 kB]
2026-10-04T18:51:46.3299257Z Get:149 http://azure.archive.ubuntu.com/ubuntu noble/universe amd64 liblrdf0 amd64 0.6.1-4build1 [18.5 kB]
2026-10-04T18:51:46.3575161Z Get:150 http://azure.archive.ubuntu.com/ubuntu noble/universe amd64 libltc11 amd64 1.3.2-1build1 [13.0 kB]
2026-10-04T18:51:46.3848871Z Get:151 http://azure.archive.ubuntu.com/ubuntu noble/main amd64 libmanette-0.2-0 amd64 0.2.7-1build2 [30.6 kB]
2026-10-04T18:51:46.4123668Z Get:152 http://azure.archive.ubuntu.com/ubuntu noble/universe amd64 libmfx1 amd64 22.5.4-1 [3124 kB]
2026-10-04T18:51:46.4527216Z Get:153 http://azure.archive.ubuntu.com/ubuntu noble/universe amd64 libmjpegutils-2.1-0t64 amd64 1:2.1.0+debian-8.1build1 [25.5 kB]
2026-10-04T18:51:46.4804828Z Get:154 http://azure.archive.ubuntu.com/ubuntu noble/universe amd64 libmodplug1 amd64 1:0.8.9.0-3build1 [166 kB]
2026-10-04T18:51:46.5085941Z Get:155 http://azure.archive.ubuntu.com/ubuntu noble/universe amd64 libmpcdec6 amd64 2:0.1~r495-2build1 [32.7 kB]
2026-10-04T18:51:46.5366764Z Get:156 http://azure.archive.ubuntu.com/ubuntu noble/universe amd64 libmpeg2encpp-2.1-0t64 amd64 1:2.1.0+debian-8.1build1 [75.6 kB]
2026-10-04T18:51:46.6055409Z Get:157 http://azure.archive.ubuntu.com/ubuntu noble/universe amd64 libmplex2-2.1-0t64 amd64 1:2.1.0+debian-8.1build1 [46.1 kB]
2026-10-04T18:51:46.6331295Z Get:158 http://azure.archive.ubuntu.com/ubuntu noble/universe amd64 libneon27t64 amd64 0.33.0-1.1build3 [102 kB]
2026-10-04T18:51:46.6615409Z Get:159 http://azure.archive.ubuntu.com/ubuntu noble/universe amd64 libnice10 amd64 0.1.21-2build3 [157 kB]
2026-10-04T18:51:46.6931134Z Get:160 http://azure.archive.ubuntu.com/ubuntu noble/universe amd64 libopenal-data all 1:1.23.1-4build1 [161 kB]
2026-10-04T18:51:46.7275244Z Get:161 http://azure.archive.ubuntu.com/ubuntu noble/universe amd64 libopenexr-3-1-30 amd64 3.1.5-5.1build3 [1004 kB]
2026-10-04T18:51:46.7805963Z Get:162 http://azure.archive.ubuntu.com/ubuntu noble/universe amd64 libopenh264-7 amd64 2.4.1+dfsg-1 [409 kB]
2026-10-04T18:51:46.8142333Z Get:163 http://azure.archive.ubuntu.com/ubuntu noble/universe amd64 libopenni2-0 amd64 2.2.0.33+dfsg-18 [370 kB]
2026-10-04T18:51:46.8723874Z Get:164 http://azure.archive.ubuntu.com/ubuntu noble/universe amd64 libqrencode4 amd64 4.1.1-1build2 [25.0 kB]
2026-10-04T18:51:46.9308315Z Get:165 http://azure.archive.ubuntu.com/ubuntu noble/main amd64 libsecret-common all 0.21.4-1build3 [4962 B]
2026-10-04T18:51:46.9602240Z Get:166 http://azure.archive.ubuntu.com/ubuntu noble/main amd64 libsecret-1-0 amd64 0.21.4-1build3 [116 kB]
2026-10-04T18:51:46.9910409Z Get:167 http://azure.archive.ubuntu.com/ubuntu noble/universe amd64 libsndio7.0 amd64 1.9.0-0.3build3 [29.6 kB]
2026-10-04T18:51:47.0213551Z Get:168 http://azure.archive.ubuntu.com/ubuntu noble/universe amd64 libsoundtouch1 amd64 2.3.2+ds1-1build1 [60.5 kB]
2026-10-04T18:51:47.0517119Z Get:169 http://azure.archive.ubuntu.com/ubuntu noble/universe amd64 libspandsp2t64 amd64 0.0.6+dfsg-2.1build1 [311 kB]
2026-10-04T18:51:47.0834145Z Get:170 http://azure.archive.ubuntu.com/ubuntu noble/universe amd64 libsrtp2-1 amd64 2.5.0-3build1 [41.9 kB]
2026-10-04T18:51:47.1113707Z Get:171 http://azure.archive.ubuntu.com/ubuntu noble/main amd64 libwayland-server0 amd64 1.22.0-2.1build1 [33.9 kB]
2026-10-04T18:51:47.1391311Z Get:172 http://azure.archive.ubuntu.com/ubuntu noble/universe amd64 libwildmidi2 amd64 0.4.3-1build3 [68.5 kB]
2026-10-04T18:51:47.1673255Z Get:173 http://azure.archive.ubuntu.com/ubuntu noble/main amd64 libwoff1 amd64 1.0.2-2build1 [45.3 kB]
2026-10-04T18:51:47.1953805Z Get:174 http://azure.archive.ubuntu.com/ubuntu noble/main amd64 libxcb-xkb1 amd64 1.15-1ubuntu2 [32.3 kB]
2026-10-04T18:51:47.2230290Z Get:175 http://azure.archive.ubuntu.com/ubuntu noble/main amd64 libxkbcommon-x11-0 amd64 1.6.0-1build1 [14.5 kB]
2026-10-04T18:51:47.2977645Z Get:176 http://azure.archive.ubuntu.com/ubuntu noble/universe amd64 libzbar0t64 amd64 0.23.93-4build3 [123 kB]
2026-10-04T18:51:47.3274361Z Get:177 http://azure.archive.ubuntu.com/ubuntu noble/universe amd64 libzxing3 amd64 2.2.1-3 [583 kB]
2026-10-04T18:51:47.3693621Z Get:178 http://azure.archive.ubuntu.com/ubuntu noble/main amd64 xfonts-encodings all 1:1.0.5-0ubuntu2 [578 kB]
2026-10-04T18:51:47.4100670Z Get:179 http://azure.archive.ubuntu.com/ubuntu noble/main amd64 xfonts-utils amd64 1:7.7+6build3 [94.4 kB]
2026-10-04T18:51:47.4392584Z Get:180 http://azure.archive.ubuntu.com/ubuntu noble/universe amd64 xfonts-cyrillic all 1:1.0.5+nmu1 [384 kB]
2026-10-04T18:51:47.4753697Z Get:181 http://azure.archive.ubuntu.com/ubuntu noble/main amd64 xfonts-scalable all 1:1.0.3-1.3 [304 kB]
2026-10-04T18:51:47.5045598Z Get:182 http://azure.archive.ubuntu.com/ubuntu noble/universe amd64 libgstreamer-plugins-bad1.0-0 amd64 1.24.2-1ubuntu4 [797 kB]
2026-10-04T18:51:47.5387123Z Get:183 http://azure.archive.ubuntu.com/ubuntu noble/universe amd64 libdca0 amd64 0.0.7-2build1 [93.8 kB]
2026-10-04T18:51:47.5669194Z Get:184 http://azure.archive.ubuntu.com/ubuntu noble/universe amd64 libopenal1 amd64 1:1.23.1-4build1 [540 kB]
2026-10-04T18:51:47.5989694Z Get:185 http://azure.archive.ubuntu.com/ubuntu noble/main amd64 libsbc1 amd64 2.0-1build1 [33.9 kB]
2026-10-04T18:51:47.6267170Z Get:186 http://azure.archive.ubuntu.com/ubuntu noble/universe amd64 libvo-aacenc0 amd64 0.1.3-2build1 [67.8 kB]
2026-10-04T18:51:47.6547157Z Get:187 http://azure.archive.ubuntu.com/ubuntu noble/universe amd64 libvo-amrwbenc0 amd64 0.1.3-2build1 [76.7 kB]
2026-10-04T18:51:47.6826125Z Get:188 http://azure.archive.ubuntu.com/ubuntu noble/universe amd64 gstreamer1.0-plugins-bad amd64 1.24.2-1ubuntu4 [3081 kB]
2026-10-04T18:51:48.0044073Z Fetched 125 MB in 8s (15.2 MB/s)
2026-10-04T18:51:48.0222719Z Selecting previously unselected package fonts-ipafont-gothic.
2026-10-04T18:51:48.0432843Z (Reading database ... 
2026-10-04T18:51:48.0433084Z (Reading database ... 5%
2026-10-04T18:51:48.0433247Z (Reading database ... 10%
2026-10-04T18:51:48.0433385Z (Reading database ... 15%
2026-10-04T18:51:48.0433552Z (Reading database ... 20%
2026-10-04T18:51:48.0433689Z (Reading database ... 25%
2026-10-04T18:51:48.0433848Z (Reading database ... 30%
2026-10-04T18:51:48.0434264Z (Reading database ... 35%
2026-10-04T18:51:48.0434814Z (Reading database ... 40%
2026-10-04T18:51:48.0435024Z (Reading database ... 45%
2026-10-04T18:51:48.0435207Z (Reading database ... 50%
2026-10-04T18:51:48.0468508Z (Reading database ... 55%
2026-10-04T18:51:48.1900156Z (Reading database ... 60%
2026-10-04T18:51:48.3977044Z (Reading database ... 65%
2026-10-04T18:51:48.6039895Z (Reading database ... 70%
2026-10-04T18:51:48.7523779Z (Reading database ... 75%
2026-10-04T18:51:48.9084983Z (Reading database ... 80%
2026-10-04T18:51:49.0951229Z (Reading database ... 85%
2026-10-04T18:51:49.2572167Z (Reading database ... 90%
2026-10-04T18:51:49.4068434Z (Reading database ... 95%
2026-10-04T18:51:49.4068749Z (Reading database ... 100%
2026-10-04T18:51:49.4069121Z (Reading database ... 202296 files and directories currently installed.)
2026-10-04T18:51:49.4105104Z Preparing to unpack .../000-fonts-ipafont-gothic_00303-21ubuntu1_all.deb ...
2026-10-04T18:51:49.4180183Z Unpacking fonts-ipafont-gothic (00303-21ubuntu1) ...
2026-10-04T18:51:49.6296793Z Selecting previously unselected package fonts-freefont-ttf.
2026-10-04T18:51:49.6390717Z Preparing to unpack .../001-fonts-freefont-ttf_20211204+svn4273-2_all.deb ...
2026-10-04T18:51:49.6396931Z Unpacking fonts-freefont-ttf (20211204+svn4273-2) ...
2026-10-04T18:51:49.7295215Z Selecting previously unselected package fonts-tlwg-loma-otf.
2026-10-04T18:51:49.7390631Z Preparing to unpack .../002-fonts-tlwg-loma-otf_1%3a0.7.3-1_all.deb ...
2026-10-04T18:51:49.7396387Z Unpacking fonts-tlwg-loma-otf (1:0.7.3-1) ...
2026-10-04T18:51:49.7702919Z Selecting previously unselected package fonts-unifont.
2026-10-04T18:51:49.7798273Z Preparing to unpack .../003-fonts-unifont_1%3a15.1.01-1build1_all.deb ...
2026-10-04T18:51:49.7803662Z Unpacking fonts-unifont (1:15.1.01-1build1) ...
2026-10-04T18:51:49.9710577Z Selecting previously unselected package fonts-wqy-zenhei.
2026-10-04T18:51:49.9803757Z Preparing to unpack .../004-fonts-wqy-zenhei_0.9.45-8_all.deb ...
2026-10-04T18:51:49.9882043Z Unpacking fonts-wqy-zenhei (0.9.45-8) ...
2026-10-04T18:51:50.4198537Z Selecting previously unselected package libproxy1v5:amd64.
2026-10-04T18:51:50.4290385Z Preparing to unpack .../005-libproxy1v5_0.5.4-4build1_amd64.deb ...
2026-10-04T18:51:50.4301641Z Unpacking libproxy1v5:amd64 (0.5.4-4build1) ...
2026-10-04T18:51:50.4459637Z Selecting previously unselected package glib-networking-common.
2026-10-04T18:51:50.4551075Z Preparing to unpack .../006-glib-networking-common_2.80.0-1build1_all.deb ...
2026-10-04T18:51:50.4556549Z Unpacking glib-networking-common (2.80.0-1build1) ...
2026-10-04T18:51:50.4711368Z Selecting previously unselected package glib-networking-services.
2026-10-04T18:51:50.4805015Z Preparing to unpack .../007-glib-networking-services_2.80.0-1build1_amd64.deb ...
2026-10-04T18:51:50.4811917Z Unpacking glib-networking-services (2.80.0-1build1) ...
2026-10-04T18:51:50.4981971Z Selecting previously unselected package session-migration.
2026-10-04T18:51:50.5076771Z Preparing to unpack .../008-session-migration_0.3.9build1_amd64.deb ...
2026-10-04T18:51:50.5081571Z Unpacking session-migration (0.3.9build1) ...
2026-10-04T18:51:50.5255785Z Selecting previously unselected package gsettings-desktop-schemas.
2026-10-04T18:51:50.5349276Z Preparing to unpack .../009-gsettings-desktop-schemas_46.1-0ubuntu1_all.deb ...
2026-10-04T18:51:50.5355312Z Unpacking gsettings-desktop-schemas (46.1-0ubuntu1) ...
2026-10-04T18:51:50.5566953Z Selecting previously unselected package glib-networking:amd64.
2026-10-04T18:51:50.5660773Z Preparing to unpack .../010-glib-networking_2.80.0-1build1_amd64.deb ...
2026-10-04T18:51:50.5666143Z Unpacking glib-networking:amd64 (2.80.0-1build1) ...
2026-10-04T18:51:50.5835369Z Selecting previously unselected package libva2:amd64.
2026-10-04T18:51:50.5929955Z Preparing to unpack .../011-libva2_2.20.0-2ubuntu0.2_amd64.deb ...
2026-10-04T18:51:50.5936630Z Unpacking libva2:amd64 (2.20.0-2ubuntu0.2) ...
2026-10-04T18:51:50.6257224Z Selecting previously unselected package libva-drm2:amd64.
2026-10-04T18:51:50.6353648Z Preparing to unpack .../012-libva-drm2_2.20.0-2ubuntu0.2_amd64.deb ...
2026-10-04T18:51:50.6359467Z Unpacking libva-drm2:amd64 (2.20.0-2ubuntu0.2) ...
2026-10-04T18:51:50.6523284Z Selecting previously unselected package libva-x11-2:amd64.
2026-10-04T18:51:50.6617757Z Preparing to unpack .../013-libva-x11-2_2.20.0-2ubuntu0.2_amd64.deb ...
2026-10-04T18:51:50.6624311Z Unpacking libva-x11-2:amd64 (2.20.0-2ubuntu0.2) ...
2026-10-04T18:51:50.6824427Z Selecting previously unselected package libvdpau1:amd64.
2026-10-04T18:51:50.6917285Z Preparing to unpack .../014-libvdpau1_1.5-2build1_amd64.deb ...
2026-10-04T18:51:50.6923300Z Unpacking libvdpau1:amd64 (1.5-2build1) ...
2026-10-04T18:51:50.7088276Z Selecting previously unselected package libvpl2.
2026-10-04T18:51:50.7180964Z Preparing to unpack .../015-libvpl2_2023.3.0-1build1_amd64.deb ...
2026-10-04T18:51:50.7187407Z Unpacking libvpl2 (2023.3.0-1build1) ...
2026-10-04T18:51:50.7358059Z Selecting previously unselected package ocl-icd-libopencl1:amd64.
2026-10-04T18:51:50.7451837Z Preparing to unpack .../016-ocl-icd-libopencl1_2.3.2-1build1_amd64.deb ...
2026-10-04T18:51:50.7457486Z Unpacking ocl-icd-libopencl1:amd64 (2.3.2-1build1) ...
2026-10-04T18:51:50.7645941Z Selecting previously unselected package libavutil58:amd64.
2026-10-04T18:51:50.7739137Z Preparing to unpack .../017-libavutil58_7%3a6.1.1-3ubuntu5_amd64.deb ...
2026-10-04T18:51:50.7744754Z Unpacking libavutil58:amd64 (7:6.1.1-3ubuntu5) ...
2026-10-04T18:51:50.7933084Z Selecting previously unselected package libcodec2-1.2:amd64.
2026-10-04T18:51:50.8029986Z Preparing to unpack .../018-libcodec2-1.2_1.2.0-2build1_amd64.deb ...
2026-10-04T18:51:50.8218755Z Unpacking libcodec2-1.2:amd64 (1.2.0-2build1) ...
2026-10-04T18:51:50.9428574Z Selecting previously unselected package libdav1d7:amd64.
2026-10-04T18:51:50.9521523Z Preparing to unpack .../019-libdav1d7_1.4.1-1build1_amd64.deb ...
2026-10-04T18:51:50.9526405Z Unpacking libdav1d7:amd64 (1.4.1-1build1) ...
2026-10-04T18:51:50.9723575Z Selecting previously unselected package libgsm1:amd64.
2026-10-04T18:51:50.9815761Z Preparing to unpack .../020-libgsm1_1.0.22-1build1_amd64.deb ...
2026-10-04T18:51:50.9820902Z Unpacking libgsm1:amd64 (1.0.22-1build1) ...
2026-10-04T18:51:50.9985413Z Selecting previously unselected package libhwy1t64:amd64.
2026-10-04T18:51:51.0077591Z Preparing to unpack .../021-libhwy1t64_1.0.7-8.1build1_amd64.deb ...
2026-10-04T18:51:51.0082724Z Unpacking libhwy1t64:amd64 (1.0.7-8.1build1) ...
2026-10-04T18:51:51.0637077Z Selecting previously unselected package libjxl0.7:amd64.
2026-10-04T18:51:51.0729413Z Preparing to unpack .../022-libjxl0.7_0.7.0-10.2ubuntu6.1_amd64.deb ...
2026-10-04T18:51:51.0735835Z Unpacking libjxl0.7:amd64 (0.7.0-10.2ubuntu6.1) ...
2026-10-04T18:51:51.1101756Z Selecting previously unselected package libmp3lame0:amd64.
2026-10-04T18:51:51.1195224Z Preparing to unpack .../023-libmp3lame0_3.100-6build1_amd64.deb ...
2026-10-04T18:51:51.1200801Z Unpacking libmp3lame0:amd64 (3.100-6build1) ...
2026-10-04T18:51:51.1374463Z Selecting previously unselected package libopus0:amd64.
2026-10-04T18:51:51.1469500Z Preparing to unpack .../024-libopus0_1.4-1build1_amd64.deb ...
2026-10-04T18:51:51.1474503Z Unpacking libopus0:amd64 (1.4-1build1) ...
2026-10-04T18:51:51.1655025Z Selecting previously unselected package librav1e0:amd64.
2026-10-04T18:51:51.1748215Z Preparing to unpack .../025-librav1e0_0.7.1-2_amd64.deb ...
2026-10-04T18:51:51.1754484Z Unpacking librav1e0:amd64 (0.7.1-2) ...
2026-10-04T18:51:51.2052851Z Selecting previously unselected package librsvg2-2:amd64.
2026-10-04T18:51:51.2145761Z Preparing to unpack .../026-librsvg2-2_2.58.0+dfsg-1build1_amd64.deb ...
2026-10-04T18:51:51.2151336Z Unpacking librsvg2-2:amd64 (2.58.0+dfsg-1build1) ...
2026-10-04T18:51:51.2970273Z Selecting previously unselected package libshine3:amd64.
2026-10-04T18:51:51.3067469Z Preparing to unpack .../027-libshine3_3.1.1-2build1_amd64.deb ...
2026-10-04T18:51:51.3075125Z Unpacking libshine3:amd64 (3.1.1-2build1) ...
2026-10-04T18:51:51.3284015Z Selecting previously unselected package libspeex1:amd64.
2026-10-04T18:51:51.3376947Z Preparing to unpack .../028-libspeex1_1.2.1-2ubuntu2.24.04.1_amd64.deb ...
2026-10-04T18:51:51.3382066Z Unpacking libspeex1:amd64 (1.2.1-2ubuntu2.24.04.1) ...
2026-10-04T18:51:51.3537549Z Selecting previously unselected package libsvtav1enc1d1:amd64.
2026-10-04T18:51:51.3630205Z Preparing to unpack .../029-libsvtav1enc1d1_1.7.0+dfsg-2build1_amd64.deb ...
2026-10-04T18:51:51.3636318Z Unpacking libsvtav1enc1d1:amd64 (1.7.0+dfsg-2build1) ...
2026-10-04T18:51:51.4248403Z Selecting previously unselected package libsoxr0:amd64.
2026-10-04T18:51:51.4342301Z Preparing to unpack .../030-libsoxr0_0.1.3-4build3_amd64.deb ...
2026-10-04T18:51:51.4348766Z Unpacking libsoxr0:amd64 (0.1.3-4build3) ...
2026-10-04T18:51:51.4518216Z Selecting previously unselected package libswresample4:amd64.
2026-10-04T18:51:51.4611832Z Preparing to unpack .../031-libswresample4_7%3a6.1.1-3ubuntu5_amd64.deb ...
2026-10-04T18:51:51.4617824Z Unpacking libswresample4:amd64 (7:6.1.1-3ubuntu5) ...
2026-10-04T18:51:51.4927255Z Selecting previously unselected package libtheora0:amd64.
2026-10-04T18:51:51.5022694Z Preparing to unpack .../032-libtheora0_1.1.1+dfsg.1-16.1build3_amd64.deb ...
2026-10-04T18:51:51.5028410Z Unpacking libtheora0:amd64 (1.1.1+dfsg.1-16.1build3) ...
2026-10-04T18:51:51.5213790Z Selecting previously unselected package libtwolame0:amd64.
2026-10-04T18:51:51.5305774Z Preparing to unpack .../033-libtwolame0_0.4.0-2build3_amd64.deb ...
2026-10-04T18:51:51.5311618Z Unpacking libtwolame0:amd64 (0.4.0-2build3) ...
2026-10-04T18:51:51.5607483Z Selecting previously unselected package libvorbisenc2:amd64.
2026-10-04T18:51:51.5698668Z Preparing to unpack .../034-libvorbisenc2_1.3.7-1build3_amd64.deb ...
2026-10-04T18:51:51.5707784Z Unpacking libvorbisenc2:amd64 (1.3.7-1build3) ...
2026-10-04T18:51:51.5880258Z Selecting previously unselected package libvpx9:amd64.
2026-10-04T18:51:51.5969272Z Preparing to unpack .../035-libvpx9_1.14.0-1ubuntu2.3_amd64.deb ...
2026-10-04T18:51:51.5974433Z Unpacking libvpx9:amd64 (1.14.0-1ubuntu2.3) ...
2026-10-04T18:51:51.6233968Z Selecting previously unselected package libx264-164:amd64.
2026-10-04T18:51:51.6327075Z Preparing to unpack .../036-libx264-164_2%3a0.164.3108+git31e19f9-1_amd64.deb ...
2026-10-04T18:51:51.6332252Z Unpacking libx264-164:amd64 (2:0.164.3108+git31e19f9-1) ...
2026-10-04T18:51:51.9803788Z Selecting previously unselected package libx265-199:amd64.
2026-10-04T18:51:51.9899845Z Preparing to unpack .../037-libx265-199_3.5-2build1_amd64.deb ...
2026-10-04T18:51:51.9906602Z Unpacking libx265-199:amd64 (3.5-2build1) ...
2026-10-04T18:51:52.1024418Z Selecting previously unselected package libxvidcore4:amd64.
2026-10-04T18:51:52.1120945Z Preparing to unpack .../038-libxvidcore4_2%3a1.3.7-1build1_amd64.deb ...
2026-10-04T18:51:52.1127088Z Unpacking libxvidcore4:amd64 (2:1.3.7-1build1) ...
2026-10-04T18:51:52.1309341Z Selecting previously unselected package libzvbi-common.
2026-10-04T18:51:52.1406257Z Preparing to unpack .../039-libzvbi-common_0.2.42-2_all.deb ...
2026-10-04T18:51:52.1413263Z Unpacking libzvbi-common (0.2.42-2) ...
2026-10-04T18:51:52.1647338Z Selecting previously unselected package libzvbi0t64:amd64.
2026-10-04T18:51:52.1743848Z Preparing to unpack .../040-libzvbi0t64_0.2.42-2_amd64.deb ...
2026-10-04T18:51:52.1875624Z Unpacking libzvbi0t64:amd64 (0.2.42-2) ...
2026-10-04T18:51:52.2074055Z Selecting previously unselected package libavcodec60:amd64.
2026-10-04T18:51:52.2167574Z Preparing to unpack .../041-libavcodec60_7%3a6.1.1-3ubuntu5_amd64.deb ...
2026-10-04T18:51:52.2172885Z Unpacking libavcodec60:amd64 (7:6.1.1-3ubuntu5) ...
2026-10-04T18:51:52.3498276Z Selecting previously unselected package libunibreak5:amd64.
2026-10-04T18:51:52.3592151Z Preparing to unpack .../042-libunibreak5_5.1-2build1_amd64.deb ...
2026-10-04T18:51:52.3598058Z Unpacking libunibreak5:amd64 (5.1-2build1) ...
2026-10-04T18:51:52.3764417Z Selecting previously unselected package libass9:amd64.
2026-10-04T18:51:52.3857582Z Preparing to unpack .../043-libass9_1%3a0.17.1-2build1_amd64.deb ...
2026-10-04T18:51:52.3968863Z Unpacking libass9:amd64 (1:0.17.1-2build1) ...
2026-10-04T18:51:52.4134489Z Selecting previously unselected package libudfread0:amd64.
2026-10-04T18:51:52.4226965Z Preparing to unpack .../044-libudfread0_1.1.2-1build1_amd64.deb ...
2026-10-04T18:51:52.4232311Z Unpacking libudfread0:amd64 (1.1.2-1build1) ...
2026-10-04T18:51:52.4385469Z Selecting previously unselected package libbluray2:amd64.
2026-10-04T18:51:52.4474251Z Preparing to unpack .../045-libbluray2_1%3a1.3.4-1build1_amd64.deb ...
2026-10-04T18:51:52.4481243Z Unpacking libbluray2:amd64 (1:1.3.4-1build1) ...
2026-10-04T18:51:52.4646357Z Selecting previously unselected package libchromaprint1:amd64.
2026-10-04T18:51:52.4737674Z Preparing to unpack .../046-libchromaprint1_1.5.1-5_amd64.deb ...
2026-10-04T18:51:52.4744342Z Unpacking libchromaprint1:amd64 (1.5.1-5) ...
2026-10-04T18:51:52.4907476Z Selecting previously unselected package libgme0:amd64.
2026-10-04T18:51:52.5000320Z Preparing to unpack .../047-libgme0_0.6.3-7build1_amd64.deb ...
2026-10-04T18:51:52.5007231Z Unpacking libgme0:amd64 (0.6.3-7build1) ...
2026-10-04T18:51:52.5175470Z Selecting previously unselected package libmpg123-0t64:amd64.
2026-10-04T18:51:52.5268116Z Preparing to unpack .../048-libmpg123-0t64_1.32.5-1ubuntu1.1_amd64.deb ...
2026-10-04T18:51:52.5274002Z Unpacking libmpg123-0t64:amd64 (1.32.5-1ubuntu1.1) ...
2026-10-04T18:51:52.5445031Z Selecting previously unselected package libopenmpt0t64:amd64.
2026-10-04T18:51:52.5538451Z Preparing to unpack .../049-libopenmpt0t64_0.7.3-1.1build3_amd64.deb ...
2026-10-04T18:51:52.5544192Z Unpacking libopenmpt0t64:amd64 (0.7.3-1.1build3) ...
2026-10-04T18:51:52.5744331Z Selecting previously unselected package libcjson1:amd64.
2026-10-04T18:51:52.5836692Z Preparing to unpack .../050-libcjson1_1.7.17-1_amd64.deb ...
2026-10-04T18:51:52.5843870Z Unpacking libcjson1:amd64 (1.7.17-1) ...
2026-10-04T18:51:52.6478174Z Selecting previously unselected package libmbedcrypto7t64:amd64.
2026-10-04T18:51:52.6572042Z Preparing to unpack .../051-libmbedcrypto7t64_2.28.8-1_amd64.deb ...
2026-10-04T18:51:52.6581057Z Unpacking libmbedcrypto7t64:amd64 (2.28.8-1) ...
2026-10-04T18:51:52.6758840Z Selecting previously unselected package librist4:amd64.
2026-10-04T18:51:52.6852398Z Preparing to unpack .../052-librist4_0.2.10+dfsg-2_amd64.deb ...
2026-10-04T18:51:52.6858624Z Unpacking librist4:amd64 (0.2.10+dfsg-2) ...
2026-10-04T18:51:52.7027909Z Selecting previously unselected package libsrt1.5-gnutls:amd64.
2026-10-04T18:51:52.7124937Z Preparing to unpack .../053-libsrt1.5-gnutls_1.5.3-1build2_amd64.deb ...
2026-10-04T18:51:52.7132107Z Unpacking libsrt1.5-gnutls:amd64 (1.5.3-1build2) ...
2026-10-04T18:51:52.7332259Z Selecting previously unselected package libssh-gcrypt-4:amd64.
2026-10-04T18:51:52.7427199Z Preparing to unpack .../054-libssh-gcrypt-4_0.10.6-2ubuntu0.5_amd64.deb ...
2026-10-04T18:51:52.7432980Z Unpacking libssh-gcrypt-4:amd64 (0.10.6-2ubuntu0.5) ...
2026-10-04T18:51:52.7619209Z Selecting previously unselected package libavformat60:amd64.
2026-10-04T18:51:52.7712835Z Preparing to unpack .../055-libavformat60_7%3a6.1.1-3ubuntu5_amd64.deb ...
2026-10-04T18:51:52.7719249Z Unpacking libavformat60:amd64 (7:6.1.1-3ubuntu5) ...
2026-10-04T18:51:52.8152075Z Selecting previously unselected package libbs2b0:amd64.
2026-10-04T18:51:52.8247151Z Preparing to unpack .../056-libbs2b0_3.1.0+dfsg-7build1_amd64.deb ...
2026-10-04T18:51:52.8253347Z Unpacking libbs2b0:amd64 (3.1.0+dfsg-7build1) ...
2026-10-04T18:51:52.8443282Z Selecting previously unselected package libflite1:amd64.
2026-10-04T18:51:52.8535842Z Preparing to unpack .../057-libflite1_2.2-6build3_amd64.deb ...
2026-10-04T18:51:52.8541382Z Unpacking libflite1:amd64 (2.2-6build3) ...
2026-10-04T18:51:53.0143454Z Selecting previously unselected package libserd-0-0:amd64.
2026-10-04T18:51:53.0235035Z Preparing to unpack .../058-libserd-0-0_0.32.2-1_amd64.deb ...
2026-10-04T18:51:53.0241581Z Unpacking libserd-0-0:amd64 (0.32.2-1) ...
2026-10-04T18:51:53.0405544Z Selecting previously unselected package libzix-0-0:amd64.
2026-10-04T18:51:53.0497241Z Preparing to unpack .../059-libzix-0-0_0.4.2-2build1_amd64.deb ...
2026-10-04T18:51:53.0503186Z Unpacking libzix-0-0:amd64 (0.4.2-2build1) ...
2026-10-04T18:51:53.0665007Z Selecting previously unselected package libsord-0-0:amd64.
2026-10-04T18:51:53.0754978Z Preparing to unpack .../060-libsord-0-0_0.16.16-2build1_amd64.deb ...
2026-10-04T18:51:53.0760854Z Unpacking libsord-0-0:amd64 (0.16.16-2build1) ...
2026-10-04T18:51:53.0919000Z Selecting previously unselected package libsratom-0-0:amd64.
2026-10-04T18:51:53.1008881Z Preparing to unpack .../061-libsratom-0-0_0.6.16-1build1_amd64.deb ...
2026-10-04T18:51:53.1014667Z Unpacking libsratom-0-0:amd64 (0.6.16-1build1) ...
2026-10-04T18:51:53.1173712Z Selecting previously unselected package liblilv-0-0:amd64.
2026-10-04T18:51:53.1266158Z Preparing to unpack .../062-liblilv-0-0_0.24.22-1build1_amd64.deb ...
2026-10-04T18:51:53.1272134Z Unpacking liblilv-0-0:amd64 (0.24.22-1build1) ...
2026-10-04T18:51:53.1439745Z Selecting previously unselected package libmysofa1:amd64.
2026-10-04T18:51:53.1533314Z Preparing to unpack .../063-libmysofa1_1.3.2+dfsg-2ubuntu2_amd64.deb ...
2026-10-04T18:51:53.1539017Z Unpacking libmysofa1:amd64 (1.3.2+dfsg-2ubuntu2) ...
2026-10-04T18:51:53.1735159Z Selecting previously unselected package libplacebo338:amd64.
2026-10-04T18:51:53.1827316Z Preparing to unpack .../064-libplacebo338_6.338.2-2build1_amd64.deb ...
2026-10-04T18:51:53.1832860Z Unpacking libplacebo338:amd64 (6.338.2-2build1) ...
2026-10-04T18:51:53.2762650Z Selecting previously unselected package libblas3:amd64.
2026-10-04T18:51:53.2854518Z Preparing to unpack .../065-libblas3_3.12.0-3build1.1_amd64.deb ...
2026-10-04T18:51:53.2880299Z Unpacking libblas3:amd64 (3.12.0-3build1.1) ...
2026-10-04T18:51:53.3072278Z Selecting previously unselected package liblapack3:amd64.
2026-10-04T18:51:53.3163952Z Preparing to unpack .../066-liblapack3_3.12.0-3build1.1_amd64.deb ...
2026-10-04T18:51:53.3187410Z Unpacking liblapack3:amd64 (3.12.0-3build1.1) ...
2026-10-04T18:51:53.3759883Z Selecting previously unselected package libasyncns0:amd64.
2026-10-04T18:51:53.3850534Z Preparing to unpack .../067-libasyncns0_0.8-6build4_amd64.deb ...
2026-10-04T18:51:53.3856035Z Unpacking libasyncns0:amd64 (0.8-6build4) ...
2026-10-04T18:51:53.4008941Z Selecting previously unselected package libflac12t64:amd64.
2026-10-04T18:51:53.4097922Z Preparing to unpack .../068-libflac12t64_1.4.3+ds-2.1ubuntu2_amd64.deb ...
2026-10-04T18:51:53.4103866Z Unpacking libflac12t64:amd64 (1.4.3+ds-2.1ubuntu2) ...
2026-10-04T18:51:53.4269979Z Selecting previously unselected package libsndfile1:amd64.
2026-10-04T18:51:53.4360119Z Preparing to unpack .../069-libsndfile1_1.2.2-1ubuntu5.24.04.1_amd64.deb ...
2026-10-04T18:51:53.4365677Z Unpacking libsndfile1:amd64 (1.2.2-1ubuntu5.24.04.1) ...
2026-10-04T18:51:53.4655215Z Selecting previously unselected package libpulse0:amd64.
2026-10-04T18:51:53.4751412Z Preparing to unpack .../070-libpulse0_1%3a16.1+dfsg1-2ubuntu10.1_amd64.deb ...
2026-10-04T18:51:53.4807355Z Unpacking libpulse0:amd64 (1:16.1+dfsg1-2ubuntu10.1) ...
2026-10-04T18:51:53.5000647Z Selecting previously unselected package libsphinxbase3t64:amd64.
2026-10-04T18:51:53.5095970Z Preparing to unpack .../071-libsphinxbase3t64_0.8+5prealpha+1-17build2_amd64.deb ...
2026-10-04T18:51:53.5103096Z Unpacking libsphinxbase3t64:amd64 (0.8+5prealpha+1-17build2) ...
2026-10-04T18:51:53.5293149Z Selecting previously unselected package libpocketsphinx3:amd64.
2026-10-04T18:51:53.5389485Z Preparing to unpack .../072-libpocketsphinx3_0.8.0+real5prealpha+1-15ubuntu5_amd64.deb ...
2026-10-04T18:51:53.5396862Z Unpacking libpocketsphinx3:amd64 (0.8.0+real5prealpha+1-15ubuntu5) ...
2026-10-04T18:51:53.5593166Z Selecting previously unselected package libpostproc57:amd64.
2026-10-04T18:51:53.5697955Z Preparing to unpack .../073-libpostproc57_7%3a6.1.1-3ubuntu5_amd64.deb ...
2026-10-04T18:51:53.5705830Z Unpacking libpostproc57:amd64 (7:6.1.1-3ubuntu5) ...
2026-10-04T18:51:53.5896141Z Selecting previously unselected package libsamplerate0:amd64.
2026-10-04T18:51:53.5991602Z Preparing to unpack .../074-libsamplerate0_0.2.2-4build1_amd64.deb ...
2026-10-04T18:51:53.5997902Z Unpacking libsamplerate0:amd64 (0.2.2-4build1) ...
2026-10-04T18:51:53.6202954Z Selecting previously unselected package librubberband2:amd64.
2026-10-04T18:51:53.6296114Z Preparing to unpack .../075-librubberband2_3.3.0+dfsg-2build1_amd64.deb ...
2026-10-04T18:51:53.6301742Z Unpacking librubberband2:amd64 (3.3.0+dfsg-2build1) ...
2026-10-04T18:51:53.6479328Z Selecting previously unselected package libswscale7:amd64.
2026-10-04T18:51:53.6573294Z Preparing to unpack .../076-libswscale7_7%3a6.1.1-3ubuntu5_amd64.deb ...
2026-10-04T18:51:53.6579121Z Unpacking libswscale7:amd64 (7:6.1.1-3ubuntu5) ...
2026-10-04T18:51:53.6854438Z Selecting previously unselected package libvidstab1.1:amd64.
2026-10-04T18:51:53.6949865Z Preparing to unpack .../077-libvidstab1.1_1.1.0-2build1_amd64.deb ...
2026-10-04T18:51:53.6956373Z Unpacking libvidstab1.1:amd64 (1.1.0-2build1) ...
2026-10-04T18:51:53.7138504Z Selecting previously unselected package libzimg2:amd64.
2026-10-04T18:51:53.7253330Z Preparing to unpack .../078-libzimg2_3.0.5+ds1-1build1_amd64.deb ...
2026-10-04T18:51:53.7260122Z Unpacking libzimg2:amd64 (3.0.5+ds1-1build1) ...
2026-10-04T18:51:53.7473424Z Selecting previously unselected package libavfilter9:amd64.
2026-10-04T18:51:53.7579434Z Preparing to unpack .../079-libavfilter9_7%3a6.1.1-3ubuntu5_amd64.deb ...
2026-10-04T18:51:53.7587207Z Unpacking libavfilter9:amd64 (7:6.1.1-3ubuntu5) ...
2026-10-04T18:51:53.9025276Z Selecting previously unselected package liborc-0.4-0t64:amd64.
2026-10-04T18:51:53.9118251Z Preparing to unpack .../080-liborc-0.4-0t64_1%3a0.4.38-1ubuntu0.1_amd64.deb ...
2026-10-04T18:51:53.9124451Z Unpacking liborc-0.4-0t64:amd64 (1:0.4.38-1ubuntu0.1) ...
2026-10-04T18:51:53.9319071Z Selecting previously unselected package libgstreamer-plugins-base1.0-0:amd64.
2026-10-04T18:51:53.9413219Z Preparing to unpack .../081-libgstreamer-plugins-base1.0-0_1.24.2-1ubuntu0.5_amd64.deb ...
2026-10-04T18:51:53.9419779Z Unpacking libgstreamer-plugins-base1.0-0:amd64 (1.24.2-1ubuntu0.5) ...
2026-10-04T18:51:54.0059960Z Selecting previously unselected package gstreamer1.0-libav:amd64.
2026-10-04T18:51:54.0156858Z Preparing to unpack .../082-gstreamer1.0-libav_1.24.1-1build1_amd64.deb ...
2026-10-04T18:51:54.0162506Z Unpacking gstreamer1.0-libav:amd64 (1.24.1-1build1) ...
2026-10-04T18:51:54.0343294Z Selecting previously unselected package libcdparanoia0:amd64.
2026-10-04T18:51:54.0437081Z Preparing to unpack .../083-libcdparanoia0_3.10.2+debian-14build3_amd64.deb ...
2026-10-04T18:51:54.0443149Z Unpacking libcdparanoia0:amd64 (3.10.2+debian-14build3) ...
2026-10-04T18:51:54.0617341Z Selecting previously unselected package libvisual-0.4-0:amd64.
2026-10-04T18:51:54.0711893Z Preparing to unpack .../084-libvisual-0.4-0_0.4.2-2build1_amd64.deb ...
2026-10-04T18:51:54.0717274Z Unpacking libvisual-0.4-0:amd64 (0.4.2-2build1) ...
2026-10-04T18:51:54.1001451Z Selecting previously unselected package gstreamer1.0-plugins-base:amd64.
2026-10-04T18:51:54.1101915Z Preparing to unpack .../085-gstreamer1.0-plugins-base_1.24.2-1ubuntu0.5_amd64.deb ...
2026-10-04T18:51:54.1109055Z Unpacking gstreamer1.0-plugins-base:amd64 (1.24.2-1ubuntu0.5) ...
2026-10-04T18:51:54.1415375Z Selecting previously unselected package libaa1:amd64.
2026-10-04T18:51:54.1511792Z Preparing to unpack .../086-libaa1_1.4p5-51.1_amd64.deb ...
2026-10-04T18:51:54.1518531Z Unpacking libaa1:amd64 (1.4p5-51.1) ...
2026-10-04T18:51:54.1688787Z Selecting previously unselected package libraw1394-11:amd64.
2026-10-04T18:51:54.1784345Z Preparing to unpack .../087-libraw1394-11_2.1.2-2build3_amd64.deb ...
2026-10-04T18:51:54.1790321Z Unpacking libraw1394-11:amd64 (2.1.2-2build3) ...
2026-10-04T18:51:54.1955985Z Selecting previously unselected package libavc1394-0:amd64.
2026-10-04T18:51:54.2048748Z Preparing to unpack .../088-libavc1394-0_0.5.4-5build3_amd64.deb ...
2026-10-04T18:51:54.2055185Z Unpacking libavc1394-0:amd64 (0.5.4-5build3) ...
2026-10-04T18:51:54.2218125Z Selecting previously unselected package libcaca0:amd64.
2026-10-04T18:51:54.2311833Z Preparing to unpack .../089-libcaca0_0.99.beta20-4ubuntu0.2_amd64.deb ...
2026-10-04T18:51:54.2317489Z Unpacking libcaca0:amd64 (0.99.beta20-4ubuntu0.2) ...
2026-10-04T18:51:54.2501488Z Selecting previously unselected package libdv4t64:amd64.
2026-10-04T18:51:54.2594370Z Preparing to unpack .../090-libdv4t64_1.0.0-17.1build1_amd64.deb ...
2026-10-04T18:51:54.2600498Z Unpacking libdv4t64:amd64 (1.0.0-17.1build1) ...
2026-10-04T18:51:54.2765364Z Selecting previously unselected package libgstreamer-plugins-good1.0-0:amd64.
2026-10-04T18:51:54.2855874Z Preparing to unpack .../091-libgstreamer-plugins-good1.0-0_1.24.2-1ubuntu1.8_amd64.deb ...
2026-10-04T18:51:54.2861420Z Unpacking libgstreamer-plugins-good1.0-0:amd64 (1.24.2-1ubuntu1.8) ...
2026-10-04T18:51:54.3233531Z Selecting previously unselected package libiec61883-0:amd64.
2026-10-04T18:51:54.3329090Z Preparing to unpack .../092-libiec61883-0_1.2.0-6build1_amd64.deb ...
2026-10-04T18:51:54.3334277Z Unpacking libiec61883-0:amd64 (1.2.0-6build1) ...
2026-10-04T18:51:54.3502361Z Selecting previously unselected package libshout3:amd64.
2026-10-04T18:51:54.3596329Z Preparing to unpack .../093-libshout3_2.4.6-1build2_amd64.deb ...
2026-10-04T18:51:54.3601565Z Unpacking libshout3:amd64 (2.4.6-1build2) ...
2026-10-04T18:51:54.3775122Z Selecting previously unselected package libtag1v5-vanilla:amd64.
2026-10-04T18:51:54.3869776Z Preparing to unpack .../094-libtag1v5-vanilla_1.13.1-1build1_amd64.deb ...
2026-10-04T18:51:54.3875317Z Unpacking libtag1v5-vanilla:amd64 (1.13.1-1build1) ...
2026-10-04T18:51:54.4060673Z Selecting previously unselected package libtag1v5:amd64.
2026-10-04T18:51:54.4155245Z Preparing to unpack .../095-libtag1v5_1.13.1-1build1_amd64.deb ...
2026-10-04T18:51:54.4159949Z Unpacking libtag1v5:amd64 (1.13.1-1build1) ...
2026-10-04T18:51:54.4317286Z Selecting previously unselected package libv4lconvert0t64:amd64.
2026-10-04T18:51:54.4410616Z Preparing to unpack .../096-libv4lconvert0t64_1.26.1-4build3_amd64.deb ...
2026-10-04T18:51:54.4417137Z Unpacking libv4lconvert0t64:amd64 (1.26.1-4build3) ...
2026-10-04T18:51:54.4589222Z Selecting previously unselected package libv4l-0t64:amd64.
2026-10-04T18:51:54.4684613Z Preparing to unpack .../097-libv4l-0t64_1.26.1-4build3_amd64.deb ...
2026-10-04T18:51:54.4692152Z Unpacking libv4l-0t64:amd64 (1.26.1-4build3) ...
2026-10-04T18:51:54.4889023Z Selecting previously unselected package libwavpack1:amd64.
2026-10-04T18:51:54.4984086Z Preparing to unpack .../098-libwavpack1_5.6.0-1build1_amd64.deb ...
2026-10-04T18:51:54.5176274Z Unpacking libwavpack1:amd64 (5.6.0-1build1) ...
2026-10-04T18:51:54.5339227Z Selecting previously unselected package libsoup-3.0-common.
2026-10-04T18:51:54.5433286Z Preparing to unpack .../099-libsoup-3.0-common_3.4.4-5ubuntu0.8_all.deb ...
2026-10-04T18:51:54.5438504Z Unpacking libsoup-3.0-common (3.4.4-5ubuntu0.8) ...
2026-10-04T18:51:54.5594905Z Selecting previously unselected package libsoup-3.0-0:amd64.
2026-10-04T18:51:54.5685476Z Preparing to unpack .../100-libsoup-3.0-0_3.4.4-5ubuntu0.8_amd64.deb ...
2026-10-04T18:51:54.5691301Z Unpacking libsoup-3.0-0:amd64 (3.4.4-5ubuntu0.8) ...
2026-10-04T18:51:54.5860630Z Selecting previously unselected package gstreamer1.0-plugins-good:amd64.
2026-10-04T18:51:54.5951258Z Preparing to unpack .../101-gstreamer1.0-plugins-good_1.24.2-1ubuntu1.8_amd64.deb ...
2026-10-04T18:51:54.5956557Z Unpacking gstreamer1.0-plugins-good:amd64 (1.24.2-1ubuntu1.8) ...
2026-10-04T18:51:54.6623631Z Selecting previously unselected package libabsl20220623t64:amd64.
2026-10-04T18:51:54.6717588Z Preparing to unpack .../102-libabsl20220623t64_20220623.1-3.1ubuntu3.2_amd64.deb ...
2026-10-04T18:51:54.6723353Z Unpacking libabsl20220623t64:amd64 (20220623.1-3.1ubuntu3.2) ...
2026-10-04T18:51:54.7017514Z Selecting previously unselected package libgav1-1:amd64.
2026-10-04T18:51:54.7109785Z Preparing to unpack .../103-libgav1-1_0.18.0-1build3_amd64.deb ...
2026-10-04T18:51:54.7241218Z Unpacking libgav1-1:amd64 (0.18.0-1build3) ...
2026-10-04T18:51:54.7426305Z Selecting previously unselected package libyuv0:amd64.
2026-10-04T18:51:54.7518892Z Preparing to unpack .../104-libyuv0_0.0~git202401110.af6ac82-1_amd64.deb ...
2026-10-04T18:51:54.7524649Z Unpacking libyuv0:amd64 (0.0~git202401110.af6ac82-1) ...
2026-10-04T18:51:54.7695982Z Selecting previously unselected package libavif16:amd64.
2026-10-04T18:51:54.7785902Z Preparing to unpack .../105-libavif16_1.0.4-1ubuntu3_amd64.deb ...
2026-10-04T18:51:54.7791519Z Unpacking libavif16:amd64 (1.0.4-1ubuntu3) ...
2026-10-04T18:51:54.7952929Z Selecting previously unselected package libavtp0:amd64.
2026-10-04T18:51:54.8049311Z Preparing to unpack .../106-libavtp0_0.2.0-1build1_amd64.deb ...
2026-10-04T18:51:54.8056106Z Unpacking libavtp0:amd64 (0.2.0-1build1) ...
2026-10-04T18:51:54.8240606Z Selecting previously unselected package libcairo-script-interpreter2:amd64.
2026-10-04T18:51:54.8333777Z Preparing to unpack .../107-libcairo-script-interpreter2_1.18.0-3build1_amd64.deb ...
2026-10-04T18:51:54.8339401Z Unpacking libcairo-script-interpreter2:amd64 (1.18.0-3build1) ...
2026-10-04T18:51:54.8511327Z Selecting previously unselected package libdc1394-25:amd64.
2026-10-04T18:51:54.8604506Z Preparing to unpack .../108-libdc1394-25_2.2.6-4build1_amd64.deb ...
2026-10-04T18:51:54.8609937Z Unpacking libdc1394-25:amd64 (2.2.6-4build1) ...
2026-10-04T18:51:54.8782291Z Selecting previously unselected package libde265-0:amd64.
2026-10-04T18:51:54.8874725Z Preparing to unpack .../109-libde265-0_1.0.15-1ubuntu0.1_amd64.deb ...
2026-10-04T18:51:54.8881141Z Unpacking libde265-0:amd64 (1.0.15-1ubuntu0.1) ...
2026-10-04T18:51:54.9058887Z Selecting previously unselected package libdecor-0-0:amd64.
2026-10-04T18:51:54.9152718Z Preparing to unpack .../110-libdecor-0-0_0.2.2-1build2_amd64.deb ...
2026-10-04T18:51:54.9332900Z Unpacking libdecor-0-0:amd64 (0.2.2-1build2) ...
2026-10-04T18:51:54.9508213Z Selecting previously unselected package libgles2:amd64.
2026-10-04T18:51:54.9614223Z Preparing to unpack .../111-libgles2_1.7.0-1build1_amd64.deb ...
2026-10-04T18:51:54.9622458Z Unpacking libgles2:amd64 (1.7.0-1build1) ...
2026-10-04T18:51:54.9827421Z Selecting previously unselected package libdirectfb-1.7-7t64:amd64.
2026-10-04T18:51:54.9925274Z Preparing to unpack .../112-libdirectfb-1.7-7t64_1.7.7-11.1ubuntu2_amd64.deb ...
2026-10-04T18:51:54.9931418Z Unpacking libdirectfb-1.7-7t64:amd64 (1.7.7-11.1ubuntu2) ...
2026-10-04T18:51:55.0292543Z Selecting previously unselected package libdvdread8t64:amd64.
2026-10-04T18:51:55.0388757Z Preparing to unpack .../113-libdvdread8t64_6.1.3-1.1build1_amd64.deb ...
2026-10-04T18:51:55.0393681Z Unpacking libdvdread8t64:amd64 (6.1.3-1.1build1) ...
2026-10-04T18:51:55.0567735Z Selecting previously unselected package libdvdnav4:amd64.
2026-10-04T18:51:55.0662999Z Preparing to unpack .../114-libdvdnav4_6.1.1-3build1_amd64.deb ...
2026-10-04T18:51:55.0668790Z Unpacking libdvdnav4:amd64 (6.1.1-3build1) ...
2026-10-04T18:51:55.0942561Z Preparing to unpack .../115-libgl1-mesa-dri_25.2.8-0ubuntu0.24.04.4_amd64.deb ...
2026-10-04T18:51:55.1053032Z Unpacking libgl1-mesa-dri:amd64 (25.2.8-0ubuntu0.24.04.4) over (25.2.8-0ubuntu0.24.04.2) ...
2026-10-04T18:51:55.1647765Z Preparing to unpack .../116-libglx-mesa0_25.2.8-0ubuntu0.24.04.4_amd64.deb ...
2026-10-04T18:51:55.1664990Z Unpacking libglx-mesa0:amd64 (25.2.8-0ubuntu0.24.04.4) over (25.2.8-0ubuntu0.24.04.2) ...
2026-10-04T18:51:55.1959783Z Preparing to unpack .../117-libgbm1_25.2.8-0ubuntu0.24.04.4_amd64.deb ...
2026-10-04T18:51:55.1976652Z Unpacking libgbm1:amd64 (25.2.8-0ubuntu0.24.04.4) over (25.2.8-0ubuntu0.24.04.2) ...
2026-10-04T18:51:55.2265251Z Preparing to unpack .../118-mesa-libgallium_25.2.8-0ubuntu0.24.04.4_amd64.deb ...
2026-10-04T18:51:55.2282395Z Unpacking mesa-libgallium:amd64 (25.2.8-0ubuntu0.24.04.4) over (25.2.8-0ubuntu0.24.04.2) ...
2026-10-04T18:51:55.5585487Z Selecting previously unselected package libegl-mesa0:amd64.
2026-10-04T18:51:55.5679543Z Preparing to unpack .../119-libegl-mesa0_25.2.8-0ubuntu0.24.04.4_amd64.deb ...
2026-10-04T18:51:55.5685431Z Unpacking libegl-mesa0:amd64 (25.2.8-0ubuntu0.24.04.4) ...
2026-10-04T18:51:55.5869521Z Selecting previously unselected package libevent-2.1-7t64:amd64.
2026-10-04T18:51:55.5962857Z Preparing to unpack .../120-libevent-2.1-7t64_2.1.12-stable-9ubuntu2.2_amd64.deb ...
2026-10-04T18:51:55.5968842Z Unpacking libevent-2.1-7t64:amd64 (2.1.12-stable-9ubuntu2.2) ...
2026-10-04T18:51:55.6244300Z Preparing to unpack .../121-libevent-pthreads-2.1-7t64_2.1.12-stable-9ubuntu2.2_amd64.deb ...
2026-10-04T18:51:55.6265135Z Unpacking libevent-pthreads-2.1-7t64:amd64 (2.1.12-stable-9ubuntu2.2) over (2.1.12-stable-9ubuntu2.1) ...
2026-10-04T18:51:55.6560664Z Preparing to unpack .../122-libevent-core-2.1-7t64_2.1.12-stable-9ubuntu2.2_amd64.deb ...
2026-10-04T18:51:55.6577025Z Unpacking libevent-core-2.1-7t64:amd64 (2.1.12-stable-9ubuntu2.2) over (2.1.12-stable-9ubuntu2.1) ...
2026-10-04T18:51:55.6912938Z Selecting previously unselected package libfaad2:amd64.
2026-10-04T18:51:55.7009474Z Preparing to unpack .../123-libfaad2_2.11.1-1build1_amd64.deb ...
2026-10-04T18:51:55.7014828Z Unpacking libfaad2:amd64 (2.11.1-1build1) ...
2026-10-04T18:51:55.7196974Z Selecting previously unselected package libinstpatch-1.0-2:amd64.
2026-10-04T18:51:55.7290617Z Preparing to unpack .../124-libinstpatch-1.0-2_1.1.6-1build2_amd64.deb ...
2026-10-04T18:51:55.7296555Z Unpacking libinstpatch-1.0-2:amd64 (1.1.6-1build2) ...
2026-10-04T18:51:55.7472265Z Selecting previously unselected package libjack-jackd2-0:amd64.
2026-10-04T18:51:55.7564527Z Preparing to unpack .../125-libjack-jackd2-0_1.9.21~dfsg-3ubuntu3_amd64.deb ...
2026-10-04T18:51:55.7569722Z Unpacking libjack-jackd2-0:amd64 (1.9.21~dfsg-3ubuntu3) ...
2026-10-04T18:51:55.7760178Z Selecting previously unselected package libwebrtc-audio-processing1:amd64.
2026-10-04T18:51:55.7852476Z Preparing to unpack .../126-libwebrtc-audio-processing1_0.3.1-0ubuntu6_amd64.deb ...
2026-10-04T18:51:55.7857836Z Unpacking libwebrtc-audio-processing1:amd64 (0.3.1-0ubuntu6) ...
2026-10-04T18:51:55.8037297Z Selecting previously unselected package libspa-0.2-modules:amd64.
2026-10-04T18:51:55.8133308Z Preparing to unpack .../127-libspa-0.2-modules_1.0.5-1ubuntu3.3_amd64.deb ...
2026-10-04T18:51:55.8139657Z Unpacking libspa-0.2-modules:amd64 (1.0.5-1ubuntu3.3) ...
2026-10-04T18:51:55.8428284Z Selecting previously unselected package libpipewire-0.3-0t64:amd64.
2026-10-04T18:51:55.8521468Z Preparing to unpack .../128-libpipewire-0.3-0t64_1.0.5-1ubuntu3.3_amd64.deb ...
2026-10-04T18:51:55.8527420Z Unpacking libpipewire-0.3-0t64:amd64 (1.0.5-1ubuntu3.3) ...
2026-10-04T18:51:55.8714470Z Selecting previously unselected package libsdl2-2.0-0:amd64.
2026-10-04T18:51:55.8806446Z Preparing to unpack .../129-libsdl2-2.0-0_2.30.0+dfsg-1ubuntu3.1_amd64.deb ...
2026-10-04T18:51:55.8914031Z Unpacking libsdl2-2.0-0:amd64 (2.30.0+dfsg-1ubuntu3.1) ...
2026-10-04T18:51:55.9204760Z Selecting previously unselected package timgm6mb-soundfont.
2026-10-04T18:51:55.9295348Z Preparing to unpack .../130-timgm6mb-soundfont_1.3-5_all.deb ...
2026-10-04T18:51:55.9300634Z Unpacking timgm6mb-soundfont (1.3-5) ...
2026-10-04T18:51:56.4492994Z Selecting previously unselected package libfluidsynth3:amd64.
2026-10-04T18:51:56.4588791Z Preparing to unpack .../131-libfluidsynth3_2.3.4-1build3_amd64.deb ...
2026-10-04T18:51:56.5602370Z Unpacking libfluidsynth3:amd64 (2.3.4-1build3) ...
2026-10-04T18:51:56.8797908Z Selecting previously unselected package libfreeaptx0:amd64.
2026-10-04T18:51:56.8898597Z Preparing to unpack .../132-libfreeaptx0_0.1.1-2build1_amd64.deb ...
2026-10-04T18:51:56.9906304Z Unpacking libfreeaptx0:amd64 (0.1.1-2build1) ...
2026-10-04T18:51:57.6084165Z Selecting previously unselected package libgraphene-1.0-0:amd64.
2026-10-04T18:51:57.6182205Z Preparing to unpack .../133-libgraphene-1.0-0_1.10.8-3build2_amd64.deb ...
2026-10-04T18:51:57.6195111Z Unpacking libgraphene-1.0-0:amd64 (1.10.8-3build2) ...
2026-10-04T18:51:57.8892879Z Selecting previously unselected package libgssdp-1.6-0:amd64.
2026-10-04T18:51:57.8990383Z Preparing to unpack .../134-libgssdp-1.6-0_1.6.3-1build3_amd64.deb ...
2026-10-04T18:51:58.0268926Z Unpacking libgssdp-1.6-0:amd64 (1.6.3-1build3) ...
2026-10-04T18:51:58.3958953Z Selecting previously unselected package libegl1:amd64.
2026-10-04T18:51:58.4057558Z Preparing to unpack .../135-libegl1_1.7.0-1build1_amd64.deb ...
2026-10-04T18:51:58.4345669Z Unpacking libegl1:amd64 (1.7.0-1build1) ...
2026-10-04T18:51:58.6266719Z Selecting previously unselected package libgstreamer-gl1.0-0:amd64.
2026-10-04T18:51:58.6356633Z Preparing to unpack .../136-libgstreamer-gl1.0-0_1.24.2-1ubuntu0.5_amd64.deb ...
2026-10-04T18:51:58.6557414Z Unpacking libgstreamer-gl1.0-0:amd64 (1.24.2-1ubuntu0.5) ...
2026-10-04T18:51:58.7458584Z Selecting previously unselected package libgtk-4-common.
2026-10-04T18:51:58.7557870Z Preparing to unpack .../137-libgtk-4-common_4.14.5+ds-0ubuntu0.10_all.deb ...
2026-10-04T18:51:58.8842986Z Unpacking libgtk-4-common (4.14.5+ds-0ubuntu0.10) ...
2026-10-04T18:51:59.7520104Z Selecting previously unselected package libgtk-4-1:amd64.
2026-10-04T18:51:59.7620291Z Preparing to unpack .../138-libgtk-4-1_4.14.5+ds-0ubuntu0.10_amd64.deb ...
2026-10-04T18:51:59.9416402Z Unpacking libgtk-4-1:amd64 (4.14.5+ds-0ubuntu0.10) ...
2026-10-04T18:52:00.4202512Z Selecting previously unselected package libgupnp-1.6-0:amd64.
2026-10-04T18:52:00.4305666Z Preparing to unpack .../139-libgupnp-1.6-0_1.6.6-1build3_amd64.deb ...
2026-10-04T18:52:00.4403140Z Unpacking libgupnp-1.6-0:amd64 (1.6.6-1build3) ...
2026-10-04T18:52:00.5288137Z Selecting previously unselected package libgupnp-igd-1.6-0:amd64.
2026-10-04T18:52:00.5387039Z Preparing to unpack .../140-libgupnp-igd-1.6-0_1.6.0-3build3_amd64.deb ...
2026-10-04T18:52:00.5488135Z Unpacking libgupnp-igd-1.6-0:amd64 (1.6.0-3build3) ...
2026-10-04T18:52:00.5899532Z Selecting previously unselected package libharfbuzz-icu0:amd64.
2026-10-04T18:52:00.6007586Z Preparing to unpack .../141-libharfbuzz-icu0_8.3.0-2build2_amd64.deb ...
2026-10-04T18:52:00.6075576Z Unpacking libharfbuzz-icu0:amd64 (8.3.0-2build2) ...
2026-10-04T18:52:00.6400464Z Selecting previously unselected package libhyphen0:amd64.
2026-10-04T18:52:00.6508350Z Preparing to unpack .../142-libhyphen0_2.8.8-7build3_amd64.deb ...
2026-10-04T18:52:00.6572744Z Unpacking libhyphen0:amd64 (2.8.8-7build3) ...
2026-10-04T18:52:00.6902905Z Selecting previously unselected package libimath-3-1-29t64:amd64.
2026-10-04T18:52:00.6997828Z Preparing to unpack .../143-libimath-3-1-29t64_3.1.9-3.1ubuntu2_amd64.deb ...
2026-10-04T18:52:00.7177746Z Unpacking libimath-3-1-29t64:amd64 (3.1.9-3.1ubuntu2) ...
2026-10-04T18:52:00.7493231Z Selecting previously unselected package liblc3-1:amd64.
2026-10-04T18:52:00.7589365Z Preparing to unpack .../144-liblc3-1_1.0.4-3build1_amd64.deb ...
2026-10-04T18:52:00.8971645Z Unpacking liblc3-1:amd64 (1.0.4-3build1) ...
2026-10-04T18:52:01.0387234Z Selecting previously unselected package libldacbt-enc2:amd64.
2026-10-04T18:52:01.0489000Z Preparing to unpack .../145-libldacbt-enc2_2.0.2.3+git20200429+ed310a0-4ubuntu2_amd64.deb ...
2026-10-04T18:52:01.0584265Z Unpacking libldacbt-enc2:amd64 (2.0.2.3+git20200429+ed310a0-4ubuntu2) ...
2026-10-04T18:52:01.6069223Z Selecting previously unselected package libraptor2-0:amd64.
2026-10-04T18:52:01.6166214Z Preparing to unpack .../146-libraptor2-0_2.0.16-3ubuntu0.1_amd64.deb ...
2026-10-04T18:52:01.6582228Z Unpacking libraptor2-0:amd64 (2.0.16-3ubuntu0.1) ...
2026-10-04T18:52:01.7670184Z Selecting previously unselected package liblrdf0:amd64.
2026-10-04T18:52:01.7764105Z Preparing to unpack .../147-liblrdf0_0.6.1-4build1_amd64.deb ...
2026-10-04T18:52:01.7772076Z Unpacking liblrdf0:amd64 (0.6.1-4build1) ...
2026-10-04T18:52:01.7956615Z Selecting previously unselected package libltc11:amd64.
2026-10-04T18:52:01.8050062Z Preparing to unpack .../148-libltc11_1.3.2-1build1_amd64.deb ...
2026-10-04T18:52:01.8057818Z Unpacking libltc11:amd64 (1.3.2-1build1) ...
2026-10-04T18:52:01.8228101Z Selecting previously unselected package libmanette-0.2-0:amd64.
2026-10-04T18:52:01.8321100Z Preparing to unpack .../149-libmanette-0.2-0_0.2.7-1build2_amd64.deb ...
2026-10-04T18:52:01.8327455Z Unpacking libmanette-0.2-0:amd64 (0.2.7-1build2) ...
2026-10-04T18:52:01.8502626Z Selecting previously unselected package libmfx1:amd64.
2026-10-04T18:52:01.8595841Z Preparing to unpack .../150-libmfx1_22.5.4-1_amd64.deb ...
2026-10-04T18:52:01.8600830Z Unpacking libmfx1:amd64 (22.5.4-1) ...
2026-10-04T18:52:02.0315419Z Selecting previously unselected package libmjpegutils-2.1-0t64:amd64.
2026-10-04T18:52:02.0408908Z Preparing to unpack .../151-libmjpegutils-2.1-0t64_1%3a2.1.0+debian-8.1build1_amd64.deb ...
2026-10-04T18:52:02.0414989Z Unpacking libmjpegutils-2.1-0t64:amd64 (1:2.1.0+debian-8.1build1) ...
2026-10-04T18:52:02.0588449Z Selecting previously unselected package libmodplug1:amd64.
2026-10-04T18:52:02.0681362Z Preparing to unpack .../152-libmodplug1_1%3a0.8.9.0-3build1_amd64.deb ...
2026-10-04T18:52:02.0688462Z Unpacking libmodplug1:amd64 (1:0.8.9.0-3build1) ...
2026-10-04T18:52:02.0872894Z Selecting previously unselected package libmpcdec6:amd64.
2026-10-04T18:52:02.0967345Z Preparing to unpack .../153-libmpcdec6_2%3a0.1~r495-2build1_amd64.deb ...
2026-10-04T18:52:02.0973645Z Unpacking libmpcdec6:amd64 (2:0.1~r495-2build1) ...
2026-10-04T18:52:02.1144024Z Selecting previously unselected package libmpeg2encpp-2.1-0t64:amd64.
2026-10-04T18:52:02.1238169Z Preparing to unpack .../154-libmpeg2encpp-2.1-0t64_1%3a2.1.0+debian-8.1build1_amd64.deb ...
2026-10-04T18:52:02.1247548Z Unpacking libmpeg2encpp-2.1-0t64:amd64 (1:2.1.0+debian-8.1build1) ...
2026-10-04T18:52:02.1424381Z Selecting previously unselected package libmplex2-2.1-0t64:amd64.
2026-10-04T18:52:02.1518146Z Preparing to unpack .../155-libmplex2-2.1-0t64_1%3a2.1.0+debian-8.1build1_amd64.deb ...
2026-10-04T18:52:02.1525817Z Unpacking libmplex2-2.1-0t64:amd64 (1:2.1.0+debian-8.1build1) ...
2026-10-04T18:52:02.1700457Z Selecting previously unselected package libneon27t64:amd64.
2026-10-04T18:52:02.1793672Z Preparing to unpack .../156-libneon27t64_0.33.0-1.1build3_amd64.deb ...
2026-10-04T18:52:02.1799713Z Unpacking libneon27t64:amd64 (0.33.0-1.1build3) ...
2026-10-04T18:52:02.1979677Z Selecting previously unselected package libnice10:amd64.
2026-10-04T18:52:02.2072717Z Preparing to unpack .../157-libnice10_0.1.21-2build3_amd64.deb ...
2026-10-04T18:52:02.2078360Z Unpacking libnice10:amd64 (0.1.21-2build3) ...
2026-10-04T18:52:02.2394372Z Selecting previously unselected package libopenal-data.
2026-10-04T18:52:02.2489887Z Preparing to unpack .../158-libopenal-data_1%3a1.23.1-4build1_all.deb ...
2026-10-04T18:52:02.2496811Z Unpacking libopenal-data (1:1.23.1-4build1) ...
2026-10-04T18:52:02.3007720Z Selecting previously unselected package libopenexr-3-1-30:amd64.
2026-10-04T18:52:02.3100269Z Preparing to unpack .../159-libopenexr-3-1-30_3.1.5-5.1build3_amd64.deb ...
2026-10-04T18:52:02.3105236Z Unpacking libopenexr-3-1-30:amd64 (3.1.5-5.1build3) ...
2026-10-04T18:52:02.3473108Z Selecting previously unselected package libopenh264-7:amd64.
2026-10-04T18:52:02.3566123Z Preparing to unpack .../160-libopenh264-7_2.4.1+dfsg-1_amd64.deb ...
2026-10-04T18:52:02.3571799Z Unpacking libopenh264-7:amd64 (2.4.1+dfsg-1) ...
2026-10-04T18:52:02.3780062Z Selecting previously unselected package libopenni2-0:amd64.
2026-10-04T18:52:02.3874203Z Preparing to unpack .../161-libopenni2-0_2.2.0.33+dfsg-18_amd64.deb ...
2026-10-04T18:52:02.3900246Z Unpacking libopenni2-0:amd64 (2.2.0.33+dfsg-18) ...
2026-10-04T18:52:02.4113722Z Selecting previously unselected package libqrencode4:amd64.
2026-10-04T18:52:02.4206658Z Preparing to unpack .../162-libqrencode4_4.1.1-1build2_amd64.deb ...
2026-10-04T18:52:02.4360483Z Unpacking libqrencode4:amd64 (4.1.1-1build2) ...
2026-10-04T18:52:02.4526388Z Selecting previously unselected package libsecret-common.
2026-10-04T18:52:02.4619184Z Preparing to unpack .../163-libsecret-common_0.21.4-1build3_all.deb ...
2026-10-04T18:52:02.4627306Z Unpacking libsecret-common (0.21.4-1build3) ...
2026-10-04T18:52:02.4795771Z Selecting previously unselected package libsecret-1-0:amd64.
2026-10-04T18:52:02.4888272Z Preparing to unpack .../164-libsecret-1-0_0.21.4-1build3_amd64.deb ...
2026-10-04T18:52:02.4894866Z Unpacking libsecret-1-0:amd64 (0.21.4-1build3) ...
2026-10-04T18:52:02.5080947Z Selecting previously unselected package libsndio7.0:amd64.
2026-10-04T18:52:02.5174227Z Preparing to unpack .../165-libsndio7.0_1.9.0-0.3build3_amd64.deb ...
2026-10-04T18:52:02.5180504Z Unpacking libsndio7.0:amd64 (1.9.0-0.3build3) ...
2026-10-04T18:52:02.5350666Z Selecting previously unselected package libsoundtouch1:amd64.
2026-10-04T18:52:02.5443157Z Preparing to unpack .../166-libsoundtouch1_2.3.2+ds1-1build1_amd64.deb ...
2026-10-04T18:52:02.5449305Z Unpacking libsoundtouch1:amd64 (2.3.2+ds1-1build1) ...
2026-10-04T18:52:02.5629744Z Selecting previously unselected package libspandsp2t64:amd64.
2026-10-04T18:52:02.5723845Z Preparing to unpack .../167-libspandsp2t64_0.0.6+dfsg-2.1build1_amd64.deb ...
2026-10-04T18:52:02.5729178Z Unpacking libspandsp2t64:amd64 (0.0.6+dfsg-2.1build1) ...
2026-10-04T18:52:02.5924446Z Selecting previously unselected package libsrtp2-1:amd64.
2026-10-04T18:52:02.6017886Z Preparing to unpack .../168-libsrtp2-1_2.5.0-3build1_amd64.deb ...
2026-10-04T18:52:02.6023795Z Unpacking libsrtp2-1:amd64 (2.5.0-3build1) ...
2026-10-04T18:52:02.6199189Z Selecting previously unselected package libwayland-server0:amd64.
2026-10-04T18:52:02.6293679Z Preparing to unpack .../169-libwayland-server0_1.22.0-2.1build1_amd64.deb ...
2026-10-04T18:52:02.6453763Z Unpacking libwayland-server0:amd64 (1.22.0-2.1build1) ...
2026-10-04T18:52:02.6629416Z Selecting previously unselected package libwildmidi2:amd64.
2026-10-04T18:52:02.6721733Z Preparing to unpack .../170-libwildmidi2_0.4.3-1build3_amd64.deb ...
2026-10-04T18:52:02.6728882Z Unpacking libwildmidi2:amd64 (0.4.3-1build3) ...
2026-10-04T18:52:02.6900152Z Selecting previously unselected package libwoff1:amd64.
2026-10-04T18:52:02.6993629Z Preparing to unpack .../171-libwoff1_1.0.2-2build1_amd64.deb ...
2026-10-04T18:52:02.6999513Z Unpacking libwoff1:amd64 (1.0.2-2build1) ...
2026-10-04T18:52:02.7177113Z Selecting previously unselected package libxcb-xkb1:amd64.
2026-10-04T18:52:02.7270046Z Preparing to unpack .../172-libxcb-xkb1_1.15-1ubuntu2_amd64.deb ...
2026-10-04T18:52:02.7276017Z Unpacking libxcb-xkb1:amd64 (1.15-1ubuntu2) ...
2026-10-04T18:52:02.7450559Z Selecting previously unselected package libxkbcommon-x11-0:amd64.
2026-10-04T18:52:02.7543704Z Preparing to unpack .../173-libxkbcommon-x11-0_1.6.0-1build1_amd64.deb ...
2026-10-04T18:52:02.7549894Z Unpacking libxkbcommon-x11-0:amd64 (1.6.0-1build1) ...
2026-10-04T18:52:02.7722155Z Selecting previously unselected package libzbar0t64:amd64.
2026-10-04T18:52:02.7815531Z Preparing to unpack .../174-libzbar0t64_0.23.93-4build3_amd64.deb ...
2026-10-04T18:52:02.7821873Z Unpacking libzbar0t64:amd64 (0.23.93-4build3) ...
2026-10-04T18:52:02.8002185Z Selecting previously unselected package libzxing3:amd64.
2026-10-04T18:52:02.8095444Z Preparing to unpack .../175-libzxing3_2.2.1-3_amd64.deb ...
2026-10-04T18:52:02.8101822Z Unpacking libzxing3:amd64 (2.2.1-3) ...
2026-10-04T18:52:02.8297045Z Selecting previously unselected package xfonts-encodings.
2026-10-04T18:52:02.8391581Z Preparing to unpack .../176-xfonts-encodings_1%3a1.0.5-0ubuntu2_all.deb ...
2026-10-04T18:52:02.8520994Z Unpacking xfonts-encodings (1:1.0.5-0ubuntu2) ...
2026-10-04T18:52:02.8747634Z Selecting previously unselected package xfonts-utils.
2026-10-04T18:52:02.8842151Z Preparing to unpack .../177-xfonts-utils_1%3a7.7+6build3_amd64.deb ...
2026-10-04T18:52:02.8851677Z Unpacking xfonts-utils (1:7.7+6build3) ...
2026-10-04T18:52:02.9125611Z Selecting previously unselected package xfonts-cyrillic.
2026-10-04T18:52:02.9220208Z Preparing to unpack .../178-xfonts-cyrillic_1%3a1.0.5+nmu1_all.deb ...
2026-10-04T18:52:02.9225944Z Unpacking xfonts-cyrillic (1:1.0.5+nmu1) ...
2026-10-04T18:52:02.9493939Z Selecting previously unselected package xfonts-scalable.
2026-10-04T18:52:02.9589084Z Preparing to unpack .../179-xfonts-scalable_1%3a1.0.3-1.3_all.deb ...
2026-10-04T18:52:02.9597519Z Unpacking xfonts-scalable (1:1.0.3-1.3) ...
2026-10-04T18:52:02.9792038Z Selecting previously unselected package libgstreamer-plugins-bad1.0-0:amd64.
2026-10-04T18:52:02.9888260Z Preparing to unpack .../180-libgstreamer-plugins-bad1.0-0_1.24.2-1ubuntu4_amd64.deb ...
2026-10-04T18:52:02.9895828Z Unpacking libgstreamer-plugins-bad1.0-0:amd64 (1.24.2-1ubuntu4) ...
2026-10-04T18:52:03.0207160Z Selecting previously unselected package libdca0:amd64.
2026-10-04T18:52:03.0301596Z Preparing to unpack .../181-libdca0_0.0.7-2build1_amd64.deb ...
2026-10-04T18:52:03.0307342Z Unpacking libdca0:amd64 (0.0.7-2build1) ...
2026-10-04T18:52:03.0625973Z Selecting previously unselected package libopenal1:amd64.
2026-10-04T18:52:03.0720692Z Preparing to unpack .../182-libopenal1_1%3a1.23.1-4build1_amd64.deb ...
2026-10-04T18:52:03.0727126Z Unpacking libopenal1:amd64 (1:1.23.1-4build1) ...
2026-10-04T18:52:03.0935852Z Selecting previously unselected package libsbc1:amd64.
2026-10-04T18:52:03.1030097Z Preparing to unpack .../183-libsbc1_2.0-1build1_amd64.deb ...
2026-10-04T18:52:03.1038563Z Unpacking libsbc1:amd64 (2.0-1build1) ...
2026-10-04T18:52:03.1210660Z Selecting previously unselected package libvo-aacenc0:amd64.
2026-10-04T18:52:03.1304921Z Preparing to unpack .../184-libvo-aacenc0_0.1.3-2build1_amd64.deb ...
2026-10-04T18:52:03.1312903Z Unpacking libvo-aacenc0:amd64 (0.1.3-2build1) ...
2026-10-04T18:52:03.1487512Z Selecting previously unselected package libvo-amrwbenc0:amd64.
2026-10-04T18:52:03.1581649Z Preparing to unpack .../185-libvo-amrwbenc0_0.1.3-2build1_amd64.deb ...
2026-10-04T18:52:03.1587581Z Unpacking libvo-amrwbenc0:amd64 (0.1.3-2build1) ...
2026-10-04T18:52:03.1757759Z Selecting previously unselected package gstreamer1.0-plugins-bad:amd64.
2026-10-04T18:52:03.1851577Z Preparing to unpack .../186-gstreamer1.0-plugins-bad_1.24.2-1ubuntu4_amd64.deb ...
2026-10-04T18:52:03.1860416Z Unpacking gstreamer1.0-plugins-bad:amd64 (1.24.2-1ubuntu4) ...
2026-10-04T18:52:03.3506258Z Setting up libgme0:amd64 (0.6.3-7build1) ...
2026-10-04T18:52:03.3525507Z Setting up libchromaprint1:amd64 (1.5.1-5) ...
2026-10-04T18:52:03.3541195Z Setting up libssh-gcrypt-4:amd64 (0.10.6-2ubuntu0.5) ...
2026-10-04T18:52:03.3558987Z Setting up libhwy1t64:amd64 (1.0.7-8.1build1) ...
2026-10-04T18:52:03.3578761Z Setting up libcairo-script-interpreter2:amd64 (1.18.0-3build1) ...
2026-10-04T18:52:03.3594183Z Setting up libfreeaptx0:amd64 (0.1.1-2build1) ...
2026-10-04T18:52:03.3609771Z Setting up libdvdread8t64:amd64 (6.1.3-1.1build1) ...
2026-10-04T18:52:03.3626288Z Setting up libudfread0:amd64 (1.1.2-1build1) ...
2026-10-04T18:52:03.3643428Z Setting up libmodplug1:amd64 (1:0.8.9.0-3build1) ...
2026-10-04T18:52:03.3661460Z Setting up libcdparanoia0:amd64 (3.10.2+debian-14build3) ...
2026-10-04T18:52:03.3681667Z Setting up libwayland-server0:amd64 (1.22.0-2.1build1) ...
2026-10-04T18:52:03.3699994Z Setting up libvo-amrwbenc0:amd64 (0.1.3-2build1) ...
2026-10-04T18:52:03.3717670Z Setting up mesa-libgallium:amd64 (25.2.8-0ubuntu0.24.04.4) ...
2026-10-04T18:52:03.3735257Z Setting up session-migration (0.3.9build1) ...
2026-10-04T18:52:03.4463275Z Created symlink /etc/systemd/user/graphical-session-pre.target.wants/session-migration.service → /usr/lib/systemd/user/session-migration.service.
2026-10-04T18:52:03.4463977Z 
2026-10-04T18:52:03.4491162Z Setting up libraw1394-11:amd64 (2.1.2-2build3) ...
2026-10-04T18:52:03.4508885Z Setting up libsbc1:amd64 (2.0-1build1) ...
2026-10-04T18:52:03.4526432Z Setting up libproxy1v5:amd64 (0.5.4-4build1) ...
2026-10-04T18:52:03.4542408Z Setting up libneon27t64:amd64 (0.33.0-1.1build3) ...
2026-10-04T18:52:03.4560543Z Setting up libtag1v5-vanilla:amd64 (1.13.1-1build1) ...
2026-10-04T18:52:03.4574415Z Setting up libharfbuzz-icu0:amd64 (8.3.0-2build2) ...
2026-10-04T18:52:03.4594053Z Setting up libopenni2-0:amd64 (2.2.0.33+dfsg-18) ...
2026-10-04T18:52:03.4714362Z Setting up libspeex1:amd64 (1.2.1-2ubuntu2.24.04.1) ...
2026-10-04T18:52:03.4733165Z Setting up libshine3:amd64 (3.1.1-2build1) ...
2026-10-04T18:52:03.4751865Z Setting up libcaca0:amd64 (0.99.beta20-4ubuntu0.2) ...
2026-10-04T18:52:03.4772442Z Setting up libvpl2 (2023.3.0-1build1) ...
2026-10-04T18:52:03.4792779Z Setting up libv4lconvert0t64:amd64 (1.26.1-4build3) ...
2026-10-04T18:52:03.4807563Z Setting up libx264-164:amd64 (2:0.164.3108+git31e19f9-1) ...
2026-10-04T18:52:03.4997124Z Setting up libtwolame0:amd64 (0.4.0-2build3) ...
2026-10-04T18:52:03.5013508Z Setting up libmbedcrypto7t64:amd64 (2.28.8-1) ...
2026-10-04T18:52:03.5030439Z Setting up libwoff1:amd64 (1.0.2-2build1) ...
2026-10-04T18:52:03.5047733Z Setting up liblc3-1:amd64 (1.0.4-3build1) ...
2026-10-04T18:52:03.5066151Z Setting up libqrencode4:amd64 (4.1.1-1build2) ...
2026-10-04T18:52:03.5083602Z Setting up libhyphen0:amd64 (2.8.8-7build3) ...
2026-10-04T18:52:03.5101547Z Setting up libgbm1:amd64 (25.2.8-0ubuntu0.24.04.4) ...
2026-10-04T18:52:03.5115920Z Setting up libgsm1:amd64 (1.0.22-1build1) ...
2026-10-04T18:52:03.5134353Z Setting up libvisual-0.4-0:amd64 (0.4.2-2build1) ...
2026-10-04T18:52:03.5150392Z Setting up libsoxr0:amd64 (0.1.3-4build3) ...
2026-10-04T18:52:03.5166675Z Setting up libzix-0-0:amd64 (0.4.2-2build1) ...
2026-10-04T18:52:03.5183885Z Setting up libcodec2-1.2:amd64 (1.2.0-2build1) ...
2026-10-04T18:52:03.5201549Z Setting up libmanette-0.2-0:amd64 (0.2.7-1build2) ...
2026-10-04T18:52:03.5218491Z Setting up libsrtp2-1:amd64 (2.5.0-3build1) ...
2026-10-04T18:52:03.5236200Z Setting up libgl1-mesa-dri:amd64 (25.2.8-0ubuntu0.24.04.4) ...
2026-10-04T18:52:03.5298807Z Setting up libmysofa1:amd64 (1.3.2+dfsg-2ubuntu2) ...
2026-10-04T18:52:03.5316589Z Setting up libraptor2-0:amd64 (2.0.16-3ubuntu0.1) ...
2026-10-04T18:52:03.5333146Z Setting up libldacbt-enc2:amd64 (2.0.2.3+git20200429+ed310a0-4ubuntu2) ...
2026-10-04T18:52:03.5349366Z Setting up fonts-wqy-zenhei (0.9.45-8) ...
2026-10-04T18:52:03.5441304Z Setting up libwebrtc-audio-processing1:amd64 (0.3.1-0ubuntu6) ...
2026-10-04T18:52:03.5458916Z Setting up fonts-freefont-ttf (20211204+svn4273-2) ...
2026-10-04T18:52:03.5476275Z Setting up libevent-2.1-7t64:amd64 (2.1.12-stable-9ubuntu2.2) ...
2026-10-04T18:52:03.5490688Z Setting up libsvtav1enc1d1:amd64 (1.7.0+dfsg-2build1) ...
2026-10-04T18:52:03.5504507Z Setting up libsoup-3.0-common (3.4.4-5ubuntu0.8) ...
2026-10-04T18:52:03.5518937Z Setting up libmpg123-0t64:amd64 (1.32.5-1ubuntu1.1) ...
2026-10-04T18:52:03.5537385Z Setting up libcjson1:amd64 (1.7.17-1) ...
2026-10-04T18:52:03.5553467Z Setting up libxvidcore4:amd64 (2:1.3.7-1build1) ...
2026-10-04T18:52:03.5569244Z Setting up libmpcdec6:amd64 (2:0.1~r495-2build1) ...
2026-10-04T18:52:03.5587737Z Setting up libmjpegutils-2.1-0t64:amd64 (1:2.1.0+debian-8.1build1) ...
2026-10-04T18:52:03.5605411Z Setting up librav1e0:amd64 (0.7.1-2) ...
2026-10-04T18:52:03.5622497Z Setting up liborc-0.4-0t64:amd64 (1:0.4.38-1ubuntu0.1) ...
2026-10-04T18:52:03.5639807Z Setting up libxcb-xkb1:amd64 (1.15-1ubuntu2) ...
2026-10-04T18:52:03.5656697Z Setting up libvo-aacenc0:amd64 (0.1.3-2build1) ...
2026-10-04T18:52:03.5674322Z Setting up librist4:amd64 (0.2.10+dfsg-2) ...
2026-10-04T18:52:03.5694047Z Setting up librsvg2-2:amd64 (2.58.0+dfsg-1build1) ...
2026-10-04T18:52:03.5713342Z Setting up libblas3:amd64 (3.12.0-3build1.1) ...
2026-10-04T18:52:03.5762189Z update-alternatives: using /usr/lib/x86_64-linux-gnu/blas/libblas.so.3 to provide /usr/lib/x86_64-linux-gnu/libblas.so.3 (libblas.so.3-x86_64-linux-gnu) in auto mode
2026-10-04T18:52:03.5779815Z Setting up libegl-mesa0:amd64 (25.2.8-0ubuntu0.24.04.4) ...
2026-10-04T18:52:03.5797629Z Setting up libsoundtouch1:amd64 (2.3.2+ds1-1build1) ...
2026-10-04T18:52:03.5815251Z Setting up libplacebo338:amd64 (6.338.2-2build1) ...
2026-10-04T18:52:03.5830924Z Setting up libgles2:amd64 (1.7.0-1build1) ...
2026-10-04T18:52:03.5850775Z Setting up fonts-tlwg-loma-otf (1:0.7.3-1) ...
2026-10-04T18:52:03.5868896Z Setting up libva2:amd64 (2.20.0-2ubuntu0.2) ...
2026-10-04T18:52:03.5886345Z Setting up libspa-0.2-modules:amd64 (1.0.5-1ubuntu3.3) ...
2026-10-04T18:52:03.5909156Z Setting up libzxing3:amd64 (2.2.1-3) ...
2026-10-04T18:52:03.5928085Z Setting up xfonts-encodings (1:1.0.5-0ubuntu2) ...
2026-10-04T18:52:03.5944117Z Setting up libopus0:amd64 (1.4-1build1) ...
2026-10-04T18:52:03.5962521Z Setting up libfaad2:amd64 (2.11.1-1build1) ...
2026-10-04T18:52:03.5980314Z Setting up libxkbcommon-x11-0:amd64 (1.6.0-1build1) ...
2026-10-04T18:52:03.5997211Z Setting up libdc1394-25:amd64 (2.2.6-4build1) ...
2026-10-04T18:52:03.6020216Z Setting up libimath-3-1-29t64:amd64 (3.1.9-3.1ubuntu2) ...
2026-10-04T18:52:03.6037402Z Setting up libunibreak5:amd64 (5.1-2build1) ...
2026-10-04T18:52:03.6056796Z Setting up libdv4t64:amd64 (1.0.0-17.1build1) ...
2026-10-04T18:52:03.6074938Z Setting up libjxl0.7:amd64 (0.7.0-10.2ubuntu6.1) ...
2026-10-04T18:52:03.6091841Z Setting up libopenh264-7:amd64 (2.4.1+dfsg-1) ...
2026-10-04T18:52:03.6112766Z Setting up libltc11:amd64 (1.3.2-1build1) ...
2026-10-04T18:52:03.6129767Z Setting up libx265-199:amd64 (3.5-2build1) ...
2026-10-04T18:52:03.6625801Z Setting up libv4l-0t64:amd64 (1.26.1-4build3) ...
2026-10-04T18:52:03.6644032Z Setting up libavtp0:amd64 (0.2.0-1build1) ...
2026-10-04T18:52:03.6661003Z Setting up libsndio7.0:amd64 (1.9.0-0.3build3) ...
2026-10-04T18:52:03.6682101Z Setting up libdirectfb-1.7-7t64:amd64 (1.7.7-11.1ubuntu2) ...
2026-10-04T18:52:03.6697796Z Setting up libspandsp2t64:amd64 (0.0.6+dfsg-2.1build1) ...
2026-10-04T18:52:03.6716313Z Setting up libvidstab1.1:amd64 (1.1.0-2build1) ...
2026-10-04T18:52:03.6732476Z Setting up libvpx9:amd64 (1.14.0-1ubuntu2.3) ...
2026-10-04T18:52:03.6748274Z Setting up libsrt1.5-gnutls:amd64 (1.5.3-1build2) ...
2026-10-04T18:52:03.6765951Z Setting up libtag1v5:amd64 (1.13.1-1build1) ...
2026-10-04T18:52:03.6784453Z Setting up libflite1:amd64 (2.2-6build3) ...
2026-10-04T18:52:03.6801648Z Setting up libdav1d7:amd64 (1.4.1-1build1) ...
2026-10-04T18:52:03.6824256Z Setting up libva-drm2:amd64 (2.20.0-2ubuntu0.2) ...
2026-10-04T18:52:03.6840213Z Setting up fonts-ipafont-gothic (00303-21ubuntu1) ...
2026-10-04T18:52:03.6894840Z update-alternatives: using /usr/share/fonts/opentype/ipafont-gothic/ipag.ttf to provide /usr/share/fonts/truetype/fonts-japanese-gothic.ttf (fonts-japanese-gothic.ttf) in auto mode
2026-10-04T18:52:03.7090279Z Setting up ocl-icd-libopencl1:amd64 (2.3.2-1build1) ...
2026-10-04T18:52:03.7107259Z Setting up libasyncns0:amd64 (0.8-6build4) ...
2026-10-04T18:52:03.7128131Z Setting up libwildmidi2:amd64 (0.4.3-1build3) ...
2026-10-04T18:52:03.7149174Z Setting up libvdpau1:amd64 (1.5-2build1) ...
2026-10-04T18:52:03.7176754Z Setting up libwavpack1:amd64 (5.6.0-1build1) ...
2026-10-04T18:52:03.7190759Z Setting up libbs2b0:amd64 (3.1.0+dfsg-7build1) ...
2026-10-04T18:52:03.7209568Z Setting up libtheora0:amd64 (1.1.1+dfsg.1-16.1build3) ...
2026-10-04T18:52:03.7223437Z Setting up libegl1:amd64 (1.7.0-1build1) ...
2026-10-04T18:52:03.7240640Z Setting up libdecor-0-0:amd64 (0.2.2-1build2) ...
2026-10-04T18:52:03.7257363Z Setting up libdca0:amd64 (0.0.7-2build1) ...
2026-10-04T18:52:03.7273052Z Setting up libzimg2:amd64 (3.0.5+ds1-1build1) ...
2026-10-04T18:52:03.7290768Z Setting up libopenal-data (1:1.23.1-4build1) ...
2026-10-04T18:52:03.7316915Z Setting up libevent-core-2.1-7t64:amd64 (2.1.12-stable-9ubuntu2.2) ...
2026-10-04T18:52:03.7335721Z Setting up libabsl20220623t64:amd64 (20220623.1-3.1ubuntu3.2) ...
2026-10-04T18:52:03.7354719Z Setting up libflac12t64:amd64 (1.4.3+ds-2.1ubuntu2) ...
2026-10-04T18:52:03.7371022Z Setting up libgtk-4-common (4.14.5+ds-0ubuntu0.10) ...
2026-10-04T18:52:03.7385997Z Setting up libmpeg2encpp-2.1-0t64:amd64 (1:2.1.0+debian-8.1build1) ...
2026-10-04T18:52:03.7400037Z Setting up glib-networking-common (2.80.0-1build1) ...
2026-10-04T18:52:03.7416009Z Setting up libmfx1:amd64 (22.5.4-1) ...
2026-10-04T18:52:03.7431416Z Setting up libbluray2:amd64 (1:1.3.4-1build1) ...
2026-10-04T18:52:03.7445894Z Setting up libde265-0:amd64 (1.0.15-1ubuntu0.1) ...
2026-10-04T18:52:03.7462142Z Setting up libsamplerate0:amd64 (0.2.2-4build1) ...
2026-10-04T18:52:03.7475968Z Setting up timgm6mb-soundfont (1.3-5) ...
2026-10-04T18:52:03.7542897Z update-alternatives: using /usr/share/sounds/sf2/TimGM6mb.sf2 to provide /usr/share/sounds/sf2/default-GM.sf2 (default-GM.sf2) in auto mode
2026-10-04T18:52:03.7575920Z update-alternatives: using /usr/share/sounds/sf2/TimGM6mb.sf2 to provide /usr/share/sounds/sf3/default-GM.sf3 (default-GM.sf3) in auto mode
2026-10-04T18:52:03.7590896Z Setting up libva-x11-2:amd64 (2.20.0-2ubuntu0.2) ...
2026-10-04T18:52:03.7605922Z Setting up libyuv0:amd64 (0.0~git202401110.af6ac82-1) ...
2026-10-04T18:52:03.7622475Z Setting up libmplex2-2.1-0t64:amd64 (1:2.1.0+debian-8.1build1) ...
2026-10-04T18:52:03.7637295Z Setting up libpipewire-0.3-0t64:amd64 (1.0.5-1ubuntu3.3) ...
2026-10-04T18:52:03.7654677Z Setting up libopenmpt0t64:amd64 (0.7.3-1.1build3) ...
2026-10-04T18:52:03.7670424Z Setting up libzvbi-common (0.2.42-2) ...
2026-10-04T18:52:03.7684788Z Setting up libsecret-common (0.21.4-1build3) ...
2026-10-04T18:52:03.7701779Z Setting up libmp3lame0:amd64 (3.100-6build1) ...
2026-10-04T18:52:03.7716164Z Setting up libgraphene-1.0-0:amd64 (1.10.8-3build2) ...
2026-10-04T18:52:03.7730396Z Setting up libvorbisenc2:amd64 (1.3.7-1build3) ...
2026-10-04T18:52:03.7748150Z Setting up libdvdnav4:amd64 (6.1.1-3build1) ...
2026-10-04T18:52:03.7763038Z Setting up fonts-unifont (1:15.1.01-1build1) ...
2026-10-04T18:52:03.7779789Z Setting up libaa1:amd64 (1.4p5-51.1) ...
2026-10-04T18:52:03.7796092Z Setting up libiec61883-0:amd64 (1.2.0-6build1) ...
2026-10-04T18:52:03.7810338Z Setting up libserd-0-0:amd64 (0.32.2-1) ...
2026-10-04T18:52:03.7826305Z Setting up libavc1394-0:amd64 (0.5.4-5build3) ...
2026-10-04T18:52:03.7840539Z Setting up gsettings-desktop-schemas (46.1-0ubuntu1) ...
2026-10-04T18:52:03.7857738Z Setting up glib-networking-services (2.80.0-1build1) ...
2026-10-04T18:52:03.7875524Z Setting up liblapack3:amd64 (3.12.0-3build1.1) ...
2026-10-04T18:52:03.7925177Z update-alternatives: using /usr/lib/x86_64-linux-gnu/lapack/liblapack.so.3 to provide /usr/lib/x86_64-linux-gnu/liblapack.so.3 (liblapack.so.3-x86_64-linux-gnu) in auto mode
2026-10-04T18:52:03.7942309Z Setting up libglx-mesa0:amd64 (25.2.8-0ubuntu0.24.04.4) ...
2026-10-04T18:52:03.7958140Z Setting up libzvbi0t64:amd64 (0.2.42-2) ...
2026-10-04T18:52:03.7977976Z Setting up libevent-pthreads-2.1-7t64:amd64 (2.1.12-stable-9ubuntu2.2) ...
2026-10-04T18:52:03.7993250Z Setting up liblrdf0:amd64 (0.6.1-4build1) ...
2026-10-04T18:52:03.8010564Z Setting up libzbar0t64:amd64 (0.23.93-4build3) ...
2026-10-04T18:52:03.8028807Z Setting up libgstreamer-plugins-base1.0-0:amd64 (1.24.2-1ubuntu0.5) ...
2026-10-04T18:52:03.8045769Z Setting up libavutil58:amd64 (7:6.1.1-3ubuntu5) ...
2026-10-04T18:52:03.8060786Z Setting up libopenal1:amd64 (1:1.23.1-4build1) ...
2026-10-04T18:52:03.8078984Z Setting up xfonts-utils (1:7.7+6build3) ...
2026-10-04T18:52:03.8116322Z Setting up libsecret-1-0:amd64 (0.21.4-1build3) ...
2026-10-04T18:52:03.8133979Z Setting up libgstreamer-plugins-good1.0-0:amd64 (1.24.2-1ubuntu1.8) ...
2026-10-04T18:52:03.8156238Z Setting up libgstreamer-gl1.0-0:amd64 (1.24.2-1ubuntu0.5) ...
2026-10-04T18:52:03.8170606Z Setting up gstreamer1.0-plugins-base:amd64 (1.24.2-1ubuntu0.5) ...
2026-10-04T18:52:03.8188591Z Setting up libass9:amd64 (1:0.17.1-2build1) ...
2026-10-04T18:52:03.8204838Z Setting up libswresample4:amd64 (7:6.1.1-3ubuntu5) ...
2026-10-04T18:52:03.8221235Z Setting up libopenexr-3-1-30:amd64 (3.1.5-5.1build3) ...
2026-10-04T18:52:03.8237907Z Setting up libshout3:amd64 (2.4.6-1build2) ...
2026-10-04T18:52:03.8253018Z Setting up libgav1-1:amd64 (0.18.0-1build3) ...
2026-10-04T18:52:03.8269254Z Setting up libavcodec60:amd64 (7:6.1.1-3ubuntu5) ...
2026-10-04T18:52:03.8283620Z Setting up librubberband2:amd64 (3.3.0+dfsg-2build1) ...
2026-10-04T18:52:03.8299220Z Setting up libjack-jackd2-0:amd64 (1.9.21~dfsg-3ubuntu3) ...
2026-10-04T18:52:03.8316484Z Setting up libsord-0-0:amd64 (0.16.16-2build1) ...
2026-10-04T18:52:03.8334029Z Setting up xfonts-cyrillic (1:1.0.5+nmu1) ...
2026-10-04T18:52:03.8582909Z Setting up libpostproc57:amd64 (7:6.1.1-3ubuntu5) ...
2026-10-04T18:52:03.8602630Z Setting up libsratom-0-0:amd64 (0.6.16-1build1) ...
2026-10-04T18:52:03.8617470Z Setting up libsndfile1:amd64 (1.2.2-1ubuntu5.24.04.1) ...
2026-10-04T18:52:03.8637945Z Setting up liblilv-0-0:amd64 (0.24.22-1build1) ...
2026-10-04T18:52:03.9178168Z Setting up libinstpatch-1.0-2:amd64 (1.1.6-1build2) ...
2026-10-04T18:52:03.9192242Z Setting up xfonts-scalable (1:1.0.3-1.3) ...
2026-10-04T18:52:03.9417203Z Setting up libswscale7:amd64 (7:6.1.1-3ubuntu5) ...
2026-10-04T18:52:03.9433422Z Setting up libavif16:amd64 (1.0.4-1ubuntu3) ...
2026-10-04T18:52:03.9447673Z Setting up libpulse0:amd64 (1:16.1+dfsg1-2ubuntu10.1) ...
2026-10-04T18:52:03.9510379Z Setting up libavformat60:amd64 (7:6.1.1-3ubuntu5) ...
2026-10-04T18:52:03.9525330Z Setting up libsphinxbase3t64:amd64 (0.8+5prealpha+1-17build2) ...
2026-10-04T18:52:03.9540898Z Setting up libsdl2-2.0-0:amd64 (2.30.0+dfsg-1ubuntu3.1) ...
2026-10-04T18:52:03.9556275Z Setting up libfluidsynth3:amd64 (2.3.4-1build3) ...
2026-10-04T18:52:03.9572413Z Setting up libpocketsphinx3:amd64 (0.8.0+real5prealpha+1-15ubuntu5) ...
2026-10-04T18:52:03.9590127Z Setting up libavfilter9:amd64 (7:6.1.1-3ubuntu5) ...
2026-10-04T18:52:03.9603733Z Setting up gstreamer1.0-libav:amd64 (1.24.1-1build1) ...
2026-10-04T18:52:03.9773509Z Processing triggers for fontconfig (2.15.0-1.1ubuntu2) ...
2026-10-04T18:52:04.0379136Z Processing triggers for libc-bin (2.39-0ubuntu8.9) ...
2026-10-04T18:52:04.2321777Z Processing triggers for man-db (2.12.0-4build2) ...
2026-10-04T18:52:04.2341745Z Not building database; man-db/auto-update is not 'true'.
2026-10-04T18:52:04.2363759Z Processing triggers for libglib2.0-0t64:amd64 (2.80.0-6ubuntu3.9) ...
2026-10-04T18:52:04.2574458Z Setting up libgtk-4-1:amd64 (4.14.5+ds-0ubuntu0.10) ...
2026-10-04T18:52:04.2819101Z Setting up glib-networking:amd64 (2.80.0-1build1) ...
2026-10-04T18:52:04.2857162Z Setting up libsoup-3.0-0:amd64 (3.4.4-5ubuntu0.8) ...
2026-10-04T18:52:04.2881943Z Setting up libgssdp-1.6-0:amd64 (1.6.3-1build3) ...
2026-10-04T18:52:04.2934862Z Setting up gstreamer1.0-plugins-good:amd64 (1.24.2-1ubuntu1.8) ...
2026-10-04T18:52:04.2959572Z Setting up libgupnp-1.6-0:amd64 (1.6.6-1build3) ...
2026-10-04T18:52:04.3000222Z Setting up libgupnp-igd-1.6-0:amd64 (1.6.0-3build3) ...
2026-10-04T18:52:04.3027966Z Setting up libnice10:amd64 (0.1.21-2build3) ...
2026-10-04T18:52:04.3063433Z Setting up libgstreamer-plugins-bad1.0-0:amd64 (1.24.2-1ubuntu4) ...
2026-10-04T18:52:04.3091631Z Setting up gstreamer1.0-plugins-bad:amd64 (1.24.2-1ubuntu4) ...
2026-10-04T18:52:04.3110664Z Processing triggers for libc-bin (2.39-0ubuntu8.9) ...
2026-10-04T18:52:04.7676046Z 
2026-10-04T18:52:04.7676626Z Running kernel seems to be up-to-date.
2026-10-04T18:52:04.7676871Z 
2026-10-04T18:52:04.7677007Z No services need to be restarted.
2026-10-04T18:52:04.7677154Z 
2026-10-04T18:52:04.7677311Z No containers need to be restarted.
2026-10-04T18:52:04.7677460Z 
2026-10-04T18:52:04.7677613Z No user sessions are running outdated binaries.
2026-10-04T18:52:04.7677794Z 
2026-10-04T18:52:04.7678021Z No VM guests are running outdated hypervisor (qemu) binaries on this host.
2026-10-04T18:52:05.3890754Z Downloading WebKit 26.5 (playwright webkit v2336) from https://cdn.playwright.dev/dbazure/download/playwright/builds/webkit/2336/webkit-ubuntu-24.04.zip
2026-10-04T18:52:06.2605698Z |                                                                                |   0% of 102 MiB
2026-10-04T18:52:06.4282532Z |■■■■■■■■                                                                        |  10% of 102 MiB
2026-10-04T18:52:06.4807564Z |■■■■■■■■■■■■■■■■                                                                |  20% of 102 MiB
2026-10-04T18:52:06.5338767Z |■■■■■■■■■■■■■■■■■■■■■■■■                                                        |  30% of 102 MiB
2026-10-04T18:52:06.5935441Z |■■■■■■■■■■■■■■■■■■■■■■■■■■■■■■■■                                                |  40% of 102 MiB
2026-10-04T18:52:06.6508046Z |■■■■■■■■■■■■■■■■■■■■■■■■■■■■■■■■■■■■■■■■                                        |  50% of 102 MiB
2026-10-04T18:52:06.7067680Z |■■■■■■■■■■■■■■■■■■■■■■■■■■■■■■■■■■■■■■■■■■■■■■■■                                |  60% of 102 MiB
2026-10-04T18:52:06.7615557Z |■■■■■■■■■■■■■■■■■■■■■■■■■■■■■■■■■■■■■■■■■■■■■■■■■■■■■■■■                        |  70% of 102 MiB
2026-10-04T18:52:06.8195044Z |■■■■■■■■■■■■■■■■■■■■■■■■■■■■■■■■■■■■■■■■■■■■■■■■■■■■■■■■■■■■■■■■                |  80% of 102 MiB
2026-10-04T18:52:06.8788005Z |■■■■■■■■■■■■■■■■■■■■■■■■■■■■■■■■■■■■■■■■■■■■■■■■■■■■■■■■■■■■■■■■■■■■■■■■        |  90% of 102 MiB
2026-10-04T18:52:06.9376985Z |■■■■■■■■■■■■■■■■■■■■■■■■■■■■■■■■■■■■■■■■■■■■■■■■■■■■■■■■■■■■■■■■■■■■■■■■■■■■■■■■| 100% of 102 MiB
2026-10-04T18:52:08.3895199Z WebKit 26.5 (playwright webkit v2336) downloaded to /home/runner/.cache/ms-playwright/webkit-2336
2026-10-04T18:52:08.3898520Z Downloading FFmpeg (playwright ffmpeg v1011) from https://cdn.playwright.dev/dbazure/download/playwright/builds/ffmpeg/1011/ffmpeg-linux.zip
2026-10-04T18:52:09.2512216Z |                                                                                |   0% of 2.3 MiB
2026-10-04T18:52:09.2891884Z |■■■■■■■■                                                                        |  10% of 2.3 MiB
2026-10-04T18:52:09.3042547Z |■■■■■■■■■■■■■■■■                                                                |  20% of 2.3 MiB
2026-10-04T18:52:09.3161769Z |■■■■■■■■■■■■■■■■■■■■■■■■                                                        |  30% of 2.3 MiB
2026-10-04T18:52:09.3284719Z |■■■■■■■■■■■■■■■■■■■■■■■■■■■■■■■■                                                |  40% of 2.3 MiB
2026-10-04T18:52:09.3299722Z |■■■■■■■■■■■■■■■■■■■■■■■■■■■■■■■■■■■■■■■■                                        |  50% of 2.3 MiB
2026-10-04T18:52:09.3417572Z |■■■■■■■■■■■■■■■■■■■■■■■■■■■■■■■■■■■■■■■■■■■■■■■■                                |  60% of 2.3 MiB
2026-10-04T18:52:09.3434943Z |■■■■■■■■■■■■■■■■■■■■■■■■■■■■■■■■■■■■■■■■■■■■■■■■■■■■■■■■                        |  70% of 2.3 MiB
2026-10-04T18:52:09.3458752Z |■■■■■■■■■■■■■■■■■■■■■■■■■■■■■■■■■■■■■■■■■■■■■■■■■■■■■■■■■■■■■■■■                |  80% of 2.3 MiB
2026-10-04T18:52:09.3554137Z |■■■■■■■■■■■■■■■■■■■■■■■■■■■■■■■■■■■■■■■■■■■■■■■■■■■■■■■■■■■■■■■■■■■■■■■■        |  90% of 2.3 MiB
2026-10-04T18:52:09.3566252Z |■■■■■■■■■■■■■■■■■■■■■■■■■■■■■■■■■■■■■■■■■■■■■■■■■■■■■■■■■■■■■■■■■■■■■■■■■■■■■■■■| 100% of 2.3 MiB
2026-10-04T18:52:09.3970265Z FFmpeg (playwright ffmpeg v1011) downloaded to /home/runner/.cache/ms-playwright/ffmpeg-1011
2026-10-04T18:52:09.6272034Z Reading package lists...
2026-10-04T18:52:09.8086274Z Building dependency tree...
2026-10-04T18:52:09.8099350Z Reading state information...
2026-10-04T18:52:09.9156376Z Suggested packages:
2026-10-04T18:52:09.9156656Z   fonts-noto-cjk-extra
2026-10-04T18:52:09.9272485Z The following NEW packages will be installed:
2026-10-04T18:52:09.9275279Z   fonts-noto-cjk
2026-10-04T18:52:09.9403726Z 0 upgraded, 1 newly installed, 0 to remove and 19 not upgraded.
2026-10-04T18:52:09.9404035Z Need to get 61.2 MB of archives.
2026-10-04T18:52:09.9404392Z After this operation, 93.2 MB of additional disk space will be used.
2026-10-04T18:52:09.9404926Z Get:1 file:/etc/apt/apt-mirrors.txt Mirrorlist [144 B]
2026-10-04T18:52:10.0089469Z Get:2 http://azure.archive.ubuntu.com/ubuntu noble/main amd64 fonts-noto-cjk all 1:20230817+repack1-3 [61.2 MB]
2026-10-04T18:52:11.1186123Z Fetched 61.2 MB in 1s (60.4 MB/s)
2026-10-04T18:52:11.1333181Z Selecting previously unselected package fonts-noto-cjk.
2026-10-04T18:52:11.1382568Z (Reading database ... 
2026-10-04T18:52:11.1383376Z (Reading database ... 5%
2026-10-04T18:52:11.1383841Z (Reading database ... 10%
2026-10-04T18:52:11.1384017Z (Reading database ... 15%
2026-10-04T18:52:11.1384160Z (Reading database ... 20%
2026-10-04T18:52:11.1384308Z (Reading database ... 25%
2026-10-04T18:52:11.1384440Z (Reading database ... 30%
2026-10-04T18:52:11.1384715Z (Reading database ... 35%
2026-10-04T18:52:11.1384881Z (Reading database ... 40%
2026-10-04T18:52:11.1385010Z (Reading database ... 45%
2026-10-04T18:52:11.1385140Z (Reading database ... 50%
2026-10-04T18:52:11.1403026Z (Reading database ... 55%
2026-10-04T18:52:11.1464166Z (Reading database ... 60%
2026-10-04T18:52:11.1482264Z (Reading database ... 65%
2026-10-04T18:52:11.1497131Z (Reading database ... 70%
2026-10-04T18:52:11.1522502Z (Reading database ... 75%
2026-10-04T18:52:11.1544221Z (Reading database ... 80%
2026-10-04T18:52:11.1629017Z (Reading database ... 85%
2026-10-04T18:52:11.1781138Z (Reading database ... 90%
2026-10-04T18:52:11.1838680Z (Reading database ... 95%
2026-10-04T18:52:11.1838863Z (Reading database ... 100%
2026-10-04T18:52:11.1839100Z (Reading database ... 204385 files and directories currently installed.)
2026-10-04T18:52:11.1872680Z Preparing to unpack .../fonts-noto-cjk_1%3a20230817+repack1-3_all.deb ...
2026-10-04T18:52:11.1995687Z Unpacking fonts-noto-cjk (1:20230817+repack1-3) ...
2026-10-04T18:52:11.7772428Z Setting up fonts-noto-cjk (1:20230817+repack1-3) ...
2026-10-04T18:52:11.7819690Z Processing triggers for fontconfig (2.15.0-1.1ubuntu2) ...
2026-10-04T18:52:12.1645288Z 
2026-10-04T18:52:12.8724970Z Running kernel seems to be up-to-date.
2026-10-04T18:52:12.8725177Z 
2026-10-04T18:52:12.8725300Z No services need to be restarted.
2026-10-04T18:52:12.8725672Z 
2026-10-04T18:52:12.8725791Z No containers need to be restarted.
2026-10-04T18:52:12.8725937Z 
2026-10-04T18:52:12.8726090Z No user sessions are running outdated binaries.
2026-10-04T18:52:12.8726253Z 
2026-10-04T18:52:12.8726471Z No VM guests are running outdated hypervisor (qemu) binaries on this host.
2026-10-04T18:52:12.8775233Z ##[group]Run node tools/package-unified.mjs --build --input dist --output unified-frozen-flow-package
2026-10-04T18:52:12.8775656Z [36;1mnode tools/package-unified.mjs --build --input dist --output unified-frozen-flow-package[0m
2026-10-04T18:52:12.8775925Z [36;1mmkdir baseline-protected-flow-package[0m
2026-10-04T18:52:12.8776218Z [36;1mgit -C .. archive 2da6a5c80c62d4ff5bdfa72a5bdb929b2b1ff3d4 | tar -x -C baseline-protected-flow-package[0m
2026-10-04T18:52:12.8776764Z [36;1mnode tools/assemble-unified-checkpoint.mjs baseline-protected-flow-package unified-frozen-flow-package unified-site-flow-package .repro-output/flow-package-assembly.json[0m
2026-10-04T18:52:12.8827285Z shell: /usr/bin/bash -e {0}
2026-10-04T18:52:12.8827428Z ##[endgroup]
2026-10-04T18:52:13.1804046Z 
2026-10-04T18:52:13.1804734Z > hsk-shared-course-app@1.0.0 build
2026-10-04T18:52:13.1805603Z > node tools/sync-shared-assets.mjs && npm run content:check && npm run check && vite build --outDir /home/runner/work/hsk-hub/hsk-hub/course-app/dist
2026-10-04T18:52:13.1806036Z 
2026-10-04T18:52:13.3361707Z {"originalHSK1Audio":93,"requiredCharacters":671,"preservedCharacters":271,"licensedAdditions":400,"complete":true}
2026-10-04T18:52:13.3993839Z 
2026-10-04T18:52:13.3994460Z > hsk-shared-course-app@1.0.0 content:check
2026-10-04T18:52:13.3994881Z > node tools/validate-content.mjs
2026-10-04T18:52:13.3994996Z 
2026-10-04T18:52:13.4942140Z {
2026-10-04T18:52:13.4942434Z   "mode": "release",
2026-10-04T18:52:13.4942659Z   "totals": {
2026-10-04T18:52:13.4942837Z     "lessons": 33,
2026-10-04T18:52:13.4943015Z     "words": 749,
2026-10-04T18:52:13.4943187Z     "texts": 132,
2026-10-04T18:52:13.4943391Z     "grammar": 108,
2026-10-04T18:52:13.4943572Z     "homework": 990,
2026-10-04T18:52:13.4943757Z     "listening": 132,
2026-10-04T18:52:13.4943943Z     "sections": 162
2026-10-04T18:52:13.4944112Z   },
2026-10-04T18:52:13.4944275Z   "lessons": [
2026-10-04T18:52:13.4944439Z     {
2026-10-04T18:52:13.4944769Z       "id": "hsk2-fltrp-2026:l01",
2026-10-04T18:52:13.4944997Z       "level": 2,
2026-10-04T18:52:13.4945166Z       "number": 1,
2026-10-04T18:52:13.4945335Z       "title": {
2026-10-04T18:52:13.4945818Z         "zh": "她请我们吃了北京烤鸭",
2026-10-04T18:52:13.4946494Z         "vi": "Cô ấy đã mời chúng tôi ăn vịt quay Bắc Kinh",
2026-10-04T18:52:13.4946909Z         "py": "Tā qǐng wǒmen chīle Běijīng Kǎoyā"
2026-10-04T18:52:13.4947197Z       },
2026-10-04T18:52:13.4947357Z       "words": 15,
2026-10-04T18:52:13.4947527Z       "texts": 4,
2026-10-04T18:52:13.4947694Z       "grammar": 3,
2026-10-04T18:52:13.4947874Z       "homework": 30,
2026-10-04T18:52:13.4948226Z       "sha256": "f7923ab4d5fe5af0135aff04e701d0313a9edf5c3f3803b780a93bf5023e7523"
2026-10-04T18:52:13.4948595Z     },
2026-10-04T18:52:13.4948749Z     {
2026-10-04T18:52:13.4948932Z       "id": "hsk2-fltrp-2026:l02",
2026-10-04T18:52:13.4949140Z       "level": 2,
2026-10-04T18:52:13.4949305Z       "number": 2,
2026-10-04T18:52:13.4949474Z       "title": {
2026-10-04T18:52:13.4949771Z         "zh": "还是打车去北大吧",
2026-10-04T18:52:13.4950102Z         "vi": "Hay là đi taxi đến Đại học Bắc Kinh nhé",
2026-10-04T18:52:13.4950444Z         "py": "Háishi dǎchē qù Běidà ba"
2026-10-04T18:52:13.4950664Z       },
2026-10-04T18:52:13.4950813Z       "words": 17,
2026-10-04T18:52:13.4950982Z       "texts": 4,
2026-10-04T18:52:13.4951149Z       "grammar": 3,
2026-10-04T18:52:13.4951319Z       "homework": 30,
2026-10-04T18:52:13.4951644Z       "sha256": "87190119ee1017b4316039e515be6690e419d369f59d4aba774263229ab11e2d"
2026-10-04T18:52:13.4951967Z     },
2026-10-04T18:52:13.4952113Z     {
2026-10-04T18:52:13.4952300Z       "id": "hsk2-fltrp-2026:l03",
2026-10-04T18:52:13.4952824Z       "level": 2,
2026-10-04T18:52:13.4952986Z       "number": 3,
2026-10-04T18:52:13.4953152Z       "title": {
2026-10-04T18:52:13.4953377Z         "zh": "我想去西安旅游",
2026-10-04T18:52:13.4953651Z         "vi": "Tôi muốn đi du lịch Tây An",
2026-10-04T18:52:13.4953954Z         "py": "Wǒ xiǎng qù Xī'ān lǚyóu"
2026-10-04T18:52:13.4954382Z       },
2026-10-04T18:52:13.4954658Z       "words": 15,
2026-10-04T18:52:13.4954829Z       "texts": 4,
2026-10-04T18:52:13.4955000Z       "grammar": 3,
2026-10-04T18:52:13.4955175Z       "homework": 30,
2026-10-04T18:52:13.4955568Z       "sha256": "04c31d30fdae22f3fad0cbf22b6570875b3b546eddf8e538be7fe35981149506"
2026-10-04T18:52:13.4955899Z     },
2026-10-04T18:52:13.4956048Z     {
2026-10-04T18:52:13.4956231Z       "id": "hsk2-fltrp-2026:l04",
2026-10-04T18:52:13.4956445Z       "level": 2,
2026-10-04T18:52:13.4956614Z       "number": 4,
2026-10-04T18:52:13.4956787Z       "title": {
2026-10-04T18:52:13.4957023Z         "zh": "你穿红色的很好看",
2026-10-04T18:52:13.4957286Z         "vi": "Bạn mặc màu đỏ rất đẹp",
2026-10-04T18:52:13.4957597Z         "py": "Nǐ chuān hóngsè de hěn hǎokàn"
2026-10-04T18:52:13.4957825Z       },
2026-10-04T18:52:13.4957980Z       "words": 16,
2026-10-04T18:52:13.4958152Z       "texts": 4,
2026-10-04T18:52:13.4958322Z       "grammar": 3,
2026-10-04T18:52:13.4958508Z       "homework": 30,
2026-10-04T18:52:13.4958851Z       "sha256": "cc303bdf9b9498ad2745ab055b5a0b7b397723d92467c50a4ed26beb40c44e8c"
2026-10-04T18:52:13.4959185Z     },
2026-10-04T18:52:13.4959333Z     {
2026-10-04T18:52:13.4959519Z       "id": "hsk2-fltrp-2026:l05",
2026-10-04T18:52:13.4959729Z       "level": 2,
2026-10-04T18:52:13.4959895Z       "number": 5,
2026-10-04T18:52:13.4960062Z       "title": {
2026-10-04T18:52:13.4960289Z         "zh": "第一次去中国朋友家",
2026-10-04T18:52:13.4960601Z         "vi": "Lần đầu đến nhà bạn người Trung Quốc",
2026-10-04T18:52:13.4960955Z         "py": "Dì-yī cì qù Zhōngguó péngyou jiā"
2026-10-04T18:52:13.4961191Z       },
2026-10-04T18:52:13.4961345Z       "words": 20,
2026-10-04T18:52:13.4961534Z       "texts": 4,
2026-10-04T18:52:13.4961705Z       "grammar": 3,
2026-10-04T18:52:13.4961884Z       "homework": 30,
2026-10-04T18:52:13.4962220Z       "sha256": "aa7a6e96568e2fbfd4c4894778eccbcc34dd894f73fe5f0c25a7bcd7f1ad1038"
2026-10-04T18:52:13.4962562Z     },
2026-10-04T18:52:13.4962723Z     {
2026-10-04T18:52:13.4962909Z       "id": "hsk2-fltrp-2026:l06",
2026-10-04T18:52:13.4963120Z       "level": 2,
2026-10-04T18:52:13.4963289Z       "number": 6,
2026-10-04T18:52:13.4963456Z       "title": {
2026-10-04T18:52:13.4963676Z         "zh": "小雪，生日快乐！",
2026-10-04T18:52:13.4963970Z         "vi": "Tiểu Tuyết, chúc mừng sinh nhật!",
2026-10-04T18:52:13.4964296Z         "py": "Xiǎoxuě, shēngrì kuàilè!"
2026-10-04T18:52:13.4964514Z       },
2026-10-04T18:52:13.4965128Z       "words": 15,
2026-10-04T18:52:13.4965256Z       "texts": 4,
2026-10-04T18:52:13.4965755Z       "grammar": 3,
2026-10-04T18:52:13.4965939Z       "homework": 30,
2026-10-04T18:52:13.4966277Z       "sha256": "c6302d84d74ea51a02c1afaaaff781b7513350d6516608d73e5edd084bb06b20"
2026-10-04T18:52:13.4966621Z     },
2026-10-04T18:52:13.4966773Z     {
2026-10-04T18:52:13.4966955Z       "id": "hsk2-fltrp-2026:l07",
2026-10-04T18:52:13.4967162Z       "level": 2,
2026-10-04T18:52:13.4967330Z       "number": 7,
2026-10-04T18:52:13.4967509Z       "title": {
2026-10-04T18:52:13.4967751Z         "zh": "他篮球打得很好",
2026-10-04T18:52:13.4968692Z         "vi": "Anh ấy chơi bóng rổ rất giỏi",
2026-10-04T18:52:13.4969008Z         "py": "Tā lánqiú dǎ de hěn hǎo"
2026-10-04T18:52:13.4969224Z       },
2026-10-04T18:52:13.4969380Z       "words": 20,
2026-10-04T18:52:13.4969551Z       "texts": 4,
2026-10-04T18:52:13.4969727Z       "grammar": 3,
2026-10-04T18:52:13.4969912Z       "homework": 30,
2026-10-04T18:52:13.4970256Z       "sha256": "15b9f36001307933da8120e66214e3b7a266640022f6953b67b174b2a9c78f4c"
2026-10-04T18:52:13.4970573Z     },
2026-10-04T18:52:13.4970723Z     {
2026-10-04T18:52:13.4970904Z       "id": "hsk2-fltrp-2026:l08",
2026-10-04T18:52:13.4971310Z       "level": 2,
2026-10-04T18:52:13.4971480Z       "number": 8,
2026-10-04T18:52:13.4971653Z       "title": {
2026-10-04T18:52:13.4971887Z         "zh": "虽然你忘了，但是我记得",
2026-10-04T18:52:13.4972158Z         "vi": "Dù em quên nhưng anh vẫn nhớ",
2026-10-04T18:52:13.4972555Z         "py": "Suīrán nǐ wàng le, dànshì wǒ jìde"
2026-10-04T18:52:13.4972805Z       },
2026-10-04T18:52:13.4972953Z       "words": 17,
2026-10-04T18:52:13.4973067Z       "texts": 4,
2026-10-04T18:52:13.4973209Z       "grammar": 3,
2026-10-04T18:52:13.4973337Z       "homework": 30,
2026-10-04T18:52:13.4973646Z       "sha256": "90c7c19aac1d78ed62752356eefe09b6d3ee968c528c2008a53f0f2b1f96d00a"
2026-10-04T18:52:13.4974021Z     },
2026-10-04T18:52:13.4974170Z     {
2026-10-04T18:52:13.4974355Z       "id": "hsk2-fltrp-2026:l09",
2026-10-04T18:52:13.4974701Z       "level": 2,
2026-10-04T18:52:13.4974873Z       "number": 9,
2026-10-04T18:52:13.4975065Z       "title": {
2026-10-04T18:52:13.4975291Z         "zh": "我去买杯奶茶",
2026-10-04T18:52:13.4975577Z         "vi": "Tôi đi mua một cốc trà sữa",
2026-10-04T18:52:13.4975877Z         "py": "Wǒ qù mǎi bēi nǎichá"
2026-10-04T18:52:13.4976090Z       },
2026-10-04T18:52:13.4976268Z       "words": 13,
2026-10-04T18:52:13.4976476Z       "texts": 4,
2026-10-04T18:52:13.4976680Z       "grammar": 3,
2026-10-04T18:52:13.4976896Z       "homework": 30,
2026-10-04T18:52:13.4977252Z       "sha256": "55675df1ef69682537b7137e4f2ba19e2a311cf7738969ecd790dae62cc885aa"
2026-10-04T18:52:13.4977604Z     },
2026-10-04T18:52:13.4977761Z     {
2026-10-04T18:52:13.4977949Z       "id": "hsk2-fltrp-2026:l10",
2026-10-04T18:52:13.4978169Z       "level": 2,
2026-10-04T18:52:13.4978367Z       "number": 10,
2026-10-04T18:52:13.4978546Z       "title": {
2026-10-04T18:52:13.4978746Z         "zh": "就要考试了",
2026-10-04T18:52:13.4978892Z         "vi": "Sắp thi rồi",
2026-10-04T18:52:13.4979060Z         "py": "Jiù yào kǎoshì le"
2026-10-04T18:52:13.4979188Z       },
2026-10-04T18:52:13.4979288Z       "words": 15,
2026-10-04T18:52:13.4979404Z       "texts": 4,
2026-10-04T18:52:13.4979516Z       "grammar": 3,
2026-10-04T18:52:13.4979626Z       "homework": 30,
2026-10-04T18:52:13.4979831Z       "sha256": "5e8b2f82916f6bce00f4d28d0b31f8caf347f813bee9e19408f0edf723130156"
2026-10-04T18:52:13.4980051Z     },
2026-10-04T18:52:13.4980150Z     {
2026-10-04T18:52:13.4980283Z       "id": "hsk2-fltrp-2026:l11",
2026-10-04T18:52:13.4980417Z       "level": 2,
2026-10-04T18:52:13.4980538Z       "number": 11,
2026-10-04T18:52:13.4980660Z       "title": {
2026-10-04T18:52:13.4980812Z         "zh": "我最喜欢吃中国菜",
2026-10-04T18:52:13.4981024Z         "vi": "Tôi thích ăn món Trung Quốc nhất",
2026-10-04T18:52:13.4981281Z         "py": "Wǒ zuì xǐhuan chī Zhōngguó cài"
2026-10-04T18:52:13.4981443Z       },
2026-10-04T18:52:13.4981544Z       "words": 13,
2026-10-04T18:52:13.4981670Z       "texts": 4,
2026-10-04T18:52:13.4981793Z       "grammar": 3,
2026-10-04T18:52:13.4981917Z       "homework": 30,
2026-10-04T18:52:13.4982137Z       "sha256": "01ec965d7f18d41c5c91c053f93544b24c971303ed8b4ca6afd2ad2c03d48ff8"
2026-10-04T18:52:13.4982363Z     },
2026-10-04T18:52:13.4982460Z     {
2026-10-04T18:52:13.4982584Z       "id": "hsk2-fltrp-2026:l12",
2026-10-04T18:52:13.4982717Z       "level": 2,
2026-10-04T18:52:13.4982838Z       "number": 12,
2026-10-04T18:52:13.4982953Z       "title": {
2026-10-04T18:52:13.4983109Z         "zh": "这里比北京冷多了",
2026-10-04T18:52:13.4983306Z         "vi": "Ở đây lạnh hơn Bắc Kinh nhiều",
2026-10-04T18:52:13.4983534Z         "py": "Zhèlǐ bǐ Běijīng lěngduō le"
2026-10-04T18:52:13.4983679Z       },
2026-10-04T18:52:13.4983792Z       "words": 11,
2026-10-04T18:52:13.4983926Z       "texts": 4,
2026-10-04T18:52:13.4984077Z       "grammar": 3,
2026-10-04T18:52:13.4984232Z       "homework": 30,
2026-10-04T18:52:13.4984490Z       "sha256": "c64d2e1bc3dac399f1737338e70474d8ea8559c2aa65207290a515804a97e702"
2026-10-04T18:52:13.4984966Z     },
2026-10-04T18:52:13.4985065Z     {
2026-10-04T18:52:13.4985194Z       "id": "hsk2-fltrp-2026:l13",
2026-10-04T18:52:13.4985467Z       "level": 2,
2026-10-04T18:52:13.4985595Z       "number": 13,
2026-10-04T18:52:13.4985715Z       "title": {
2026-10-04T18:52:13.4985860Z         "zh": "我们爱上中文课",
2026-10-04T18:52:13.4986062Z         "vi": "Chúng tôi thích học tiết tiếng Trung",
2026-10-04T18:52:13.4986387Z         "py": "Wǒmen ài shàng Zhōngwén kè"
2026-10-04T18:52:13.4986544Z       },
2026-10-04T18:52:13.4986648Z       "words": 13,
2026-10-04T18:52:13.4986768Z       "texts": 4,
2026-10-04T18:52:13.4986877Z       "grammar": 3,
2026-10-04T18:52:13.4987006Z       "homework": 30,
2026-10-04T18:52:13.4987225Z       "sha256": "06d5d9e3f096ffe189f8d8214ba5582db9912e776e9ce3cee55d4fbd928057e1"
2026-10-04T18:52:13.4987444Z     },
2026-10-04T18:52:13.4987543Z     {
2026-10-04T18:52:13.4987672Z       "id": "hsk2-fltrp-2026:l14",
2026-10-04T18:52:13.4987818Z       "level": 2,
2026-10-04T18:52:13.4987926Z       "number": 14,
2026-10-04T18:52:13.4988049Z       "title": {
2026-10-04T18:52:13.4988214Z         "zh": "一个人过年多没意思啊",
2026-10-04T18:52:13.4988422Z         "vi": "Ăn Tết một mình buồn biết bao",
2026-10-04T18:52:13.4988640Z         "py": "Yí gè rén guònián duō méi yìsi a"
2026-10-04T18:52:13.4988802Z       },
2026-10-04T18:52:13.4988914Z       "words": 14,
2026-10-04T18:52:13.4989025Z       "texts": 4,
2026-10-04T18:52:13.4989158Z       "grammar": 3,
2026-10-04T18:52:13.4989285Z       "homework": 30,
2026-10-04T18:52:13.4989506Z       "sha256": "74d7a43cbed89ddf152a840d3c5bc06e8200c975fa1de5e9bf4223e227d52e0f"
2026-10-04T18:52:13.4989723Z     },
2026-10-04T18:52:13.4989818Z     {
2026-10-04T18:52:13.4989947Z       "id": "hsk2-fltrp-2026:l15",
2026-10-04T18:52:13.4990093Z       "level": 2,
2026-10-04T18:52:13.4990203Z       "number": 15,
2026-10-04T18:52:13.4990327Z       "title": {
2026-10-04T18:52:13.4990482Z         "zh": "我想再去一次中国",
2026-10-04T18:52:13.4990699Z         "vi": "Tôi muốn đến Trung Quốc thêm một lần nữa",
2026-10-04T18:52:13.4990934Z         "py": "Wǒ xiǎng zài qù yí cì Zhōngguó"
2026-10-04T18:52:13.4991102Z       },
2026-10-04T18:52:13.4991217Z       "words": 12,
2026-10-04T18:52:13.4991329Z       "texts": 4,
2026-10-04T18:52:13.4991453Z       "grammar": 3,
2026-10-04T18:52:13.4991578Z       "homework": 30,
2026-10-04T18:52:13.4991808Z       "sha256": "299a8d8cf8f90e721d8a8c8b0ca24d7c33d759949166cab1edd2eeddf00ae907"
2026-10-04T18:52:13.4992023Z     },
2026-10-04T18:52:13.4992122Z     {
2026-10-04T18:52:13.4992250Z       "id": "hsk3-fltrp-2026:l01",
2026-10-04T18:52:13.4992384Z       "level": 3,
2026-10-04T18:52:13.4992507Z       "number": 1,
2026-10-04T18:52:13.4992616Z       "title": {
2026-10-04T18:52:13.4992773Z         "zh": "我们去机场接你们",
2026-10-04T18:52:13.4992972Z         "vi": "Chúng tôi sẽ ra sân bay đón các bạn",
2026-10-04T18:52:13.4993195Z         "py": "Wǒmen qù jīchǎng jiē nǐmen"
2026-10-04T18:52:13.4993348Z       },
2026-10-04T18:52:13.4993449Z       "words": 27,
2026-10-04T18:52:13.4993574Z       "texts": 4,
2026-10-04T18:52:13.4993693Z       "grammar": 3,
2026-10-04T18:52:13.4993806Z       "homework": 30,
2026-10-04T18:52:13.4994031Z       "sha256": "764630f97d7ce5a229448ae32199215a61ed395dee69b480b2929538857171c1"
2026-10-04T18:52:13.4994246Z     },
2026-10-04T18:52:13.4994444Z     {
2026-10-04T18:52:13.4994703Z       "id": "hsk3-fltrp-2026:l02",
2026-10-04T18:52:13.4994838Z       "level": 3,
2026-10-04T18:52:13.4994963Z       "number": 2,
2026-10-04T18:52:13.4995132Z       "title": {
2026-10-04T18:52:13.4995289Z         "zh": "你们想吃什么就点什么",
2026-10-04T18:52:13.4995491Z         "vi": "Các bạn muốn ăn gì thì gọi món đó",
2026-10-04T18:52:13.4995726Z         "py": "Nǐmen xiǎng chī shénme jiù diǎn shénme"
2026-10-04T18:52:13.4995894Z       },
2026-10-04T18:52:13.4995995Z       "words": 30,
2026-10-04T18:52:13.4996119Z       "texts": 4,
2026-10-04T18:52:13.4996228Z       "grammar": 3,
2026-10-04T18:52:13.4996356Z       "homework": 30,
2026-10-04T18:52:13.4996573Z       "sha256": "8557474924e3536b9487f514008b0c8f5b9ac65079d95c3db1b19d3d5e6705b1"
2026-10-04T18:52:13.4996785Z     },
2026-10-04T18:52:13.4997038Z     {
2026-10-04T18:52:13.4997168Z       "id": "hsk3-fltrp-2026:l03",
2026-10-04T18:52:13.4997314Z       "level": 3,
2026-10-04T18:52:13.4997421Z       "number": 3,
2026-10-04T18:52:13.4997544Z       "title": {
2026-10-04T18:52:13.4997703Z         "zh": "这个小区挺好的",
2026-10-04T18:52:13.4997966Z         "vi": "Khu dân cư này khá tốt",
2026-10-04T18:52:13.4998181Z         "py": "Zhè ge xiǎoqū tǐng hǎo de"
2026-10-04T18:52:13.4998337Z       },
2026-10-04T18:52:13.4998434Z       "words": 27,
2026-10-04T18:52:13.4998558Z       "texts": 4,
2026-10-04T18:52:13.4998677Z       "grammar": 3,
2026-10-04T18:52:13.4998790Z       "homework": 30,
2026-10-04T18:52:13.4999023Z       "sha256": "1dda336fa54416b00a222f692ed2429c868950517a68bd0664f84f9d1f98f5e6"
2026-10-04T18:52:13.4999235Z     },
2026-10-04T18:52:13.4999330Z     {
2026-10-04T18:52:13.4999458Z       "id": "hsk3-fltrp-2026:l04",
2026-10-04T18:52:13.4999602Z       "level": 3,
2026-10-04T18:52:13.4999712Z       "number": 4,
2026-10-04T18:52:13.4999847Z       "title": {
2026-10-04T18:52:13.5000012Z         "zh": "这家宾馆跟别的都不一样",
2026-10-04T18:52:13.5000225Z         "vi": "Khách sạn này khác hẳn những nơi khác",
2026-10-04T18:52:13.5000494Z         "py": "Zhè jiā bīnguǎn gēn biéde dōu bù yíyàng"
2026-10-04T18:52:13.5000664Z       },
2026-10-04T18:52:13.5000791Z       "words": 28,
2026-10-04T18:52:13.5000901Z       "texts": 4,
2026-10-04T18:52:13.5001006Z       "grammar": 3,
2026-10-04T18:52:13.5001116Z       "homework": 30,
2026-10-04T18:52:13.5001337Z       "sha256": "dd1dc183be33fdec24c5b614c648ab64828333728dd6857a43e82fa7b92baf30"
2026-10-04T18:52:13.5001542Z     },
2026-10-04T18:52:13.5001649Z     {
2026-10-04T18:52:13.5001768Z       "id": "hsk3-fltrp-2026:l05",
2026-10-04T18:52:13.5001911Z       "level": 3,
2026-10-04T18:52:13.5002042Z       "number": 5,
2026-10-04T18:52:13.5002215Z       "title": {
2026-10-04T18:52:13.5002428Z         "zh": "这样的照片才好看",
2026-10-04T18:52:13.5002694Z         "vi": "Ảnh như thế này mới đẹp",
2026-10-04T18:52:13.5003011Z         "py": "Zhèyàng de zhàopiàn cái hǎokàn"
2026-10-04T18:52:13.5003171Z       },
2026-10-04T18:52:13.5003270Z       "words": 28,
2026-10-04T18:52:13.5003378Z       "texts": 4,
2026-10-04T18:52:13.5003484Z       "grammar": 4,
2026-10-04T18:52:13.5003595Z       "homework": 30,
2026-10-04T18:52:13.5003804Z       "sha256": "1330ba4fe33c7389921cc68a5b82fee147b9f4022911207e4b06be73235042d4"
2026-10-04T18:52:13.5004013Z     },
2026-10-04T18:52:13.5004108Z     {
2026-10-04T18:52:13.5004221Z       "id": "hsk3-fltrp-2026:l06",
2026-10-04T18:52:13.5004350Z       "level": 3,
2026-10-04T18:52:13.5004456Z       "number": 6,
2026-10-04T18:52:13.5006112Z       "title": {
2026-10-04T18:52:13.5006323Z         "zh": "高铁上还可以点外卖",
2026-10-04T18:52:13.5006568Z         "vi": "Trên tàu cao tốc còn có thể gọi đồ ăn giao tận nơi",
2026-10-04T18:52:13.5006906Z         "py": "Gāotiě shàng hái kěyǐ diǎn wàimài"
2026-10-04T18:52:13.5007055Z       },
2026-10-04T18:52:13.5007157Z       "words": 31,
2026-10-04T18:52:13.5007266Z       "texts": 4,
2026-10-04T18:52:13.5016525Z       "grammar": 3,
2026-10-04T18:52:13.5016698Z       "homework": 30,
2026-10-04T18:52:13.5016915Z       "sha256": "335f48814ea644fd9f635279975cc74962b54a3b20263e7cb99ebf3e6a0a7346"
2026-10-04T18:52:13.5017122Z     },
2026-10-04T18:52:13.5017221Z     {
2026-10-04T18:52:13.5017360Z       "id": "hsk3-fltrp-2026:l07",
2026-10-04T18:52:13.5017496Z       "level": 3,
2026-10-04T18:52:13.5017607Z       "number": 7,
2026-10-04T18:52:13.5017718Z       "title": {
2026-10-04T18:52:13.5017899Z         "zh": "那条裙子比短裤更好看",
2026-10-04T18:52:13.5018093Z         "vi": "Chiếc váy kia đẹp hơn quần soóc",
2026-10-04T18:52:13.5018314Z         "py": "Nà tiáo qúnzi bǐ duǎnkù gèng hǎokàn"
2026-10-04T18:52:13.5018469Z       },
2026-10-04T18:52:13.5018575Z       "words": 30,
2026-10-04T18:52:13.5018702Z       "texts": 4,
2026-10-04T18:52:13.5018812Z       "grammar": 4,
2026-10-04T18:52:13.5018928Z       "homework": 30,
2026-10-04T18:52:13.5019142Z       "sha256": "2fb4bac59590ec1121814ea7fbac4f5e8fb0923c2113f630dfcb0c822a1288c9"
2026-10-04T18:52:13.5019521Z     },
2026-10-04T18:52:13.5019621Z     {
2026-10-04T18:52:13.5019822Z       "id": "hsk3-fltrp-2026:l08",
2026-10-04T18:52:13.5019961Z       "level": 3,
2026-10-04T18:52:13.5020071Z       "number": 8,
2026-10-04T18:52:13.5020185Z       "title": {
2026-10-04T18:52:13.5020413Z         "zh": "今天我出院了",
2026-10-04T18:52:13.5020582Z         "vi": "Hôm nay tôi xuất viện",
2026-10-04T18:52:13.5020786Z         "py": "Jīntiān wǒ chūyuàn le"
2026-10-04T18:52:13.5020923Z       },
2026-10-04T18:52:13.5021096Z       "words": 31,
2026-10-04T18:52:13.5021266Z       "texts": 4,
2026-10-04T18:52:13.5021436Z       "grammar": 4,
2026-10-04T18:52:13.5021605Z       "homework": 30,
2026-10-04T18:52:13.5021938Z       "sha256": "060fe8ae8ac154b8b6cb9a64c9153b64d13b8d0e28b9a949b66651d00f3d0c24"
2026-10-04T18:52:13.5022258Z     },
2026-10-04T18:52:13.5022413Z     {
2026-10-04T18:52:13.5022590Z       "id": "hsk3-fltrp-2026:l09",
2026-10-04T18:52:13.5022793Z       "level": 3,
2026-10-04T18:52:13.5022978Z       "number": 9,
2026-10-04T18:52:13.5023151Z       "title": {
2026-10-04T18:52:13.5023368Z         "zh": "打不好没关系",
2026-10-04T18:52:13.5023635Z         "vi": "Chơi chưa tốt cũng không sao",
2026-10-04T18:52:13.5023927Z         "py": "Dǎ bu hǎo méi guānxi"
2026-10-04T18:52:13.5024159Z       },
2026-10-04T18:52:13.5024320Z       "words": 33,
2026-10-04T18:52:13.5024497Z       "texts": 4,
2026-10-04T18:52:13.5024815Z       "grammar": 3,
2026-10-04T18:52:13.5024997Z       "homework": 30,
2026-10-04T18:52:13.5025341Z       "sha256": "fecde40f8913de909cccf29f357ba27fa2dc9a92b0b6fe21e8f31348a764c937"
2026-10-04T18:52:13.5025684Z     },
2026-10-04T18:52:13.5025832Z     {
2026-10-04T18:52:13.5026017Z       "id": "hsk3-fltrp-2026:l10",
2026-10-04T18:52:13.5026224Z       "level": 3,
2026-10-04T18:52:13.5026402Z       "number": 10,
2026-10-04T18:52:13.5026579Z       "title": {
2026-10-04T18:52:13.5026819Z         "zh": "你明天再把书还给我",
2026-10-04T18:52:13.5027105Z         "vi": "Ngày mai bạn hãy trả sách cho tôi",
2026-10-04T18:52:13.5027467Z         "py": "Nǐ míngtiān zài bǎ shū huán gěi wǒ"
2026-10-04T18:52:13.5027709Z       },
2026-10-04T18:52:13.5027874Z       "words": 33,
2026-10-04T18:52:13.5028045Z       "texts": 4,
2026-10-04T18:52:13.5028228Z       "grammar": 3,
2026-10-04T18:52:13.5028425Z       "homework": 30,
2026-10-04T18:52:13.5028769Z       "sha256": "b7f106e2ece82f87921a16bf87b4dac345f9d5366c75fee0394da1b7597de828"
2026-10-04T18:52:13.5029109Z     },
2026-10-04T18:52:13.5029266Z     {
2026-10-04T18:52:13.5029458Z       "id": "hsk3-fltrp-2026:l11",
2026-10-04T18:52:13.5029684Z       "level": 3,
2026-10-04T18:52:13.5029860Z       "number": 11,
2026-10-04T18:52:13.5030029Z       "title": {
2026-10-04T18:52:13.5030269Z         "zh": "看来我没办法解决这个问题",
2026-10-04T18:52:13.5030620Z         "vi": "Xem ra tôi không có cách giải quyết vấn đề này",
2026-10-04T18:52:13.5031023Z         "py": "Kànlái wǒ méi bànfǎ jiějué zhège wèntí"
2026-10-04T18:52:13.5031283Z       },
2026-10-04T18:52:13.5031468Z       "words": 29,
2026-10-04T18:52:13.5031651Z       "texts": 4,
2026-10-04T18:52:13.5031830Z       "grammar": 4,
2026-10-04T18:52:13.5032011Z       "homework": 30,
2026-10-04T18:52:13.5032364Z       "sha256": "e54b04f5fba66b2201d4ab9b963c7f8cf977fe3a52e0347e13186e9eb24ce4e2"
2026-10-04T18:52:13.5032687Z     },
2026-10-04T18:52:13.5032843Z     {
2026-10-04T18:52:13.5033020Z       "id": "hsk3-fltrp-2026:l12",
2026-10-04T18:52:13.5033222Z       "level": 3,
2026-10-04T18:52:13.5033388Z       "number": 12,
2026-10-04T18:52:13.5033557Z       "title": {
2026-10-04T18:52:13.5033781Z         "zh": "这个季节天气变化很快",
2026-10-04T18:52:13.5034091Z         "vi": "Mùa này thời tiết thay đổi rất nhanh",
2026-10-04T18:52:13.5034449Z         "py": "Zhège jìjié tiānqì biànhuà hěn kuài"
2026-10-04T18:52:13.5034850Z       },
2026-10-04T18:52:13.5035016Z       "words": 28,
2026-10-04T18:52:13.5035191Z       "texts": 4,
2026-10-04T18:52:13.5035369Z       "grammar": 4,
2026-10-04T18:52:13.5035552Z       "homework": 30,
2026-10-04T18:52:13.5036068Z       "sha256": "deb3939089488474d986529d9b4c46615c3264d614cd246041d62d98cdee3b4d"
2026-10-04T18:52:13.5036401Z     },
2026-10-04T18:52:13.5036558Z     {
2026-10-04T18:52:13.5036750Z       "id": "hsk3-fltrp-2026:l13",
2026-10-04T18:52:13.5036968Z       "level": 3,
2026-10-04T18:52:13.5037278Z       "number": 13,
2026-10-04T18:52:13.5037453Z       "title": {
2026-10-04T18:52:13.5037686Z         "zh": "我的新邻居来自英国",
2026-10-04T18:52:13.5037971Z         "vi": "Hàng xóm mới của tôi đến từ Anh",
2026-10-04T18:52:13.5038290Z         "py": "Wǒ de xīn línjū láizì Yīngguó"
2026-10-04T18:52:13.5038513Z       },
2026-10-04T18:52:13.5038673Z       "words": 28,
2026-10-04T18:52:13.5038842Z       "texts": 4,
2026-10-04T18:52:13.5039014Z       "grammar": 3,
2026-10-04T18:52:13.5039190Z       "homework": 30,
2026-10-04T18:52:13.5039491Z       "sha256": "440776721226463550a6e0b45fd42dd178bd3fe57a62d9c643923d8d132c61cc"
2026-10-04T18:52:13.5039775Z     },
2026-10-04T18:52:13.5039935Z     {
2026-10-04T18:52:13.5040143Z       "id": "hsk3-fltrp-2026:l14",
2026-10-04T18:52:13.5040356Z       "level": 3,
2026-10-04T18:52:13.5040532Z       "number": 14,
2026-10-04T18:52:13.5040704Z       "title": {
2026-10-04T18:52:13.5041062Z         "zh": "这本书被别人借走了",
2026-10-04T18:52:13.5041451Z         "vi": "Cuốn sách này đã được người khác mượn rồi",
2026-10-04T18:52:13.5041828Z         "py": "Zhè běn shū bèi biérén jiè zǒu le"
2026-10-04T18:52:13.5041981Z       },
2026-10-04T18:52:13.5042107Z       "words": 28,
2026-10-04T18:52:13.5042219Z       "texts": 4,
2026-10-04T18:52:13.5042327Z       "grammar": 3,
2026-10-04T18:52:13.5042447Z       "homework": 30,
2026-10-04T18:52:13.5042660Z       "sha256": "4243e1cafafd148020c1ffbf22cca4c9c9a2f1b2a361fdf778c26c95f678012a"
2026-10-04T18:52:13.5042870Z     },
2026-10-04T18:52:13.5042967Z     {
2026-10-04T18:52:13.5043081Z       "id": "hsk3-fltrp-2026:l15",
2026-10-04T18:52:13.5043215Z       "level": 3,
2026-10-04T18:52:13.5043329Z       "number": 15,
2026-10-04T18:52:13.5043440Z       "title": {
2026-10-04T18:52:13.5043587Z         "zh": "我是半个南京人",
2026-10-04T18:52:13.5043777Z         "vi": "Tôi có thể coi là nửa người Nam Kinh",
2026-10-04T18:52:13.5043980Z         "py": "Wǒ shì bàn ge Nánjīngrén"
2026-10-04T18:52:13.5044120Z       },
2026-10-04T18:52:13.5044223Z       "words": 28,
2026-10-04T18:52:13.5044352Z       "texts": 4,
2026-10-04T18:52:13.5044461Z       "grammar": 4,
2026-10-04T18:52:13.5044732Z       "homework": 30,
2026-10-04T18:52:13.5045024Z       "sha256": "72fe01c3ec5cb1153815f78cc24962d5323f2f0d44d49197f4ad79160f388836"
2026-10-04T18:52:13.5045230Z     },
2026-10-04T18:52:13.5045326Z     {
2026-10-04T18:52:13.5045445Z       "id": "hsk3-fltrp-2026:l16",
2026-10-04T18:52:13.5045578Z       "level": 3,
2026-10-04T18:52:13.5045686Z       "number": 16,
2026-10-04T18:52:13.5045803Z       "title": {
2026-10-04T18:52:13.5045950Z         "zh": "我听说有的熊猫出国了",
2026-10-04T18:52:13.5046154Z         "vi": "Tôi nghe nói có gấu trúc đã ra nước ngoài",
2026-10-04T18:52:13.5046388Z         "py": "Wǒ tīngshuō yǒude xióngmāo chū guó le"
2026-10-04T18:52:13.5046669Z       },
2026-10-04T18:52:13.5046773Z       "words": 26,
2026-10-04T18:52:13.5046879Z       "texts": 4,
2026-10-04T18:52:13.5046988Z       "grammar": 4,
2026-10-04T18:52:13.5047102Z       "homework": 30,
2026-10-04T18:52:13.5047397Z       "sha256": "06357423b8ea5eba948b8b7deb495d23779efa3cc8467f9c43554eb3f6769139"
2026-10-04T18:52:13.5047597Z     },
2026-10-04T18:52:13.5047692Z     {
2026-10-04T18:52:13.5047805Z       "id": "hsk3-fltrp-2026:l17",
2026-10-04T18:52:13.5047939Z       "level": 3,
2026-10-04T18:52:13.5048046Z       "number": 17,
2026-10-04T18:52:13.5048155Z       "title": {
2026-10-04T18:52:13.5048299Z         "zh": "我要多向认真的人学习",
2026-10-04T18:52:13.5048520Z         "vi": "Tôi phải học hỏi nhiều hơn từ những người cẩn thận",
2026-10-04T18:52:13.5048758Z         "py": "Wǒ yào duō xiàng rènzhēn de rén xuéxí"
2026-10-04T18:52:13.5048910Z       },
2026-10-04T18:52:13.5049010Z       "words": 28,
2026-10-04T18:52:13.5049118Z       "texts": 4,
2026-10-04T18:52:13.5049239Z       "grammar": 4,
2026-10-04T18:52:13.5049349Z       "homework": 30,
2026-10-04T18:52:13.5049553Z       "sha256": "244aa2c25d66d7168b4dff8c5431e200fed68d6c2d54af530e0781c7772bfe2a"
2026-10-04T18:52:13.5049760Z     },
2026-10-04T18:52:13.5049855Z     {
2026-10-04T18:52:13.5049978Z       "id": "hsk3-fltrp-2026:l18",
2026-10-04T18:52:13.5050110Z       "level": 3,
2026-10-04T18:52:13.5050216Z       "number": 18,
2026-10-04T18:52:13.5050323Z       "title": {
2026-10-04T18:52:13.5050463Z         "zh": "我学会了包饺子",
2026-10-04T18:52:13.5050639Z         "vi": "Tôi đã học được cách gói sủi cảo",
2026-10-04T18:52:13.5050836Z         "py": "Wǒ xuéhuì le bāo jiǎozi"
2026-10-04T18:52:13.5050971Z       },
2026-10-04T18:52:13.5051070Z       "words": 30,
2026-10-04T18:52:13.5051178Z       "texts": 4,
2026-10-04T18:52:13.5051286Z       "grammar": 4,
2026-10-04T18:52:13.5051397Z       "homework": 30,
2026-10-04T18:52:13.5051599Z       "sha256": "939dcb25ee7cdd124e062a2810fea523a9193395fd56fa940d8c111a554c0f53"
2026-10-04T18:52:13.5051808Z     }
2026-10-04T18:52:13.5051903Z   ],
2026-10-04T18:52:13.5052003Z   "lexicons": [
2026-10-04T18:52:13.5052111Z     {
2026-10-04T18:52:13.5052229Z       "courseId": "hsk2-fltrp-2026",
2026-10-04T18:52:13.5052368Z       "counts": {
2026-10-04T18:52:13.5052490Z         "sourceRecords": 226,
2026-10-04T18:52:13.5052622Z         "senses": 226,
2026-10-04T18:52:13.5052745Z         "chineseForms": 209,
2026-10-04T18:52:13.5052877Z         "verifiedMerges": 0
2026-10-04T18:52:13.5053000Z       },
2026-10-04T18:52:13.5053193Z       "sha256": "ef5bfd9d4b03fd83e0eb735afca091ff3daa09dd1c5439f1e4453d118bef014c"
2026-10-04T18:52:13.5053400Z     },
2026-10-04T18:52:13.5053494Z     {
2026-10-04T18:52:13.5053610Z       "courseId": "hsk3-fltrp-2026",
2026-10-04T18:52:13.5053745Z       "counts": {
2026-10-04T18:52:13.5053863Z         "sourceRecords": 523,
2026-10-04T18:52:13.5053992Z         "senses": 523,
2026-10-04T18:52:13.5054115Z         "chineseForms": 487,
2026-10-04T18:52:13.5054248Z         "verifiedMerges": 0
2026-10-04T18:52:13.5054368Z       },
2026-10-04T18:52:13.5054684Z       "sha256": "a3c72056adcde40201c46d5dd04aee5d0a633508b90acb09ec4d4dadd14eeef3"
2026-10-04T18:52:13.5054889Z     }
2026-10-04T18:52:13.5054981Z   ],
2026-10-04T18:52:13.5055080Z   "issues": []
2026-10-04T18:52:13.5055193Z }
2026-10-04T18:52:13.5648628Z 
2026-10-04T18:52:13.5649167Z > hsk-shared-course-app@1.0.0 check
2026-10-04T18:52:13.5649529Z > tsc --noEmit
2026-10-04T18:52:13.5649656Z 
2026-10-04T18:52:14.1252451Z [36mvite v8.3.2 [32mbuilding client environment for production...[36m[39m
2026-10-04T18:52:14.1334396Z transforming...
2026-10-04T18:52:14.2751746Z ✓ 198 modules transformed.
2026-10-04T18:52:15.3534369Z rendering chunks...
2026-10-04T18:52:15.4997997Z computing gzip size...
2026-10-04T18:52:15.5179238Z dist/index.html                                                   0.45 kB │ gzip:   0.33 kB
2026-10-04T18:52:15.5179680Z dist/assets/course-index-BKGnz4SX.json                            4.87 kB │ gzip:   1.18 kB
2026-10-04T18:52:15.5180405Z dist/assets/textbook-display-revisions-DWScioD2.json             26.13 kB │ gzip:   4.78 kB
2026-10-04T18:52:15.5180794Z dist/content-manifest.json                                       53.70 kB │ gzip:  14.31 kB
2026-10-04T18:52:15.5181276Z dist/assets/stage2-bank-DOB9KrMv.json                           269.65 kB │ gzip:  47.51 kB
2026-10-04T18:52:15.5181653Z dist/assets/media-references-DD5E_5K_.json                      287.06 kB │ gzip:  57.51 kB
2026-10-04T18:52:15.5182037Z dist/assets/stage3-catalog-CH6Cx7h7.json                        384.02 kB │ gzip:  67.91 kB
2026-10-04T18:52:15.5182410Z dist/assets/textbook-ksDEYuz_.json                              741.67 kB │ gzip:  91.65 kB
2026-10-04T18:52:15.5182772Z dist/assets/progress-DgeKDxiU.css                                 1.57 kB │ gzip:   0.62 kB
2026-10-04T18:52:15.5183133Z dist/assets/archive-BMfTkVw2.css                                  1.93 kB │ gzip:   0.74 kB
2026-10-04T18:52:15.5183495Z dist/assets/hanzi-D0sNO2-t.css                                    2.24 kB │ gzip:   0.79 kB
2026-10-04T18:52:15.5183855Z dist/assets/data-panel-BgEWndCN.css                               3.56 kB │ gzip:   1.10 kB
2026-10-04T18:52:15.5184238Z dist/assets/source-activities-Cz6XgW02.css                        4.93 kB │ gzip:   1.37 kB
2026-10-04T18:52:15.5184822Z dist/assets/listening-DTyrhIy_.css                                5.80 kB │ gzip:   1.60 kB
2026-10-04T18:52:15.5185237Z dist/assets/view-BYaiqWuX.css                                     6.25 kB │ gzip:   1.79 kB
2026-10-04T18:52:15.5185846Z dist/assets/homework-8E-U9jBU.css                                 8.11 kB │ gzip:   2.06 kB
2026-10-04T18:52:15.5186443Z dist/assets/textbook-BGHTCm5n.css                                 9.57 kB │ gzip:   2.64 kB
2026-10-04T18:52:15.5187054Z dist/assets/index-CqoucPNO.css                                   34.61 kB │ gzip:   7.74 kB
2026-10-04T18:52:15.5187697Z dist/assets/textbook-BNPI77hK.js                                  0.08 kB │ gzip:   0.10 kB
2026-10-04T18:52:15.5188360Z dist/assets/review-Dw3CJ1qh.js                                    0.08 kB │ gzip:   0.09 kB
2026-10-04T18:52:15.5189015Z dist/assets/stage3-catalog-BDgGKH7A.js                            0.08 kB │ gzip:   0.10 kB
2026-10-04T18:52:15.5189714Z dist/assets/media-references-DyNdsQyY.js                          0.09 kB │ gzip:   0.10 kB
2026-10-04T18:52:15.5190380Z dist/assets/vocabulary-DUdCCQ1C.js                                0.09 kB │ gzip:   0.10 kB
2026-10-04T18:52:15.5191077Z dist/assets/textbook-display-revisions-CGs5GDJK.js                0.10 kB │ gzip:   0.11 kB
2026-10-04T18:52:15.5191808Z dist/assets/rolldown-runtime-DK3Fl9T5.js                          0.15 kB │ gzip:   0.15 kB
2026-10-04T18:52:15.5192478Z dist/assets/asset-base-DAkFL0yR.js                                0.16 kB │ gzip:   0.15 kB
2026-10-04T18:52:15.5193054Z dist/assets/ui-BaCN-TQ1.js                                        0.38 kB │ gzip:   0.27 kB
2026-10-04T18:52:15.5193651Z dist/assets/dom-Co9YUD_J.js                                       0.51 kB │ gzip:   0.35 kB
2026-10-04T18:52:15.5194260Z dist/assets/bilingual-YzyU8AOp.js                                 0.55 kB │ gzip:   0.29 kB
2026-10-04T18:52:15.5195019Z dist/assets/content-Dtx46D9v.js                                   0.86 kB │ gzip:   0.50 kB
2026-10-04T18:52:15.5195646Z dist/assets/homework-C7rR7QKa.js                                  1.81 kB │ gzip:   1.01 kB
2026-10-04T18:52:15.5196242Z dist/assets/session-bfGAMATy.js                                   2.32 kB │ gzip:   1.18 kB
2026-10-04T18:52:15.5196844Z dist/assets/mixed-state-7Oiw2hir.js                               3.10 kB │ gzip:   1.40 kB
2026-10-04T18:52:15.5197453Z dist/assets/progress-C0nra-vL.js                                  3.17 kB │ gzip:   1.48 kB
2026-10-04T18:52:15.5198019Z dist/assets/home-lWTCFjNu.js                                      4.32 kB │ gzip:   2.02 kB
2026-10-04T18:52:15.5198594Z dist/assets/catalogue-C_U9rwbD.js                                 4.81 kB │ gzip:   2.04 kB
2026-10-04T18:52:15.5199481Z dist/assets/audio-segments-hsk2-reviewed-sentences-bwYi0Zbf.js    5.11 kB │ gzip:   1.96 kB
2026-10-04T18:52:15.5200132Z dist/assets/listening-BrTa9oFu.js                                 5.53 kB │ gzip:   2.36 kB
2026-10-04T18:52:15.5200896Z dist/assets/engine-CBi3sj57.js                                    5.90 kB │ gzip:   2.45 kB
2026-10-04T18:52:15.5201504Z dist/assets/pair-panel-DyRXZhOo.js                                8.41 kB │ gzip:   3.71 kB
2026-10-04T18:52:15.5202118Z dist/assets/store-DqFMKMYi.js                                     8.98 kB │ gzip:   3.49 kB
2026-10-04T18:52:15.5202720Z dist/assets/data-panel-D0qgpkHA.js                                9.01 kB │ gzip:   3.69 kB
2026-10-04T18:52:15.5203332Z dist/assets/backup-view-I37Kq41o.js                               9.02 kB │ gzip:   3.91 kB
2026-10-04T18:52:15.5203946Z dist/assets/browser-pair-DJbMzPIe.js                             10.81 kB │ gzip:   3.85 kB
2026-10-04T18:52:15.5204749Z dist/assets/listening-Bg4TzGgm.js                                16.01 kB │ gzip:   5.87 kB
2026-10-04T18:52:15.5205341Z dist/assets/engine-BAT6QHsN.js                                   16.10 kB │ gzip:   6.03 kB
2026-10-04T18:52:15.5205901Z dist/assets/copy-yY9kyqvF.js                                     18.33 kB │ gzip:   6.90 kB
2026-10-04T18:52:15.5206461Z dist/assets/listening-BXM9emsG.js                                19.05 kB │ gzip:   7.03 kB
2026-10-04T18:52:15.5207053Z dist/assets/archive-Bcs1pIMZ.js                                  20.25 kB │ gzip:   8.45 kB
2026-10-04T18:52:15.5207688Z dist/assets/engine-DJNGzNN8.js                                   22.15 kB │ gzip:   7.49 kB
2026-10-04T18:52:15.5208277Z dist/assets/textbook-9u9iXuP4.js                                 23.37 kB │ gzip:   9.12 kB
2026-10-04T18:52:15.5208841Z dist/assets/view-CzWP2RDA.js                                     23.87 kB │ gzip:   9.02 kB
2026-10-04T18:52:15.5209417Z dist/assets/progress-mNhdDTSh.js                                 24.58 kB │ gzip:   9.30 kB
2026-10-04T18:52:15.5210033Z dist/assets/source-activities-C-u-PvZD.js                        32.56 kB │ gzip:   9.76 kB
2026-10-04T18:52:15.5210630Z dist/assets/textbook-ZthZsYNM.js                                 33.88 kB │ gzip:  12.80 kB
2026-10-04T18:52:15.5211193Z dist/assets/homework-Dt8uSywP.js                                 35.01 kB │ gzip:  10.65 kB
2026-10-04T18:52:15.5211767Z dist/assets/compatibility-f32bwKOb.js                            36.18 kB │ gzip:  13.00 kB
2026-10-04T18:52:15.5212337Z dist/assets/hanzi-C186eFG0.js                                    55.11 kB │ gzip:  18.43 kB
2026-10-04T18:52:15.5212900Z dist/assets/hsk2-lexicon-K822mAIa.js                             75.89 kB │ gzip:  10.34 kB
2026-10-04T18:52:15.5213499Z dist/assets/audio-segments-pilot-vPaBRnCF.js                    101.16 kB │ gzip:  11.25 kB
2026-10-04T18:52:15.5214141Z dist/assets/lesson-04-BpJ1_h4u.js                               110.80 kB │ gzip:  22.08 kB
2026-10-04T18:52:15.5215710Z dist/assets/audio-segments-hsk2-lessons02-03-DhnzM86H.js        112.98 kB │ gzip:  13.28 kB
2026-10-04T18:52:15.5216355Z dist/assets/lesson-01-Dvf3P_gy.js                               114.88 kB │ gzip:  23.67 kB
2026-10-04T18:52:15.5216924Z dist/assets/lesson-07-CEJ2il4t.js                               117.94 kB │ gzip:  21.63 kB
2026-10-04T18:52:15.5217505Z dist/assets/lesson-02-DA1x_4uz.js                               119.04 kB │ gzip:  24.02 kB
2026-10-04T18:52:15.5218067Z dist/assets/lesson-13-2AOJndFF.js                               122.94 kB │ gzip:  25.75 kB
2026-10-04T18:52:15.5218664Z dist/assets/lesson-08-C9cvqblF.js                               123.09 kB │ gzip:  24.50 kB
2026-10-04T18:52:15.5219235Z dist/assets/lesson-10-WlLxaHx3.js                               123.12 kB │ gzip:  24.46 kB
2026-10-04T18:52:15.5219830Z dist/assets/lesson-03-BAxkSQoP.js                               123.97 kB │ gzip:  25.02 kB
2026-10-04T18:52:15.5220382Z dist/assets/lesson-14-CP3E91w6.js                               127.71 kB │ gzip:  26.09 kB
2026-10-04T18:52:15.5221113Z dist/assets/lesson-11-6qDGNP_1.js                               128.58 kB │ gzip:  25.67 kB
2026-10-04T18:52:15.5221702Z dist/assets/lesson-05-Cc6sCwM9.js                               133.88 kB │ gzip:  26.78 kB
2026-10-04T18:52:15.5222391Z dist/assets/lesson-15-Bt9ELdZZ.js                               134.13 kB │ gzip:  27.80 kB
2026-10-04T18:52:15.5222977Z dist/assets/lesson-12-DvJGY4wP.js                               135.34 kB │ gzip:  27.60 kB
2026-10-04T18:52:15.5223564Z dist/assets/lesson-09-C28dsahb.js                               139.88 kB │ gzip:  28.10 kB
2026-10-04T18:52:15.5224146Z dist/assets/lesson-06-CwcguEyw.js                               142.11 kB │ gzip:  27.32 kB
2026-10-04T18:52:15.5224885Z dist/assets/lesson-01-zYhLI88r.js                               148.38 kB │ gzip:  31.37 kB
2026-10-04T18:52:15.5225487Z dist/assets/lesson-16-DRtr0ny_.js                               149.33 kB │ gzip:  32.47 kB
2026-10-04T18:52:15.5226083Z dist/assets/lesson-14-DzHhiC5r.js                               150.68 kB │ gzip:  30.87 kB
2026-10-04T18:52:15.5226671Z dist/assets/lesson-13-DdIe_4T7.js                               152.05 kB │ gzip:  31.93 kB
2026-10-04T18:52:15.5227257Z dist/assets/lesson-17-DbAfN_SL.js                               159.95 kB │ gzip:  32.78 kB
2026-10-04T18:52:15.5227844Z dist/assets/lesson-04-jhWwL0K8.js                               169.18 kB │ gzip:  32.55 kB
2026-10-04T18:52:15.5228428Z dist/assets/lesson-02-ipEgC2hZ.js                               169.52 kB │ gzip:  33.31 kB
2026-10-04T18:52:15.5229013Z dist/assets/lesson-08-DAXOkXiZ.js                               170.19 kB │ gzip:  34.64 kB
2026-10-04T18:52:15.5229615Z dist/assets/hsk3-lexicon-BbvKIHAe.js                            172.94 kB │ gzip:  20.72 kB
2026-10-04T18:52:15.5230216Z dist/assets/lesson-11-CKk1cQSV.js                               175.11 kB │ gzip:  34.06 kB
2026-10-04T18:52:15.5230808Z dist/assets/lesson-10-Di7Ok1Wn.js                               175.68 kB │ gzip:  34.34 kB
2026-10-04T18:52:15.5231407Z dist/assets/lesson-12-D2ecTnox.js                               181.15 kB │ gzip:  36.26 kB
2026-10-04T18:52:15.5231996Z dist/assets/lesson-09-C9D0LE8o.js                               182.52 kB │ gzip:  35.30 kB
2026-10-04T18:52:15.5232590Z dist/assets/lesson-05-MRwxRg8w.js                               183.89 kB │ gzip:  34.62 kB
2026-10-04T18:52:15.5233175Z dist/assets/lesson-15-DBteB5yM.js                               185.54 kB │ gzip:  36.84 kB
2026-10-04T18:52:15.5233764Z dist/assets/lesson-03-DZH3nHsV.js                               188.02 kB │ gzip:  35.75 kB
2026-10-04T18:52:15.5234407Z dist/assets/lesson-18-ABRHRLqY.js                               189.42 kB │ gzip:  37.63 kB
2026-10-04T18:52:15.5235132Z dist/assets/lesson-06-Cc4P3x8D.js                               192.91 kB │ gzip:  35.49 kB
2026-10-04T18:52:15.5235762Z dist/assets/lesson-07-Dq83Ixn2.js                               195.56 kB │ gzip:  36.16 kB
2026-10-04T18:52:15.5236399Z dist/assets/legacy-exercises-Bz3UuW2N.js                        326.82 kB │ gzip:  82.57 kB
2026-10-04T18:52:15.5236999Z dist/assets/index-DHIMbq_c.js                                   334.93 kB │ gzip:  81.97 kB
2026-10-04T18:52:15.5237591Z dist/assets/homework30-BVBKAbRf.js                              613.90 kB │ gzip: 135.38 kB
2026-10-04T18:52:15.5238189Z dist/assets/content-ChH95uYd.js                                 852.80 kB │ gzip: 144.56 kB
2026-10-04T18:52:15.5238466Z 
2026-10-04T18:52:15.5238699Z [33m[plugin builtin:vite-reporter] 
2026-10-04T18:52:15.5239088Z (!) Some chunks are larger than 500 kB after minification. Consider:
2026-10-04T18:52:15.5239495Z - Using dynamic import() to code-split the application
2026-10-04T18:52:15.5240180Z - Use build.rolldownOptions.output.codeSplitting to improve chunking: https://rolldown.rs/reference/OutputOptions.codeSplitting
2026-10-04T18:52:15.5240941Z - Adjust chunk size limit for this warning via build.chunkSizeWarningLimit.[39m
2026-10-04T18:52:15.5241472Z [32m✓ built in 1.39s[39m
2026-10-04T18:52:16.7099003Z {
2026-10-04T18:52:16.7099405Z   "source": "dd8b22ccb1c1a9c41bc1243887f7a60558635782",
2026-10-04T18:52:16.7099709Z   "mode": "checkpoint",
2026-10-04T18:52:16.7100425Z   "output": "/home/runner/work/hsk-hub/hsk-hub/course-app/unified-frozen-flow-package",
2026-10-04T18:52:16.7100814Z   "files": 2777,
2026-10-04T18:52:16.7100996Z   "lessons": 48,
2026-10-04T18:52:16.7101407Z   "sourceSnapshotSHA256": "a17b664ceeaf09937b4b53aa2c7877407df81eafa74490ba2014b7d52db18fcb",
2026-10-04T18:52:16.7101890Z   "buildProvenance": "built-from-recorded-worktree"
2026-10-04T18:52:16.7102167Z }
2026-10-04T18:52:20.7734332Z {
2026-10-04T18:52:20.7735038Z   "status": "assembled-checkpoint-not-release",
2026-10-04T18:52:20.7735582Z   "sourceCommit": "dd8b22ccb1c1a9c41bc1243887f7a60558635782",
2026-10-04T18:52:20.7735958Z   "baselineFiles": 1446,
2026-10-04T18:52:20.7736285Z   "baselineUnservedExclusions": 55,
2026-10-04T18:52:20.7736601Z   "authorizedReplacements": 11,
2026-10-04T18:52:20.7736905Z   "protectedPublicFiles": 1380,
2026-10-04T18:52:20.7737158Z   "assembledFiles": 3894,
2026-10-04T18:52:20.7737604Z   "inventorySHA256": "7283a25e0d72ea32f570795498ec8661f17ecfc7cdcbf550a062cc4ba54fd7ae",
2026-10-04T18:52:20.7738247Z   "output": "/home/runner/work/hsk-hub/hsk-hub/course-app/unified-site-flow-package"
2026-10-04T18:52:20.7738673Z }
2026-10-04T18:52:20.8218967Z ##[group]Run npx playwright test --config=playwright.package-closure.config.ts --project=webkit
2026-10-04T18:52:20.8219358Z [36;1mnpx playwright test --config=playwright.package-closure.config.ts --project=webkit[0m
2026-10-04T18:52:20.8269695Z shell: /usr/bin/bash -e {0}
2026-10-04T18:52:20.8269834Z env:
2026-10-04T18:52:20.8269967Z   HSK_PACKAGE_ROOT: unified-site-flow-package
2026-10-04T18:52:20.8270133Z ##[endgroup]
2026-10-04T18:52:21.4766868Z 
2026-10-04T18:52:21.4767456Z Running 9 tests using 1 worker
2026-10-04T18:52:21.4767654Z 
2026-10-04T18:52:23.7206964Z   ✓  1 [webkit] › tests/packaged/unified-source.spec.ts:8:42 › unified packaged entry portal loads actual source crops with nonempty legacy state (1.7s)
2026-10-04T18:52:25.0015676Z   ✓  2 [webkit] › tests/packaged/unified-source.spec.ts:8:42 › unified packaged entry new-hsk1 loads actual source crops with nonempty legacy state (1.3s)
2026-10-04T18:52:26.0976637Z   ✓  3 [webkit] › tests/packaged/unified-source.spec.ts:8:42 › unified packaged entry new-hsk1/hsk1 loads actual source crops with nonempty legacy state (1.1s)
2026-10-04T18:52:27.2640656Z   ✓  4 [webkit] › tests/packaged/unified-source.spec.ts:8:42 › unified packaged entry new-hsk2 loads actual source crops with nonempty legacy state (1.2s)
2026-10-04T18:52:28.5360473Z   ✓  5 [webkit] › tests/packaged/unified-source.spec.ts:8:42 › unified packaged entry new-hsk2/hsk2 loads actual source crops with nonempty legacy state (1.3s)
2026-10-04T18:52:29.6862699Z   ✓  6 [webkit] › tests/packaged/unified-source.spec.ts:8:42 › unified packaged entry new-hsk3 loads actual source crops with nonempty legacy state (1.1s)
2026-10-04T18:52:30.8023100Z   ✓  7 [webkit] › tests/packaged/unified-source.spec.ts:8:42 › unified packaged entry new-hsk3/hsk3 loads actual source crops with nonempty legacy state (1.1s)
2026-10-04T18:52:31.7909283Z   ✓  8 [webkit] › tests/packaged/unified-source.spec.ts:27:1 › nested HSK1 textbook originals and original audio resolve against shared course engine (982ms)
2026-10-04T18:52:31.9956235Z   ✓  9 [webkit] › tests/packaged/unified-source.spec.ts:39:1 › assembled HTTP bytes match frozen identity and private baseline/source paths are not served (200ms)
2026-10-04T18:52:32.0871781Z 
2026-10-04T18:52:32.0875333Z   9 passed (10.8s)
2026-10-04T18:52:32.1123918Z ##[group]Run node ../../../node_modules/@playwright/test/cli.js test --config=playwright.legacy.config.ts --project=webkit
2026-10-04T18:52:32.1124373Z [36;1mnode ../../../node_modules/@playwright/test/cli.js test --config=playwright.legacy.config.ts --project=webkit[0m
2026-10-04T18:52:32.1176632Z shell: /usr/bin/bash -e {0}
2026-10-04T18:52:32.1176776Z env:
2026-10-04T18:52:32.1176990Z   FLOW_PACKAGE_ROOT: /home/runner/work/hsk-hub/hsk-hub/course-app/unified-site-flow-package
2026-10-04T18:52:32.1177235Z ##[endgroup]
2026-10-04T18:52:32.6702529Z 
2026-10-04T18:52:32.6703108Z Running 3 tests using 1 worker
2026-10-04T18:52:32.6703334Z 
2026-10-04T18:52:35.7936475Z   ✓  1 [webkit] › legacy-entries.packaged.ts:11:1 › verified assembled old HSK1 HSK2 HSK3 and both HSK4 routes preserve nonempty histories and extra HSK4 gate (2.8s)
2026-10-04T18:52:36.3296731Z   ✓  2 [webkit] › legacy-entries.packaged.ts:28:26 › verified assembled HSK2 nested default and explicit cross-level deep links survive reload (525ms)
2026-10-04T18:52:36.8881296Z   ✓  3 [webkit] › legacy-entries.packaged.ts:28:26 › verified assembled HSK3 nested default and explicit cross-level deep links survive reload (551ms)
2026-10-04T18:52:36.9345194Z 
2026-10-04T18:52:36.9347870Z   3 passed (4.4s)
2026-10-04T18:52:36.9495648Z ##[group]Run npm run build -- --outDir .repro-output/media-reviewed-subset/dist
2026-10-04T18:52:36.9496187Z [36;1mnpm run build -- --outDir .repro-output/media-reviewed-subset/dist[0m
2026-10-04T18:52:36.9496700Z [36;1mnpx playwright test --config=playwright.reviewed-sentences.config.ts --project=webkit[0m
2026-10-04T18:52:36.9564134Z shell: /usr/bin/bash -e {0}
2026-10-04T18:52:36.9564363Z ##[endgroup]
2026-10-04T18:52:37.0243528Z 
2026-10-04T18:52:37.0244056Z > hsk-shared-course-app@1.0.0 build
2026-10-04T18:52:37.0244687Z > node tools/sync-shared-assets.mjs && npm run content:check && npm run check && vite build --outDir .repro-output/media-reviewed-subset/dist
2026-10-04T18:52:37.0245050Z 
2026-10-04T18:52:37.5035254Z {"originalHSK1Audio":93,"requiredCharacters":671,"preservedCharacters":271,"licensedAdditions":400,"complete":true}
2026-10-04T18:52:37.5677432Z 
2026-10-04T18:52:37.5677869Z > hsk-shared-course-app@1.0.0 content:check
2026-10-04T18:52:37.5678320Z > node tools/validate-content.mjs
2026-10-04T18:52:37.5678506Z 
2026-10-04T18:52:37.6707096Z {
2026-10-04T18:52:37.6707381Z   "mode": "release",
2026-10-04T18:52:37.6707637Z   "totals": {
2026-10-04T18:52:37.6707832Z     "lessons": 33,
2026-10-04T18:52:37.6708019Z     "words": 749,
2026-10-04T18:52:37.6708195Z     "texts": 132,
2026-10-04T18:52:37.6708375Z     "grammar": 108,
2026-10-04T18:52:37.6708574Z     "homework": 990,
2026-10-04T18:52:37.6708775Z     "listening": 132,
2026-10-04T18:52:37.6708966Z     "sections": 162
2026-10-04T18:52:37.6709153Z   },
2026-10-04T18:52:37.6709325Z   "lessons": [
2026-10-04T18:52:37.6709504Z     {
2026-10-04T18:52:37.6709731Z       "id": "hsk2-fltrp-2026:l01",
2026-10-04T18:52:37.6709972Z       "level": 2,
2026-10-04T18:52:37.6710159Z       "number": 1,
2026-10-04T18:52:37.6710286Z       "title": {
2026-10-04T18:52:37.6710816Z         "zh": "她请我们吃了北京烤鸭",
2026-10-04T18:52:37.6711231Z         "vi": "Cô ấy đã mời chúng tôi ăn vịt quay Bắc Kinh",
2026-10-04T18:52:37.6711696Z         "py": "Tā qǐng wǒmen chīle Běijīng Kǎoyā"
2026-10-04T18:52:37.6711990Z       },
2026-10-04T18:52:37.6712161Z       "words": 15,
2026-10-04T18:52:37.6712340Z       "texts": 4,
2026-10-04T18:52:37.6712519Z       "grammar": 3,
2026-10-04T18:52:37.6712703Z       "homework": 30,
2026-10-04T18:52:37.6713063Z       "sha256": "f7923ab4d5fe5af0135aff04e701d0313a9edf5c3f3803b780a93bf5023e7523"
2026-10-04T18:52:37.6713415Z     },
2026-10-04T18:52:37.6713569Z     {
2026-10-04T18:52:37.6713769Z       "id": "hsk2-fltrp-2026:l02",
2026-10-04T18:52:37.6713990Z       "level": 2,
2026-10-04T18:52:37.6714166Z       "number": 2,
2026-10-04T18:52:37.6714342Z       "title": {
2026-10-04T18:52:37.6714726Z         "zh": "还是打车去北大吧",
2026-10-04T18:52:37.6715056Z         "vi": "Hay là đi taxi đến Đại học Bắc Kinh nhé",
2026-10-04T18:52:37.6715414Z         "py": "Háishi dǎchē qù Běidà ba"
2026-10-04T18:52:37.6715645Z       },
2026-10-04T18:52:37.6715804Z       "words": 17,
2026-10-04T18:52:37.6715985Z       "texts": 4,
2026-10-04T18:52:37.6716183Z       "grammar": 3,
2026-10-04T18:52:37.6716653Z       "homework": 30,
2026-10-04T18:52:37.6716991Z       "sha256": "87190119ee1017b4316039e515be6690e419d369f59d4aba774263229ab11e2d"
2026-10-04T18:52:37.6717330Z     },
2026-10-04T18:52:37.6717573Z     {
2026-10-04T18:52:37.6717771Z       "id": "hsk2-fltrp-2026:l03",
2026-10-04T18:52:37.6717991Z       "level": 2,
2026-10-04T18:52:37.6718169Z       "number": 3,
2026-10-04T18:52:37.6718340Z       "title": {
2026-10-04T18:52:37.6718576Z         "zh": "我想去西安旅游",
2026-10-04T18:52:37.6718865Z         "vi": "Tôi muốn đi du lịch Tây An",
2026-10-04T18:52:37.6719183Z         "py": "Wǒ xiǎng qù Xī'ān lǚyóu"
2026-10-04T18:52:37.6719416Z       },
2026-10-04T18:52:37.6719575Z       "words": 15,
2026-10-04T18:52:37.6719753Z       "texts": 4,
2026-10-04T18:52:37.6719931Z       "grammar": 3,
2026-10-04T18:52:37.6720119Z       "homework": 30,
2026-10-04T18:52:37.6720470Z       "sha256": "04c31d30fdae22f3fad0cbf22b6570875b3b546eddf8e538be7fe35981149506"
2026-10-04T18:52:37.6721037Z     },
2026-10-04T18:52:37.6721202Z     {
2026-10-04T18:52:37.6721399Z       "id": "hsk2-fltrp-2026:l04",
2026-10-04T18:52:37.6721627Z       "level": 2,
2026-10-04T18:52:37.6721806Z       "number": 4,
2026-10-04T18:52:37.6721984Z       "title": {
2026-10-04T18:52:37.6722225Z         "zh": "你穿红色的很好看",
2026-10-04T18:52:37.6722508Z         "vi": "Bạn mặc màu đỏ rất đẹp",
2026-10-04T18:52:37.6722834Z         "py": "Nǐ chuān hóngsè de hěn hǎokàn"
2026-10-04T18:52:37.6723079Z       },
2026-10-04T18:52:37.6723246Z       "words": 16,
2026-10-04T18:52:37.6723427Z       "texts": 4,
2026-10-04T18:52:37.6723612Z       "grammar": 3,
2026-10-04T18:52:37.6723799Z       "homework": 30,
2026-10-04T18:52:37.6724151Z       "sha256": "cc303bdf9b9498ad2745ab055b5a0b7b397723d92467c50a4ed26beb40c44e8c"
2026-10-04T18:52:37.6724500Z     },
2026-10-04T18:52:37.6724787Z     {
2026-10-04T18:52:37.6724980Z       "id": "hsk2-fltrp-2026:l05",
2026-10-04T18:52:37.6725203Z       "level": 2,
2026-10-04T18:52:37.6725394Z       "number": 5,
2026-10-04T18:52:37.6725580Z       "title": {
2026-10-04T18:52:37.6725817Z         "zh": "第一次去中国朋友家",
2026-10-04T18:52:37.6726144Z         "vi": "Lần đầu đến nhà bạn người Trung Quốc",
2026-10-04T18:52:37.6726510Z         "py": "Dì-yī cì qù Zhōngguó péngyou jiā"
2026-10-04T18:52:37.6726760Z       },
2026-10-04T18:52:37.6726925Z       "words": 20,
2026-10-04T18:52:37.6727106Z       "texts": 4,
2026-10-04T18:52:37.6727286Z       "grammar": 3,
2026-10-04T18:52:37.6727471Z       "homework": 30,
2026-10-04T18:52:37.6727829Z       "sha256": "aa7a6e96568e2fbfd4c4894778eccbcc34dd894f73fe5f0c25a7bcd7f1ad1038"
2026-10-04T18:52:37.6728191Z     },
2026-10-04T18:52:37.6728350Z     {
2026-10-04T18:52:37.6728546Z       "id": "hsk2-fltrp-2026:l06",
2026-10-04T18:52:37.6728770Z       "level": 2,
2026-10-04T18:52:37.6728951Z       "number": 6,
2026-10-04T18:52:37.6729133Z       "title": {
2026-10-04T18:52:37.6729367Z         "zh": "小雪，生日快乐！",
2026-10-04T18:52:37.6729693Z         "vi": "Tiểu Tuyết, chúc mừng sinh nhật!",
2026-10-04T18:52:37.6730040Z         "py": "Xiǎoxuě, shēngrì kuàilè!"
2026-10-04T18:52:37.6730272Z       },
2026-10-04T18:52:37.6730435Z       "words": 15,
2026-10-04T18:52:37.6730617Z       "texts": 4,
2026-10-04T18:52:37.6730798Z       "grammar": 3,
2026-10-04T18:52:37.6730990Z       "homework": 30,
2026-10-04T18:52:37.6731343Z       "sha256": "c6302d84d74ea51a02c1afaaaff781b7513350d6516608d73e5edd084bb06b20"
2026-10-04T18:52:37.6731685Z     },
2026-10-04T18:52:37.6731844Z     {
2026-10-04T18:52:37.6732037Z       "id": "hsk2-fltrp-2026:l07",
2026-10-04T18:52:37.6732279Z       "level": 2,
2026-10-04T18:52:37.6732462Z       "number": 7,
2026-10-04T18:52:37.6732641Z       "title": {
2026-10-04T18:52:37.6732875Z         "zh": "他篮球打得很好",
2026-10-04T18:52:37.6733175Z         "vi": "Anh ấy chơi bóng rổ rất giỏi",
2026-10-04T18:52:37.6733495Z         "py": "Tā lánqiú dǎ de hěn hǎo"
2026-10-04T18:52:37.6733726Z       },
2026-10-04T18:52:37.6733896Z       "words": 20,
2026-10-04T18:52:37.6734089Z       "texts": 4,
2026-10-04T18:52:37.6734436Z       "grammar": 3,
2026-10-04T18:52:37.6736908Z       "homework": 30,
2026-10-04T18:52:37.6737257Z       "sha256": "15b9f36001307933da8120e66214e3b7a266640022f6953b67b174b2a9c78f4c"
2026-10-04T18:52:37.6737605Z     },
2026-10-04T18:52:37.6743386Z     {
2026-10-04T18:52:37.6743635Z       "id": "hsk2-fltrp-2026:l08",
2026-10-04T18:52:37.6743881Z       "level": 2,
2026-10-04T18:52:37.6744076Z       "number": 8,
2026-10-04T18:52:37.6744267Z       "title": {
2026-10-04T18:52:37.6744707Z         "zh": "虽然你忘了，但是我记得",
2026-10-04T18:52:37.6745044Z         "vi": "Dù em quên nhưng anh vẫn nhớ",
2026-10-04T18:52:37.6745428Z         "py": "Suīrán nǐ wàng le, dànshì wǒ jìde"
2026-10-04T18:52:37.6745701Z       },
2026-10-04T18:52:37.6745880Z       "words": 17,
2026-10-04T18:52:37.6746070Z       "texts": 4,
2026-10-04T18:52:37.6746252Z       "grammar": 3,
2026-10-04T18:52:37.6746454Z       "homework": 30,
2026-10-04T18:52:37.6747106Z       "sha256": "90c7c19aac1d78ed62752356eefe09b6d3ee968c528c2008a53f0f2b1f96d00a"
2026-10-04T18:52:37.6747494Z     },
2026-10-04T18:52:37.6747704Z     {
2026-10-04T18:52:37.6747908Z       "id": "hsk2-fltrp-2026:l09",
2026-10-04T18:52:37.6748142Z       "level": 2,
2026-10-04T18:52:37.6748333Z       "number": 9,
2026-10-04T18:52:37.6748518Z       "title": {
2026-10-04T18:52:37.6748751Z         "zh": "我去买杯奶茶",
2026-10-04T18:52:37.6749046Z         "vi": "Tôi đi mua một cốc trà sữa",
2026-10-04T18:52:37.6749374Z         "py": "Wǒ qù mǎi bēi nǎichá"
2026-10-04T18:52:37.6749600Z       },
2026-10-04T18:52:37.6749769Z       "words": 13,
2026-10-04T18:52:37.6749954Z       "texts": 4,
2026-10-04T18:52:37.6750139Z       "grammar": 3,
2026-10-04T18:52:37.6750331Z       "homework": 30,
2026-10-04T18:52:37.6750693Z       "sha256": "55675df1ef69682537b7137e4f2ba19e2a311cf7738969ecd790dae62cc885aa"
2026-10-04T18:52:37.6751053Z     },
2026-10-04T18:52:37.6751210Z     {
2026-10-04T18:52:37.6751413Z       "id": "hsk2-fltrp-2026:l10",
2026-10-04T18:52:37.6751640Z       "level": 2,
2026-10-04T18:52:37.6751839Z       "number": 10,
2026-10-04T18:52:37.6752030Z       "title": {
2026-10-04T18:52:37.6752269Z         "zh": "就要考试了",
2026-10-04T18:52:37.6752506Z         "vi": "Sắp thi rồi",
2026-10-04T18:52:37.6752794Z         "py": "Jiù yào kǎoshì le"
2026-10-04T18:52:37.6753008Z       },
2026-10-04T18:52:37.6753177Z       "words": 15,
2026-10-04T18:52:37.6753360Z       "texts": 4,
2026-10-04T18:52:37.6753543Z       "grammar": 3,
2026-10-04T18:52:37.6753735Z       "homework": 30,
2026-10-04T18:52:37.6754109Z       "sha256": "5e8b2f82916f6bce00f4d28d0b31f8caf347f813bee9e19408f0edf723130156"
2026-10-04T18:52:37.6754467Z     },
2026-10-04T18:52:37.6754783Z     {
2026-10-04T18:52:37.6755107Z       "id": "hsk2-fltrp-2026:l11",
2026-10-04T18:52:37.6755337Z       "level": 2,
2026-10-04T18:52:37.6755522Z       "number": 11,
2026-10-04T18:52:37.6755774Z       "title": {
2026-10-04T18:52:37.6756018Z         "zh": "我最喜欢吃中国菜",
2026-10-04T18:52:37.6756339Z         "vi": "Tôi thích ăn món Trung Quốc nhất",
2026-10-04T18:52:37.6756713Z         "py": "Wǒ zuì xǐhuan chī Zhōngguó cài"
2026-10-04T18:52:37.6756967Z       },
2026-10-04T18:52:37.6757134Z       "words": 13,
2026-10-04T18:52:37.6757315Z       "texts": 4,
2026-10-04T18:52:37.6757497Z       "grammar": 3,
2026-10-04T18:52:37.6757685Z       "homework": 30,
2026-10-04T18:52:37.6758050Z       "sha256": "01ec965d7f18d41c5c91c053f93544b24c971303ed8b4ca6afd2ad2c03d48ff8"
2026-10-04T18:52:37.6758405Z     },
2026-10-04T18:52:37.6758568Z     {
2026-10-04T18:52:37.6758769Z       "id": "hsk2-fltrp-2026:l12",
2026-10-04T18:52:37.6758992Z       "level": 2,
2026-10-04T18:52:37.6759170Z       "number": 12,
2026-10-04T18:52:37.6759376Z       "title": {
2026-10-04T18:52:37.6759615Z         "zh": "这里比北京冷多了",
2026-10-04T18:52:37.6759920Z         "vi": "Ở đây lạnh hơn Bắc Kinh nhiều",
2026-10-04T18:52:37.6760261Z         "py": "Zhèlǐ bǐ Běijīng lěngduō le"
2026-10-04T18:52:37.6760501Z       },
2026-10-04T18:52:37.6760668Z       "words": 11,
2026-10-04T18:52:37.6760867Z       "texts": 4,
2026-10-04T18:52:37.6761275Z       "grammar": 3,
2026-10-04T18:52:37.6761644Z       "homework": 30,
2026-10-04T18:52:37.6762069Z       "sha256": "c64d2e1bc3dac399f1737338e70474d8ea8559c2aa65207290a515804a97e702"
2026-10-04T18:52:37.6762429Z     },
2026-10-04T18:52:37.6762589Z     {
2026-10-04T18:52:37.6762783Z       "id": "hsk2-fltrp-2026:l13",
2026-10-04T18:52:37.6763009Z       "level": 2,
2026-10-04T18:52:37.6763197Z       "number": 13,
2026-10-04T18:52:37.6763411Z       "title": {
2026-10-04T18:52:37.6763675Z         "zh": "我们爱上中文课",
2026-10-04T18:52:37.6764004Z         "vi": "Chúng tôi thích học tiết tiếng Trung",
2026-10-04T18:52:37.6764367Z         "py": "Wǒmen ài shàng Zhōngwén kè"
2026-10-04T18:52:37.6770330Z       },
2026-10-04T18:52:37.6770525Z       "words": 13,
2026-10-04T18:52:37.6770714Z       "texts": 4,
2026-10-04T18:52:37.6770902Z       "grammar": 3,
2026-10-04T18:52:37.6771090Z       "homework": 30,
2026-10-04T18:52:37.6771715Z       "sha256": "06d5d9e3f096ffe189f8d8214ba5582db9912e776e9ce3cee55d4fbd928057e1"
2026-10-04T18:52:37.6772123Z     },
2026-10-04T18:52:37.6772311Z     {
2026-10-04T18:52:37.6772562Z       "id": "hsk2-fltrp-2026:l14",
2026-10-04T18:52:37.6772837Z       "level": 2,
2026-10-04T18:52:37.6773043Z       "number": 14,
2026-10-04T18:52:37.6773246Z       "title": {
2026-10-04T18:52:37.6773572Z         "zh": "一个人过年多没意思啊",
2026-10-04T18:52:37.6773917Z         "vi": "Ăn Tết một mình buồn biết bao",
2026-10-04T18:52:37.6774303Z         "py": "Yí gè rén guònián duō méi yìsi a"
2026-10-04T18:52:37.6774732Z       },
2026-10-04T18:52:37.6774922Z       "words": 14,
2026-10-04T18:52:37.6775130Z       "texts": 4,
2026-10-04T18:52:37.6775338Z       "grammar": 3,
2026-10-04T18:52:37.6775552Z       "homework": 30,
2026-10-04T18:52:37.6776029Z       "sha256": "74d7a43cbed89ddf152a840d3c5bc06e8200c975fa1de5e9bf4223e227d52e0f"
2026-10-04T18:52:37.6776542Z     },
2026-10-04T18:52:37.6776748Z     {
2026-10-04T18:52:37.6776971Z       "id": "hsk2-fltrp-2026:l15",
2026-10-04T18:52:37.6777236Z       "level": 2,
2026-10-04T18:52:37.6777445Z       "number": 15,
2026-10-04T18:52:37.6777650Z       "title": {
2026-10-04T18:52:37.6777921Z         "zh": "我想再去一次中国",
2026-10-04T18:52:37.6778313Z         "vi": "Tôi muốn đến Trung Quốc thêm một lần nữa",
2026-10-04T18:52:37.6778732Z         "py": "Wǒ xiǎng zài qù yí cì Zhōngguó"
2026-10-04T18:52:37.6778998Z       },
2026-10-04T18:52:37.6779188Z       "words": 12,
2026-10-04T18:52:37.6779395Z       "texts": 4,
2026-10-04T18:52:37.6779599Z       "grammar": 3,
2026-10-04T18:52:37.6779806Z       "homework": 30,
2026-10-04T18:52:37.6780185Z       "sha256": "299a8d8cf8f90e721d8a8c8b0ca24d7c33d759949166cab1edd2eeddf00ae907"
2026-10-04T18:52:37.6780568Z     },
2026-10-04T18:52:37.6780749Z     {
2026-10-04T18:52:37.6780971Z       "id": "hsk3-fltrp-2026:l01",
2026-10-04T18:52:37.6781212Z       "level": 3,
2026-10-04T18:52:37.6781417Z       "number": 1,
2026-10-04T18:52:37.6781617Z       "title": {
2026-10-04T18:52:37.6781926Z         "zh": "我们去机场接你们",
2026-10-04T18:52:37.6782296Z         "vi": "Chúng tôi sẽ ra sân bay đón các bạn",
2026-10-04T18:52:37.6782709Z         "py": "Wǒmen qù jīchǎng jiē nǐmen"
2026-10-04T18:52:37.6782967Z       },
2026-10-04T18:52:37.6783162Z       "words": 27,
2026-10-04T18:52:37.6783362Z       "texts": 4,
2026-10-04T18:52:37.6783566Z       "grammar": 3,
2026-10-04T18:52:37.6783775Z       "homework": 30,
2026-10-04T18:52:37.6784155Z       "sha256": "764630f97d7ce5a229448ae32199215a61ed395dee69b480b2929538857171c1"
2026-10-04T18:52:37.6784430Z     },
2026-10-04T18:52:37.6784719Z     {
2026-10-04T18:52:37.6784875Z       "id": "hsk3-fltrp-2026:l02",
2026-10-04T18:52:37.6785029Z       "level": 3,
2026-10-04T18:52:37.6785153Z       "number": 2,
2026-10-04T18:52:37.6785268Z       "title": {
2026-10-04T18:52:37.6785458Z         "zh": "你们想吃什么就点什么",
2026-10-04T18:52:37.6785673Z         "vi": "Các bạn muốn ăn gì thì gọi món đó",
2026-10-04T18:52:37.6785919Z         "py": "Nǐmen xiǎng chī shénme jiù diǎn shénme"
2026-10-04T18:52:37.6786093Z       },
2026-10-04T18:52:37.6786214Z       "words": 30,
2026-10-04T18:52:37.6786509Z       "texts": 4,
2026-10-04T18:52:37.6786637Z       "grammar": 3,
2026-10-04T18:52:37.6786765Z       "homework": 30,
2026-10-04T18:52:37.6787000Z       "sha256": "8557474924e3536b9487f514008b0c8f5b9ac65079d95c3db1b19d3d5e6705b1"
2026-10-04T18:52:37.6787220Z     },
2026-10-04T18:52:37.6787322Z     {
2026-10-04T18:52:37.6787456Z       "id": "hsk3-fltrp-2026:l03",
2026-10-04T18:52:37.6787591Z       "level": 3,
2026-10-04T18:52:37.6787720Z       "number": 3,
2026-10-04T18:52:37.6787830Z       "title": {
2026-10-04T18:52:37.6787997Z         "zh": "这个小区挺好的",
2026-10-04T18:52:37.6788189Z         "vi": "Khu dân cư này khá tốt",
2026-10-04T18:52:37.6788399Z         "py": "Zhè ge xiǎoqū tǐng hǎo de"
2026-10-04T18:52:37.6788551Z       },
2026-10-04T18:52:37.6788656Z       "words": 27,
2026-10-04T18:52:37.6788769Z       "texts": 4,
2026-10-04T18:52:37.6788897Z       "grammar": 3,
2026-10-04T18:52:37.6789024Z       "homework": 30,
2026-10-04T18:52:37.6789350Z       "sha256": "1dda336fa54416b00a222f692ed2429c868950517a68bd0664f84f9d1f98f5e6"
2026-10-04T18:52:37.6789584Z     },
2026-10-04T18:52:37.6789702Z     {
2026-10-04T18:52:37.6789826Z       "id": "hsk3-fltrp-2026:l04",
2026-10-04T18:52:37.6789979Z       "level": 3,
2026-10-04T18:52:37.6790107Z       "number": 4,
2026-10-04T18:52:37.6790219Z       "title": {
2026-10-04T18:52:37.6790392Z         "zh": "这家宾馆跟别的都不一样",
2026-10-04T18:52:37.6790612Z         "vi": "Khách sạn này khác hẳn những nơi khác",
2026-10-04T18:52:37.6790866Z         "py": "Zhè jiā bīnguǎn gēn biéde dōu bù yíyàng"
2026-10-04T18:52:37.6791041Z       },
2026-10-04T18:52:37.6791145Z       "words": 28,
2026-10-04T18:52:37.6791274Z       "texts": 4,
2026-10-04T18:52:37.6791397Z       "grammar": 3,
2026-10-04T18:52:37.6791513Z       "homework": 30,
2026-10-04T18:52:37.6791746Z       "sha256": "dd1dc183be33fdec24c5b614c648ab64828333728dd6857a43e82fa7b92baf30"
2026-10-04T18:52:37.6791972Z     },
2026-10-04T18:52:37.6792088Z     {
2026-10-04T18:52:37.6792222Z       "id": "hsk3-fltrp-2026:l05",
2026-10-04T18:52:37.6792381Z       "level": 3,
2026-10-04T18:52:37.6792508Z       "number": 5,
2026-10-04T18:52:37.6792619Z       "title": {
2026-10-04T18:52:37.6792781Z         "zh": "这样的照片才好看",
2026-10-04T18:52:37.6792973Z         "vi": "Ảnh như thế này mới đẹp",
2026-10-04T18:52:37.6793193Z         "py": "Zhèyàng de zhàopiàn cái hǎokàn"
2026-10-04T18:52:37.6793357Z       },
2026-10-04T18:52:37.6793476Z       "words": 28,
2026-10-04T18:52:37.6793593Z       "texts": 4,
2026-10-04T18:52:37.6793721Z       "grammar": 4,
2026-10-04T18:52:37.6793861Z       "homework": 30,
2026-10-04T18:52:37.6794091Z       "sha256": "1330ba4fe33c7389921cc68a5b82fee147b9f4022911207e4b06be73235042d4"
2026-10-04T18:52:37.6794317Z     },
2026-10-04T18:52:37.6794415Z     {
2026-10-04T18:52:37.6794704Z       "id": "hsk3-fltrp-2026:l06",
2026-10-04T18:52:37.6794851Z       "level": 3,
2026-10-04T18:52:37.6794963Z       "number": 6,
2026-10-04T18:52:37.6795087Z       "title": {
2026-10-04T18:52:37.6795247Z         "zh": "高铁上还可以点外卖",
2026-10-04T18:52:37.6796476Z         "vi": "Trên tàu cao tốc còn có thể gọi đồ ăn giao tận nơi",
2026-10-04T18:52:37.6796745Z         "py": "Gāotiě shàng hái kěyǐ diǎn wàimài"
2026-10-04T18:52:37.6796932Z       },
2026-10-04T18:52:37.6797038Z       "words": 31,
2026-10-04T18:52:37.6797160Z       "texts": 4,
2026-10-04T18:52:37.6797327Z       "grammar": 3,
2026-10-04T18:52:37.6797487Z       "homework": 30,
2026-10-04T18:52:37.6797700Z       "sha256": "335f48814ea644fd9f635279975cc74962b54a3b20263e7cb99ebf3e6a0a7346"
2026-10-04T18:52:37.6797909Z     },
2026-10-04T18:52:37.6798006Z     {
2026-10-04T18:52:37.6798122Z       "id": "hsk3-fltrp-2026:l07",
2026-10-04T18:52:37.6798257Z       "level": 3,
2026-10-04T18:52:37.6798367Z       "number": 7,
2026-10-04T18:52:37.6798476Z       "title": {
2026-10-04T18:52:37.6798637Z         "zh": "那条裙子比短裤更好看",
2026-10-04T18:52:37.6798825Z         "vi": "Chiếc váy kia đẹp hơn quần soóc",
2026-10-04T18:52:37.6799055Z         "py": "Nà tiáo qúnzi bǐ duǎnkù gèng hǎokàn"
2026-10-04T18:52:37.6799216Z       },
2026-10-04T18:52:37.6799318Z       "words": 30,
2026-10-04T18:52:37.6799427Z       "texts": 4,
2026-10-04T18:52:37.6799540Z       "grammar": 4,
2026-10-04T18:52:37.6799656Z       "homework": 30,
2026-10-04T18:52:37.6799869Z       "sha256": "2fb4bac59590ec1121814ea7fbac4f5e8fb0923c2113f630dfcb0c822a1288c9"
2026-10-04T18:52:37.6800079Z     },
2026-10-04T18:52:37.6800177Z     {
2026-10-04T18:52:37.6800295Z       "id": "hsk3-fltrp-2026:l08",
2026-10-04T18:52:37.6800432Z       "level": 3,
2026-10-04T18:52:37.6800542Z       "number": 8,
2026-10-04T18:52:37.6800651Z       "title": {
2026-10-04T18:52:37.6800786Z         "zh": "今天我出院了",
2026-10-04T18:52:37.6800952Z         "vi": "Hôm nay tôi xuất viện",
2026-10-04T18:52:37.6801139Z         "py": "Jīntiān wǒ chūyuàn le"
2026-10-04T18:52:37.6801282Z       },
2026-10-04T18:52:37.6801383Z       "words": 31,
2026-10-04T18:52:37.6801493Z       "texts": 4,
2026-10-04T18:52:37.6801603Z       "grammar": 4,
2026-10-04T18:52:37.6801838Z       "homework": 30,
2026-10-04T18:52:37.6802048Z       "sha256": "060fe8ae8ac154b8b6cb9a64c9153b64d13b8d0e28b9a949b66651d00f3d0c24"
2026-10-04T18:52:37.6802264Z     },
2026-10-04T18:52:37.6802360Z     {
2026-10-04T18:52:37.6802474Z       "id": "hsk3-fltrp-2026:l09",
2026-10-04T18:52:37.6802607Z       "level": 3,
2026-10-04T18:52:37.6802717Z       "number": 9,
2026-10-04T18:52:37.6802827Z       "title": {
2026-10-04T18:52:37.6802964Z         "zh": "打不好没关系",
2026-10-04T18:52:37.6803141Z         "vi": "Chơi chưa tốt cũng không sao",
2026-10-04T18:52:37.6803331Z         "py": "Dǎ bu hǎo méi guānxi"
2026-10-04T18:52:37.6803469Z       },
2026-10-04T18:52:37.6803574Z       "words": 33,
2026-10-04T18:52:37.6803685Z       "texts": 4,
2026-10-04T18:52:37.6803797Z       "grammar": 3,
2026-10-04T18:52:37.6803914Z       "homework": 30,
2026-10-04T18:52:37.6804128Z       "sha256": "fecde40f8913de909cccf29f357ba27fa2dc9a92b0b6fe21e8f31348a764c937"
2026-10-04T18:52:37.6804342Z     },
2026-10-04T18:52:37.6804447Z     {
2026-10-04T18:52:37.6804696Z       "id": "hsk3-fltrp-2026:l10",
2026-10-04T18:52:37.6804833Z       "level": 3,
2026-10-04T18:52:37.6804949Z       "number": 10,
2026-10-04T18:52:37.6805058Z       "title": {
2026-10-04T18:52:37.6805202Z         "zh": "你明天再把书还给我",
2026-10-04T18:52:37.6805383Z         "vi": "Ngày mai bạn hãy trả sách cho tôi",
2026-10-04T18:52:37.6805597Z         "py": "Nǐ míngtiān zài bǎ shū huán gěi wǒ"
2026-10-04T18:52:37.6805746Z       },
2026-10-04T18:52:37.6805851Z       "words": 33,
2026-10-04T18:52:37.6805961Z       "texts": 4,
2026-10-04T18:52:37.6806071Z       "grammar": 3,
2026-10-04T18:52:37.6806187Z       "homework": 30,
2026-10-04T18:52:37.6806398Z       "sha256": "b7f106e2ece82f87921a16bf87b4dac345f9d5366c75fee0394da1b7597de828"
2026-10-04T18:52:37.6806609Z     },
2026-10-04T18:52:37.6806707Z     {
2026-10-04T18:52:37.6806822Z       "id": "hsk3-fltrp-2026:l11",
2026-10-04T18:52:37.6806955Z       "level": 3,
2026-10-04T18:52:37.6807064Z       "number": 11,
2026-10-04T18:52:37.6807183Z       "title": {
2026-10-04T18:52:37.6807468Z         "zh": "看来我没办法解决这个问题",
2026-10-04T18:52:37.6807690Z         "vi": "Xem ra tôi không có cách giải quyết vấn đề này",
2026-10-04T18:52:37.6807933Z         "py": "Kànlái wǒ méi bànfǎ jiějué zhège wèntí"
2026-10-04T18:52:37.6808087Z       },
2026-10-04T18:52:37.6808188Z       "words": 29,
2026-10-04T18:52:37.6808297Z       "texts": 4,
2026-10-04T18:52:37.6808407Z       "grammar": 4,
2026-10-04T18:52:37.6808522Z       "homework": 30,
2026-10-04T18:52:37.6808728Z       "sha256": "e54b04f5fba66b2201d4ab9b963c7f8cf977fe3a52e0347e13186e9eb24ce4e2"
2026-10-04T18:52:37.6808937Z     },
2026-10-04T18:52:37.6809036Z     {
2026-10-04T18:52:37.6809153Z       "id": "hsk3-fltrp-2026:l12",
2026-10-04T18:52:37.6809286Z       "level": 3,
2026-10-04T18:52:37.6809398Z       "number": 12,
2026-10-04T18:52:37.6809507Z       "title": {
2026-10-04T18:52:37.6809648Z         "zh": "这个季节天气变化很快",
2026-10-04T18:52:37.6809851Z         "vi": "Mùa này thời tiết thay đổi rất nhanh",
2026-10-04T18:52:37.6810073Z         "py": "Zhège jìjié tiānqì biànhuà hěn kuài"
2026-10-04T18:52:37.6810227Z       },
2026-10-04T18:52:37.6810334Z       "words": 28,
2026-10-04T18:52:37.6810447Z       "texts": 4,
2026-10-04T18:52:37.6810556Z       "grammar": 4,
2026-10-04T18:52:37.6810684Z       "homework": 30,
2026-10-04T18:52:37.6810891Z       "sha256": "deb3939089488474d986529d9b4c46615c3264d614cd246041d62d98cdee3b4d"
2026-10-04T18:52:37.6811093Z     },
2026-10-04T18:52:37.6811207Z     {
2026-10-04T18:52:37.6811325Z       "id": "hsk3-fltrp-2026:l13",
2026-10-04T18:52:37.6811457Z       "level": 3,
2026-10-04T18:52:37.6811568Z       "number": 13,
2026-10-04T18:52:37.6811682Z       "title": {
2026-10-04T18:52:37.6811878Z         "zh": "我的新邻居来自英国",
2026-10-04T18:52:37.6812157Z         "vi": "Hàng xóm mới của tôi đến từ Anh",
2026-10-04T18:52:37.6812476Z         "py": "Wǒ de xīn línjū láizì Yīngguó"
2026-10-04T18:52:37.6812707Z       },
2026-10-04T18:52:37.6812871Z       "words": 28,
2026-10-04T18:52:37.6813176Z       "texts": 4,
2026-10-04T18:52:37.6813357Z       "grammar": 3,
2026-10-04T18:52:37.6813538Z       "homework": 30,
2026-10-04T18:52:37.6813751Z       "sha256": "440776721226463550a6e0b45fd42dd178bd3fe57a62d9c643923d8d132c61cc"
2026-10-04T18:52:37.6813955Z     },
2026-10-04T18:52:37.6814053Z     {
2026-10-04T18:52:37.6814175Z       "id": "hsk3-fltrp-2026:l14",
2026-10-04T18:52:37.6814310Z       "level": 3,
2026-10-04T18:52:37.6814420Z       "number": 14,
2026-10-04T18:52:37.6814631Z       "title": {
2026-10-04T18:52:37.6814789Z         "zh": "这本书被别人借走了",
2026-10-04T18:52:37.6814994Z         "vi": "Cuốn sách này đã được người khác mượn rồi",
2026-10-04T18:52:37.6815215Z         "py": "Zhè běn shū bèi biérén jiè zǒu le"
2026-10-04T18:52:37.6815367Z       },
2026-10-04T18:52:37.6815472Z       "words": 28,
2026-10-04T18:52:37.6815589Z       "texts": 4,
2026-10-04T18:52:37.6815700Z       "grammar": 3,
2026-10-04T18:52:37.6815811Z       "homework": 30,
2026-10-04T18:52:37.6816035Z       "sha256": "4243e1cafafd148020c1ffbf22cca4c9c9a2f1b2a361fdf778c26c95f678012a"
2026-10-04T18:52:37.6816255Z     },
2026-10-04T18:52:37.6816353Z     {
2026-10-04T18:52:37.6816475Z       "id": "hsk3-fltrp-2026:l15",
2026-10-04T18:52:37.6816609Z       "level": 3,
2026-10-04T18:52:37.6816722Z       "number": 15,
2026-10-04T18:52:37.6816837Z       "title": {
2026-10-04T18:52:37.6816970Z         "zh": "我是半个南京人",
2026-10-04T18:52:37.6817162Z         "vi": "Tôi có thể coi là nửa người Nam Kinh",
2026-10-04T18:52:37.6817371Z         "py": "Wǒ shì bàn ge Nánjīngrén"
2026-10-04T18:52:37.6817512Z       },
2026-10-04T18:52:37.6817612Z       "words": 28,
2026-10-04T18:52:37.6817722Z       "texts": 4,
2026-10-04T18:52:37.6817832Z       "grammar": 4,
2026-10-04T18:52:37.6817944Z       "homework": 30,
2026-10-04T18:52:37.6818153Z       "sha256": "72fe01c3ec5cb1153815f78cc24962d5323f2f0d44d49197f4ad79160f388836"
2026-10-04T18:52:37.6818358Z     },
2026-10-04T18:52:37.6818455Z     {
2026-10-04T18:52:37.6818581Z       "id": "hsk3-fltrp-2026:l16",
2026-10-04T18:52:37.6818821Z       "level": 3,
2026-10-04T18:52:37.6818933Z       "number": 16,
2026-10-04T18:52:37.6819048Z       "title": {
2026-10-04T18:52:37.6819256Z         "zh": "我听说有的熊猫出国了",
2026-10-04T18:52:37.6819583Z         "vi": "Tôi nghe nói có gấu trúc đã ra nước ngoài",
2026-10-04T18:52:37.6819959Z         "py": "Wǒ tīngshuō yǒude xióngmāo chū guó le"
2026-10-04T18:52:37.6820217Z       },
2026-10-04T18:52:37.6820383Z       "words": 26,
2026-10-04T18:52:37.6820563Z       "texts": 4,
2026-10-04T18:52:37.6820748Z       "grammar": 4,
2026-10-04T18:52:37.6820933Z       "homework": 30,
2026-10-04T18:52:37.6821277Z       "sha256": "06357423b8ea5eba948b8b7deb495d23779efa3cc8467f9c43554eb3f6769139"
2026-10-04T18:52:37.6821561Z     },
2026-10-04T18:52:37.6821660Z     {
2026-10-04T18:52:37.6821779Z       "id": "hsk3-fltrp-2026:l17",
2026-10-04T18:52:37.6821917Z       "level": 3,
2026-10-04T18:52:37.6822027Z       "number": 17,
2026-10-04T18:52:37.6822139Z       "title": {
2026-10-04T18:52:37.6822392Z         "zh": "我要多向认真的人学习",
2026-10-04T18:52:37.6822628Z         "vi": "Tôi phải học hỏi nhiều hơn từ những người cẩn thận",
2026-10-04T18:52:37.6822875Z         "py": "Wǒ yào duō xiàng rènzhēn de rén xuéxí"
2026-10-04T18:52:37.6823035Z       },
2026-10-04T18:52:37.6823138Z       "words": 28,
2026-10-04T18:52:37.6823249Z       "texts": 4,
2026-10-04T18:52:37.6823359Z       "grammar": 4,
2026-10-04T18:52:37.6823474Z       "homework": 30,
2026-10-04T18:52:37.6823827Z       "sha256": "244aa2c25d66d7168b4dff8c5431e200fed68d6c2d54af530e0781c7772bfe2a"
2026-10-04T18:52:37.6824188Z     },
2026-10-04T18:52:37.6824349Z     {
2026-10-04T18:52:37.6824649Z       "id": "hsk3-fltrp-2026:l18",
2026-10-04T18:52:37.6824874Z       "level": 3,
2026-10-04T18:52:37.6825058Z       "number": 18,
2026-10-04T18:52:37.6825241Z       "title": {
2026-10-04T18:52:37.6825472Z         "zh": "我学会了包饺子",
2026-10-04T18:52:37.6825773Z         "vi": "Tôi đã học được cách gói sủi cảo",
2026-10-04T18:52:37.6826015Z         "py": "Wǒ xuéhuì le bāo jiǎozi"
2026-10-04T18:52:37.6826161Z       },
2026-10-04T18:52:37.6826266Z       "words": 30,
2026-10-04T18:52:37.6826376Z       "texts": 4,
2026-10-04T18:52:37.6826491Z       "grammar": 4,
2026-10-04T18:52:37.6826606Z       "homework": 30,
2026-10-04T18:52:37.6826928Z       "sha256": "939dcb25ee7cdd124e062a2810fea523a9193395fd56fa940d8c111a554c0f53"
2026-10-04T18:52:37.6827279Z     }
2026-10-04T18:52:37.6827448Z   ],
2026-10-04T18:52:37.6827619Z   "lexicons": [
2026-10-04T18:52:37.6827799Z     {
2026-10-04T18:52:37.6828008Z       "courseId": "hsk2-fltrp-2026",
2026-10-04T18:52:37.6828245Z       "counts": {
2026-10-04T18:52:37.6828441Z         "sourceRecords": 226,
2026-10-04T18:52:37.6828762Z         "senses": 226,
2026-10-04T18:52:37.6828973Z         "chineseForms": 209,
2026-10-04T18:52:37.6829198Z         "verifiedMerges": 0
2026-10-04T18:52:37.6829406Z       },
2026-10-04T18:52:37.6829744Z       "sha256": "ef5bfd9d4b03fd83e0eb735afca091ff3daa09dd1c5439f1e4453d118bef014c"
2026-10-04T18:52:37.6830117Z     },
2026-10-04T18:52:37.6830280Z     {
2026-10-04T18:52:37.6830480Z       "courseId": "hsk3-fltrp-2026",
2026-10-04T18:52:37.6830714Z       "counts": {
2026-10-04T18:52:37.6830913Z         "sourceRecords": 523,
2026-10-04T18:52:37.6831134Z         "senses": 523,
2026-10-04T18:52:37.6831335Z         "chineseForms": 487,
2026-10-04T18:52:37.6831559Z         "verifiedMerges": 0
2026-10-04T18:52:37.6831765Z       },
2026-10-04T18:52:37.6832103Z       "sha256": "a3c72056adcde40201c46d5dd04aee5d0a633508b90acb09ec4d4dadd14eeef3"
2026-10-04T18:52:37.6832474Z     }
2026-10-04T18:52:37.6832630Z   ],
2026-10-04T18:52:37.6832791Z   "issues": []
2026-10-04T18:52:37.6832965Z }
2026-10-04T18:52:37.7438735Z 
2026-10-04T18:52:37.7439503Z > hsk-shared-course-app@1.0.0 check
2026-10-04T18:52:37.7439791Z > tsc --noEmit
2026-10-04T18:52:37.7439872Z 
2026-10-04T18:52:38.2458313Z [36mvite v8.3.2 [32mbuilding client environment for production...[36m[39m
2026-10-04T18:52:38.2518888Z transforming...
2026-10-04T18:52:38.3817778Z ✓ 198 modules transformed.
2026-10-04T18:52:41.0577634Z rendering chunks...
2026-10-04T18:52:41.1965801Z computing gzip size...
2026-10-04T18:52:41.2153689Z .repro-output/media-reviewed-subset/dist/index.html                                                   0.45 kB │ gzip:   0.33 kB
2026-10-04T18:52:41.2154705Z .repro-output/media-reviewed-subset/dist/assets/course-index-BKGnz4SX.json                            4.87 kB │ gzip:   1.18 kB
2026-10-04T18:52:41.2155636Z .repro-output/media-reviewed-subset/dist/assets/textbook-display-revisions-DWScioD2.json             26.13 kB │ gzip:   4.78 kB
2026-10-04T18:52:41.2156299Z .repro-output/media-reviewed-subset/dist/content-manifest.json                                       53.70 kB │ gzip:  14.31 kB
2026-10-04T18:52:41.2157091Z .repro-output/media-reviewed-subset/dist/assets/stage2-bank-DOB9KrMv.json                           269.65 kB │ gzip:  47.51 kB
2026-10-04T18:52:41.2158319Z .repro-output/media-reviewed-subset/dist/assets/media-references-DD5E_5K_.json                      287.06 kB │ gzip:  57.51 kB
2026-10-04T18:52:41.2159225Z .repro-output/media-reviewed-subset/dist/assets/stage3-catalog-CH6Cx7h7.json                        384.02 kB │ gzip:  67.91 kB
2026-10-04T18:52:41.2160097Z .repro-output/media-reviewed-subset/dist/assets/textbook-ksDEYuz_.json                              741.67 kB │ gzip:  91.65 kB
2026-10-04T18:52:41.2160623Z .repro-output/media-reviewed-subset/dist/assets/progress-DgeKDxiU.css                                 1.57 kB │ gzip:   0.62 kB
2026-10-04T18:52:41.2161150Z .repro-output/media-reviewed-subset/dist/assets/archive-BMfTkVw2.css                                  1.93 kB │ gzip:   0.74 kB
2026-10-04T18:52:41.2161666Z .repro-output/media-reviewed-subset/dist/assets/hanzi-D0sNO2-t.css                                    2.24 kB │ gzip:   0.79 kB
2026-10-04T18:52:41.2162184Z .repro-output/media-reviewed-subset/dist/assets/data-panel-BgEWndCN.css                               3.56 kB │ gzip:   1.10 kB
2026-10-04T18:52:41.2162734Z .repro-output/media-reviewed-subset/dist/assets/source-activities-Cz6XgW02.css                        4.93 kB │ gzip:   1.37 kB
2026-10-04T18:52:41.2163277Z .repro-output/media-reviewed-subset/dist/assets/listening-DTyrhIy_.css                                5.80 kB │ gzip:   1.60 kB
2026-10-04T18:52:41.2163790Z .repro-output/media-reviewed-subset/dist/assets/view-BYaiqWuX.css                                     6.25 kB │ gzip:   1.79 kB
2026-10-04T18:52:41.2164302Z .repro-output/media-reviewed-subset/dist/assets/homework-8E-U9jBU.css                                 8.11 kB │ gzip:   2.06 kB
2026-10-04T18:52:41.2164968Z .repro-output/media-reviewed-subset/dist/assets/textbook-BGHTCm5n.css                                 9.57 kB │ gzip:   2.64 kB
2026-10-04T18:52:41.2165482Z .repro-output/media-reviewed-subset/dist/assets/index-CqoucPNO.css                                   34.61 kB │ gzip:   7.74 kB
2026-10-04T18:52:41.2166007Z .repro-output/media-reviewed-subset/dist/assets/textbook-BNPI77hK.js                                  0.08 kB │ gzip:   0.10 kB
2026-10-04T18:52:41.2166524Z .repro-output/media-reviewed-subset/dist/assets/review-Dw3CJ1qh.js                                    0.08 kB │ gzip:   0.09 kB
2026-10-04T18:52:41.2167181Z .repro-output/media-reviewed-subset/dist/assets/stage3-catalog-BDgGKH7A.js                            0.08 kB │ gzip:   0.10 kB
2026-10-04T18:52:41.2168066Z .repro-output/media-reviewed-subset/dist/assets/media-references-DyNdsQyY.js                          0.09 kB │ gzip:   0.10 kB
2026-10-04T18:52:41.2168945Z .repro-output/media-reviewed-subset/dist/assets/vocabulary-DUdCCQ1C.js                                0.09 kB │ gzip:   0.10 kB
2026-10-04T18:52:41.2169842Z .repro-output/media-reviewed-subset/dist/assets/textbook-display-revisions-CGs5GDJK.js                0.10 kB │ gzip:   0.11 kB
2026-10-04T18:52:41.2170449Z .repro-output/media-reviewed-subset/dist/assets/rolldown-runtime-DK3Fl9T5.js                          0.15 kB │ gzip:   0.15 kB
2026-10-04T18:52:41.2170988Z .repro-output/media-reviewed-subset/dist/assets/asset-base-DAkFL0yR.js                                0.16 kB │ gzip:   0.15 kB
2026-10-04T18:52:41.2171656Z .repro-output/media-reviewed-subset/dist/assets/ui-BaCN-TQ1.js                                        0.38 kB │ gzip:   0.27 kB
2026-10-04T18:52:41.2172155Z .repro-output/media-reviewed-subset/dist/assets/dom-Co9YUD_J.js                                       0.51 kB │ gzip:   0.35 kB
2026-10-04T18:52:41.2172786Z .repro-output/media-reviewed-subset/dist/assets/bilingual-YzyU8AOp.js                                 0.55 kB │ gzip:   0.29 kB
2026-10-04T18:52:41.2173624Z .repro-output/media-reviewed-subset/dist/assets/content-Dtx46D9v.js                                   0.86 kB │ gzip:   0.50 kB
2026-10-04T18:52:41.2174497Z .repro-output/media-reviewed-subset/dist/assets/homework-C7rR7QKa.js                                  1.81 kB │ gzip:   1.01 kB
2026-10-04T18:52:41.2175226Z [33m[plugin builtin:vite-reporter] 
2026-10-04T18:52:41.2175720Z (!) Some chunks are larger than 500 kB after minification. Consider:
2026-10-04T18:52:41.2176108Z - Using dynamic import() to code-split the application
2026-10-04T18:52:41.2176700Z - Use build.rolldownOptions.output.codeSplitting to improve chunking: https://rolldown.rs/reference/OutputOptions.codeSplitting
2026-10-04T18:52:41.2177369Z - Adjust chunk size limit for this warning via build.chunkSizeWarningLimit.[39m
2026-10-04T18:52:41.2178108Z .repro-output/media-reviewed-subset/dist/assets/session-bfGAMATy.js                                   2.32 kB │ gzip:   1.18 kB
2026-10-04T18:52:41.2178900Z .repro-output/media-reviewed-subset/dist/assets/mixed-state-7Oiw2hir.js                               3.10 kB │ gzip:   1.40 kB
2026-10-04T18:52:41.2179746Z .repro-output/media-reviewed-subset/dist/assets/progress-C0nra-vL.js                                  3.17 kB │ gzip:   1.48 kB
2026-10-04T18:52:41.2180518Z .repro-output/media-reviewed-subset/dist/assets/home-lWTCFjNu.js                                      4.32 kB │ gzip:   2.02 kB
2026-10-04T18:52:41.2181372Z .repro-output/media-reviewed-subset/dist/assets/catalogue-C_U9rwbD.js                                 4.81 kB │ gzip:   2.04 kB
2026-10-04T18:52:41.2181937Z .repro-output/media-reviewed-subset/dist/assets/audio-segments-hsk2-reviewed-sentences-bwYi0Zbf.js    5.11 kB │ gzip:   1.96 kB
2026-10-04T18:52:41.2182492Z .repro-output/media-reviewed-subset/dist/assets/listening-BrTa9oFu.js                                 5.53 kB │ gzip:   2.36 kB
2026-10-04T18:52:41.2183013Z .repro-output/media-reviewed-subset/dist/assets/engine-CBi3sj57.js                                    5.90 kB │ gzip:   2.45 kB
2026-10-04T18:52:41.2183529Z .repro-output/media-reviewed-subset/dist/assets/pair-panel-DyRXZhOo.js                                8.41 kB │ gzip:   3.71 kB
2026-10-04T18:52:41.2184043Z .repro-output/media-reviewed-subset/dist/assets/store-DqFMKMYi.js                                     8.98 kB │ gzip:   3.49 kB
2026-10-04T18:52:41.2184688Z .repro-output/media-reviewed-subset/dist/assets/data-panel-D0qgpkHA.js                                9.01 kB │ gzip:   3.69 kB
2026-10-04T18:52:41.2185440Z .repro-output/media-reviewed-subset/dist/assets/backup-view-I37Kq41o.js                               9.02 kB │ gzip:   3.91 kB
2026-10-04T18:52:41.2185972Z .repro-output/media-reviewed-subset/dist/assets/browser-pair-DJbMzPIe.js                             10.81 kB │ gzip:   3.85 kB
2026-10-04T18:52:41.2186523Z .repro-output/media-reviewed-subset/dist/assets/listening-Bg4TzGgm.js                                16.01 kB │ gzip:   5.87 kB
2026-10-04T18:52:41.2187035Z .repro-output/media-reviewed-subset/dist/assets/engine-BAT6QHsN.js                                   16.10 kB │ gzip:   6.03 kB
2026-10-04T18:52:41.2187668Z .repro-output/media-reviewed-subset/dist/assets/copy-yY9kyqvF.js                                     18.33 kB │ gzip:   6.90 kB
2026-10-04T18:52:41.2188316Z .repro-output/media-reviewed-subset/dist/assets/listening-BXM9emsG.js                                19.05 kB │ gzip:   7.03 kB
2026-10-04T18:52:41.2189078Z .repro-output/media-reviewed-subset/dist/assets/archive-Bcs1pIMZ.js                                  20.25 kB │ gzip:   8.45 kB
2026-10-04T18:52:41.2189810Z .repro-output/media-reviewed-subset/dist/assets/engine-DJNGzNN8.js                                   22.15 kB │ gzip:   7.49 kB
2026-10-04T18:52:41.2199524Z .repro-output/media-reviewed-subset/dist/assets/textbook-9u9iXuP4.js                                 23.37 kB │ gzip:   9.12 kB
2026-10-04T18:52:41.2200251Z .repro-output/media-reviewed-subset/dist/assets/view-CzWP2RDA.js                                     23.87 kB │ gzip:   9.02 kB
2026-10-04T18:52:41.2200809Z .repro-output/media-reviewed-subset/dist/assets/progress-mNhdDTSh.js                                 24.58 kB │ gzip:   9.30 kB
2026-10-04T18:52:41.2201377Z .repro-output/media-reviewed-subset/dist/assets/source-activities-C-u-PvZD.js                        32.56 kB │ gzip:   9.76 kB
2026-10-04T18:52:41.2202108Z .repro-output/media-reviewed-subset/dist/assets/textbook-ZthZsYNM.js                                 33.88 kB │ gzip:  12.80 kB
2026-10-04T18:52:41.2202668Z .repro-output/media-reviewed-subset/dist/assets/homework-Dt8uSywP.js                                 35.01 kB │ gzip:  10.65 kB
2026-10-04T18:52:41.2203239Z .repro-output/media-reviewed-subset/dist/assets/compatibility-f32bwKOb.js                            36.18 kB │ gzip:  13.00 kB
2026-10-04T18:52:41.2203801Z .repro-output/media-reviewed-subset/dist/assets/hanzi-C186eFG0.js                                    55.11 kB │ gzip:  18.43 kB
2026-10-04T18:52:41.2204368Z .repro-output/media-reviewed-subset/dist/assets/hsk2-lexicon-K822mAIa.js                             75.89 kB │ gzip:  10.34 kB
2026-10-04T18:52:41.2205080Z .repro-output/media-reviewed-subset/dist/assets/audio-segments-pilot-vPaBRnCF.js                    101.16 kB │ gzip:  11.25 kB
2026-10-04T18:52:41.2205662Z .repro-output/media-reviewed-subset/dist/assets/lesson-04-BpJ1_h4u.js                               110.80 kB │ gzip:  22.08 kB
2026-10-04T18:52:41.2206255Z .repro-output/media-reviewed-subset/dist/assets/audio-segments-hsk2-lessons02-03-DhnzM86H.js        112.98 kB │ gzip:  13.28 kB
2026-10-04T18:52:41.2206834Z .repro-output/media-reviewed-subset/dist/assets/lesson-01-Dvf3P_gy.js                               114.88 kB │ gzip:  23.67 kB
2026-10-04T18:52:41.2207394Z .repro-output/media-reviewed-subset/dist/assets/lesson-07-CEJ2il4t.js                               117.94 kB │ gzip:  21.63 kB
2026-10-04T18:52:41.2207956Z .repro-output/media-reviewed-subset/dist/assets/lesson-02-DA1x_4uz.js                               119.04 kB │ gzip:  24.02 kB
2026-10-04T18:52:41.2208500Z .repro-output/media-reviewed-subset/dist/assets/lesson-13-2AOJndFF.js                               122.94 kB │ gzip:  25.75 kB
2026-10-04T18:52:41.2209046Z .repro-output/media-reviewed-subset/dist/assets/lesson-08-C9cvqblF.js                               123.09 kB │ gzip:  24.50 kB
2026-10-04T18:52:41.2209698Z .repro-output/media-reviewed-subset/dist/assets/lesson-10-WlLxaHx3.js                               123.12 kB │ gzip:  24.46 kB
2026-10-04T18:52:41.2210358Z .repro-output/media-reviewed-subset/dist/assets/lesson-03-BAxkSQoP.js                               123.97 kB │ gzip:  25.02 kB
2026-10-04T18:52:41.2211014Z .repro-output/media-reviewed-subset/dist/assets/lesson-14-CP3E91w6.js                               127.71 kB │ gzip:  26.09 kB
2026-10-04T18:52:41.2211610Z .repro-output/media-reviewed-subset/dist/assets/lesson-11-6qDGNP_1.js                               128.58 kB │ gzip:  25.67 kB
2026-10-04T18:52:41.2212171Z .repro-output/media-reviewed-subset/dist/assets/lesson-05-Cc6sCwM9.js                               133.88 kB │ gzip:  26.78 kB
2026-10-04T18:52:41.2212718Z .repro-output/media-reviewed-subset/dist/assets/lesson-15-Bt9ELdZZ.js                               134.13 kB │ gzip:  27.80 kB
2026-10-04T18:52:41.2213278Z .repro-output/media-reviewed-subset/dist/assets/lesson-12-DvJGY4wP.js                               135.34 kB │ gzip:  27.60 kB
2026-10-04T18:52:41.2213841Z .repro-output/media-reviewed-subset/dist/assets/lesson-09-C28dsahb.js                               139.88 kB │ gzip:  28.10 kB
2026-10-04T18:52:41.2214489Z .repro-output/media-reviewed-subset/dist/assets/lesson-06-CwcguEyw.js                               142.11 kB │ gzip:  27.32 kB
2026-10-04T18:52:41.2215306Z .repro-output/media-reviewed-subset/dist/assets/lesson-01-zYhLI88r.js                               148.38 kB │ gzip:  31.37 kB
2026-10-04T18:52:41.2215847Z .repro-output/media-reviewed-subset/dist/assets/lesson-16-DRtr0ny_.js                               149.33 kB │ gzip:  32.47 kB
2026-10-04T18:52:41.2216402Z .repro-output/media-reviewed-subset/dist/assets/lesson-14-DzHhiC5r.js                               150.68 kB │ gzip:  30.87 kB
2026-10-04T18:52:41.2216944Z .repro-output/media-reviewed-subset/dist/assets/lesson-13-DdIe_4T7.js                               152.05 kB │ gzip:  31.93 kB
2026-10-04T18:52:41.2217672Z .repro-output/media-reviewed-subset/dist/assets/lesson-17-DbAfN_SL.js                               159.95 kB │ gzip:  32.78 kB
2026-10-04T18:52:41.2218334Z .repro-output/media-reviewed-subset/dist/assets/lesson-04-jhWwL0K8.js                               169.18 kB │ gzip:  32.55 kB
2026-10-04T18:52:41.2219000Z .repro-output/media-reviewed-subset/dist/assets/lesson-02-ipEgC2hZ.js                               169.52 kB │ gzip:  33.31 kB
2026-10-04T18:52:41.2219661Z .repro-output/media-reviewed-subset/dist/assets/lesson-08-DAXOkXiZ.js                               170.19 kB │ gzip:  34.64 kB
2026-10-04T18:52:41.2220229Z .repro-output/media-reviewed-subset/dist/assets/hsk3-lexicon-BbvKIHAe.js                            172.94 kB │ gzip:  20.72 kB
2026-10-04T18:52:41.2220796Z .repro-output/media-reviewed-subset/dist/assets/lesson-11-CKk1cQSV.js                               175.11 kB │ gzip:  34.06 kB
2026-10-04T18:52:41.2221353Z .repro-output/media-reviewed-subset/dist/assets/lesson-10-Di7Ok1Wn.js                               175.68 kB │ gzip:  34.34 kB
2026-10-04T18:52:41.2221903Z .repro-output/media-reviewed-subset/dist/assets/lesson-12-D2ecTnox.js                               181.15 kB │ gzip:  36.26 kB
2026-10-04T18:52:41.2222465Z .repro-output/media-reviewed-subset/dist/assets/lesson-09-C9D0LE8o.js                               182.52 kB │ gzip:  35.30 kB
2026-10-04T18:52:41.2223011Z .repro-output/media-reviewed-subset/dist/assets/lesson-05-MRwxRg8w.js                               183.89 kB │ gzip:  34.62 kB
2026-10-04T18:52:41.2223569Z .repro-output/media-reviewed-subset/dist/assets/lesson-15-DBteB5yM.js                               185.54 kB │ gzip:  36.84 kB
2026-10-04T18:52:41.2224116Z .repro-output/media-reviewed-subset/dist/assets/lesson-03-DZH3nHsV.js                               188.02 kB │ gzip:  35.75 kB
2026-10-04T18:52:41.2224817Z .repro-output/media-reviewed-subset/dist/assets/lesson-18-ABRHRLqY.js                               189.42 kB │ gzip:  37.63 kB
2026-10-04T18:52:41.2225387Z .repro-output/media-reviewed-subset/dist/assets/lesson-06-Cc4P3x8D.js                               192.91 kB │ gzip:  35.49 kB
2026-10-04T18:52:41.2225953Z .repro-output/media-reviewed-subset/dist/assets/lesson-07-Dq83Ixn2.js                               195.56 kB │ gzip:  36.16 kB
2026-10-04T18:52:41.2226510Z .repro-output/media-reviewed-subset/dist/assets/legacy-exercises-Bz3UuW2N.js                        326.82 kB │ gzip:  82.57 kB
2026-10-04T18:52:41.2227074Z .repro-output/media-reviewed-subset/dist/assets/index-DHIMbq_c.js                                   334.93 kB │ gzip:  81.97 kB
2026-10-04T18:52:41.2227637Z .repro-output/media-reviewed-subset/dist/assets/homework30-BVBKAbRf.js                              613.90 kB │ gzip: 135.38 kB
2026-10-04T18:52:41.2228205Z .repro-output/media-reviewed-subset/dist/assets/content-ChH95uYd.js                                 852.80 kB │ gzip: 144.56 kB
2026-10-04T18:52:41.2228455Z 
2026-10-04T18:52:41.2228564Z [32m✓ built in 2.97s[39m
2026-10-04T18:52:42.1435493Z 
2026-10-04T18:52:42.1435937Z Running 4 tests using 1 worker
2026-10-04T18:52:42.1436137Z 
2026-10-04T18:52:47.1948963Z   ✓  1 [webkit] › tests/unified/reviewed-sentence-subset.spec.ts:6:98 › guarded source-frame hsk2-fltrp-2026:l04:text2:line3 plays its exact original range and retains fallback (4.7s)
2026-10-04T18:52:51.3229517Z   ✓  2 [webkit] › tests/unified/reviewed-sentence-subset.spec.ts:6:98 › guarded source-frame hsk2-fltrp-2026:l05:text2:line8:sentence2 plays its exact original range and retains fallback (4.1s)
2026-10-04T18:52:51.7377408Z   ✓  3 [webkit] › tests/unified/reviewed-sentence-subset.spec.ts:17:1 › whole-track color retains its honest pending independent-word label (405ms)
2026-10-04T18:52:52.1947093Z   ✓  4 [webkit] › tests/unified/reviewed-sentence-subset.spec.ts:18:1 › failed new checksum leaves legacy accepted clips and new whole-track fallback available (447ms)
2026-10-04T18:52:52.2539654Z 
2026-10-04T18:52:52.2542476Z   4 passed (10.5s)
2026-10-04T18:52:52.2810230Z ##[group]Run npx playwright test --config=docs/resume-20261004/source-font-visual/playwright.source-font-visual.config.ts --project=webkit
2026-10-04T18:52:52.2810815Z [36;1mnpx playwright test --config=docs/resume-20261004/source-font-visual/playwright.source-font-visual.config.ts --project=webkit[0m
2026-10-04T18:52:52.2862982Z shell: /usr/bin/bash -e {0}
2026-10-04T18:52:52.2863138Z ##[endgroup]
2026-10-04T18:52:53.0788167Z 
2026-10-04T18:52:53.0788643Z Running 2 tests using 1 worker
2026-10-04T18:52:53.0788840Z 
2026-10-04T18:52:58.8338794Z   ✓  1 [webkit] › tests/unified/hsk1-source-font-visual.spec.ts:38:31 › HSK1 printed field pinyin and original empty table headers visual evidence at 320 (5.4s)
2026-10-04T18:53:04.3334963Z   ✓  2 [webkit] › tests/unified/hsk1-source-font-visual.spec.ts:38:31 › HSK1 printed field pinyin and original empty table headers visual evidence at 1440 (5.5s)
2026-10-04T18:53:04.3983430Z 
2026-10-04T18:53:04.3986109Z   2 passed (11.6s)
2026-10-04T18:53:04.4247173Z ##[group]Run actions/upload-artifact@v4
2026-10-04T18:53:04.4247336Z with:
2026-10-04T18:53:04.4247468Z   name: hsk-flow-package-package-webkit
2026-10-04T18:53:04.4247641Z   include-hidden-files: true
2026-10-04T18:53:04.4251156Z   path: course-app/.repro-output/flow-package-assembly.json
course-app/.repro-output/package-closure-browser.json
course-app/unified-site-flow-package/course-engine/unified-release-manifest.json
course-app/unified-site-flow-package/course-engine/assets/**/*.js
course-app/unified-site-flow-package/course-engine/assets/**/*.css
course-app/unified-site-flow-package/course-engine/assets/**/*.json
course-app/unified-site-flow-package/index.html
course-app/unified-site-flow-package/new-hsk1/index.html
course-app/unified-site-flow-package/new-hsk1/hsk1/index.html
course-app/unified-site-flow-package/new-hsk1/hsk1/lesson.html
course-app/unified-site-flow-package/new-hsk1/hsk1/learning.html
course-app/unified-site-flow-package/new-hsk1/hsk1/lesson9-pilot.html
course-app/unified-site-flow-package/new-hsk2/index.html
course-app/unified-site-flow-package/new-hsk2/hsk2/index.html
course-app/unified-site-flow-package/new-hsk3/index.html
course-app/unified-site-flow-package/new-hsk3/hsk3/index.html
course-app/.repro-output/media-reviewed-subset/browser-results.json
course-app/.repro-output/media-reviewed-subset/browser-artifacts/
course-app/test-results-package-closure/**/*.md
course-app/docs/resume-20261004/source-font-visual/native-results.json
course-app/docs/resume-20261004/source-font-visual/native-output/
hsk1-app/test-results/**/*.png
hsk1-app/.repro-output/mixed-preview/**/*.png
course-app/docs/resume-20261004/flow-compat-review/native-flow-results.json
course-app/docs/resume-20261004/flow-compat-review/hsk1-retained-results.json
course-app/docs/resume-20261004/flow-compat-review/hsk1-retained-ci-results.json
course-app/docs/resume-20261004/flow-compat-review/hsk1-fresh-backup-ci-results.json
course-app/docs/resume-20261004/flow-compat-review/legacy-native-results.json
course-app/docs/resume-20261004/flow-compat-review/**/*.png
course-app/docs/resume-20261004/flow-compat-review/**/error-context.md

2026-10-04T18:53:04.4254972Z   if-no-files-found: warn
2026-10-04T18:53:04.4255100Z   compression-level: 6
2026-10-04T18:53:04.4255217Z   overwrite: false
2026-10-04T18:53:04.4255325Z ##[endgroup]
2026-10-04T18:53:04.5371361Z (node:7527) [DEP0040] DeprecationWarning: The `punycode` module is deprecated. Please use a userland alternative instead.
2026-10-04T18:53:04.5371844Z (Use `node --trace-deprecation ...` to show where the warning was created)
2026-10-04T18:53:04.5969558Z Multiple search paths detected. Calculating the least common ancestor of all paths
2026-10-04T18:53:04.5990221Z The least common ancestor is /home/runner/work/hsk-hub/hsk-hub. This will be the root directory of the artifact
2026-10-04T18:53:04.5990957Z With the provided path, there will be 194 files uploaded
2026-10-04T18:53:04.5991668Z Artifact name is valid!
2026-10-04T18:53:04.5992096Z Root directory input is valid!
2026-10-04T18:53:04.8969097Z Beginning upload of artifact content to blob storage
2026-10-04T18:53:05.1995628Z (node:7527) [DEP0169] DeprecationWarning: `url.parse()` behavior is not standardized and prone to errors that have security implications. Use the WHATWG URL API instead. CVEs are not issued for `url.parse()` vulnerabilities.
2026-10-04T18:53:05.6305533Z Uploaded bytes 7110716
2026-10-04T18:53:05.6687639Z Finished uploading artifact content to blob storage!
2026-10-04T18:53:05.6688367Z SHA256 digest of uploaded artifact zip is c3fd3ce822335063e02a5a84693c95b12cece03bb15cc837dc8b36d593784200
2026-10-04T18:53:05.6689020Z Finalizing artifact upload
2026-10-04T18:53:05.9154214Z Artifact hsk-flow-package-package-webkit.zip successfully finalized. Artifact ID 11311798066
2026-10-04T18:53:05.9154962Z Artifact hsk-flow-package-package-webkit has been successfully uploaded! Final size is 7110716 bytes. Artifact ID is 11311798066
2026-10-04T18:53:05.9159614Z Artifact download URL: https://github.com/nhiennhientran/hsk-hub/actions/runs/37226015769/artifacts/11311798066
2026-10-04T18:53:05.9304374Z Post job cleanup.
2026-10-04T18:53:06.0042433Z (node:7540) [DEP0040] DeprecationWarning: The `punycode` module is deprecated. Please use a userland alternative instead.
2026-10-04T18:53:06.0042933Z (Use `node --trace-deprecation ...` to show where the warning was created)
2026-10-04T18:53:06.0181125Z Post job cleanup.
2026-10-04T18:53:06.0730448Z [command]/usr/bin/git version
2026-10-04T18:53:06.0761085Z git version 2.55.0
2026-10-04T18:53:06.0784236Z Temporarily overriding HOME='/home/runner/work/_temp/6a542599-8591-4354-bdd6-977bf3164ccb' before making global git config changes
2026-10-04T18:53:06.0785173Z Adding repository directory to the temporary git global config as a safe directory
2026-10-04T18:53:06.0786733Z [command]/usr/bin/git config --global --add safe.directory /home/runner/work/hsk-hub/hsk-hub
2026-10-04T18:53:06.0816953Z [command]/usr/bin/git config --local --name-only --get-regexp core\.sshCommand
2026-10-04T18:53:06.0842833Z [command]/usr/bin/git submodule foreach --recursive sh -c "git config --local --name-only --get-regexp 'core\.sshCommand' && git config --local --unset-all 'core.sshCommand' || :"
2026-10-04T18:53:06.1038345Z [command]/usr/bin/git config --local --name-only --get-regexp http\.https\:\/\/github\.com\/\.extraheader
2026-10-04T18:53:06.1060633Z http.https://github.com/.extraheader
2026-10-04T18:53:06.1071959Z [command]/usr/bin/git config --local --unset-all http.https://github.com/.extraheader
2026-10-04T18:53:06.1109718Z [command]/usr/bin/git submodule foreach --recursive sh -c "git config --local --name-only --get-regexp 'http\.https\:\/\/github\.com\/\.extraheader' && git config --local --unset-all 'http.https://github.com/.extraheader' || :"
2026-10-04T18:53:06.1336703Z [command]/usr/bin/git config --local --name-only --get-regexp ^includeIf\.gitdir:
2026-10-04T18:53:06.1375458Z [command]/usr/bin/git submodule foreach --recursive git config --local --show-origin --name-only --get-regexp remote.origin.url
2026-10-04T18:53:06.1735185Z Cleaning up orphan processes
2026-10-04T18:53:06.1967537Z ##[warning]Node.js 20 is deprecated. The following actions target Node.js 20 but are being forced to run on Node.js 24: actions/checkout@v4, actions/setup-node@v4, actions/upload-artifact@v4. For more information see: https://github.blog/changelog/2025-09-19-deprecation-of-node-20-on-github-actions-runners/

